period_type,period_start,period_end,week_start,series,booking_activity_label,skill_level_id,primary_product_id,eligible_product_ids,source_tariff_ids,variant_day_counts,teaching_dates,schedule_time_blocks,capacity_max,instructor_id,lunch_included,status,source_snapshot_sha256
weekday,2026-12-01,2026-12-04,2026-11-30,,Ski Blauer König/Königin,ski_blauer_koenig,1200f016-a50f-5ecc-8a05-48dc4ea9931e,cba3c8b6-200d-55d5-96d3-460fdf57f287|1200f016-a50f-5ecc-8a05-48dc4ea9931e,5253|5258|5267|5278|5284|5294,"{""1200f016-a50f-5ecc-8a05-48dc4ea9931e"": [1, 2, 3, 4, 5], ""cba3c8b6-200d-55d5-96d3-460fdf57f287"": [1]}",2026-12-01|2026-12-02|2026-12-03|2026-12-04,10:00-12:00|14:00-16:00,13,,false,PREPARED_NOT_ACTIVE,b5db33ab54a9c9565edd6541461a3b982afc4a5f78ded6bbd833e99ee3f14d67
weekday,2026-12-01,2026-12-04,2026-11-30,,Ski Blauer Prinz/Prinzessin,ski_blauer_prinz,1200f016-a50f-5ecc-8a05-48dc4ea9931e,cba3c8b6-200d-55d5-96d3-460fdf57f287|1200f016-a50f-5ecc-8a05-48dc4ea9931e,5253|5258|5267|5278|5284|5294,"{""1200f016-a50f-5ecc-8a05-48dc4ea9931e"": [1, 2, 3, 4, 5], ""cba3c8b6-200d-55d5-96d3-460fdf57f287"": [1]}",2026-12-01|2026-12-02|2026-12-03|2026-12-04,10:00-12:00|14:00-16:00,13,,false,PREPARED_NOT_ACTIVE,b5db33ab54a9c9565edd6541461a3b982afc4a5f78ded6bbd833e99ee3f14d67
weekday,2026-12-01,2026-12-04,2026-11-30,,Ski Blauer Star,ski_blauer_star,1200f016-a50f-5ecc-8a05-48dc4ea9931e,cba3c8b6-200d-55d5-96d3-460fdf57f287|1200f016-a50f-5ecc-8a05-48dc4ea9931e,5253|5258|5267|5278|5284|5294,"{""1200f016-a50f-5ecc-8a05-48dc4ea9931e"": [1, 2, 3, 4, 5], ""cba3c8b6-200d-55d5-96d3-460fdf57f287"": [1]}",2026-12-01|2026-12-02|2026-12-03|2026-12-04,10:00-12:00|14:00-16:00,13,,false,PREPARED_NOT_ACTIVE,b5db33ab54a9c9565edd6541461a3b982afc4a5f78ded6bbd833e99ee3f14d67
weekday,2026-12-01,2026-12-04,2026-11-30,,Ski Erwachsene Anfänger,ski_adult_green,c01d4420-a932-5560-8eb0-155c10a44b10,0e172a99-d3ee-50b2-94d4-48e135e5ee0d|c01d4420-a932-5560-8eb0-155c10a44b10,5247|5259|5269|5277|5287|5296,"{""0e172a99-d3ee-50b2-94d4-48e135e5ee0d"": [1], ""c01d4420-a932-5560-8eb0-155c10a44b10"": [1, 2, 3, 4, 5]}",2026-12-01|2026-12-02|2026-12-03|2026-12-04,10:00-12:00|14:00-16:00,13,,false,PREPARED_NOT_ACTIVE,b5db33ab54a9c9565edd6541461a3b982afc4a5f78ded6bbd833e99ee3f14d67
weekday,2026-12-01,2026-12-04,2026-11-30,,Ski Erwachsene Fortgeschritten,ski_adult_blue,c01d4420-a932-5560-8eb0-155c10a44b10,0e172a99-d3ee-50b2-94d4-48e135e5ee0d|c01d4420-a932-5560-8eb0-155c10a44b10,5247|5259|5269|5277|5287|5296,"{""0e172a99-d3ee-50b2-94d4-48e135e5ee0d"": [1], ""c01d4420-a932-5560-8eb0-155c10a44b10"": [1, 2, 3, 4, 5]}",2026-12-01|2026-12-02|2026-12-03|2026-12-04,10:00-12:00|14:00-16:00,13,,false,PREPARED_NOT_ACTIVE,b5db33ab54a9c9565edd6541461a3b982afc4a5f78ded6bbd833e99ee3f14d67
weekday,2026-12-01,2026-12-04,2026-11-30,,Ski Erwachsene Wiedereinsteiger,NEW:ski_adult_returners,53761b30-5b0b-504e-9a9b-83f7618f6620,53761b30-5b0b-504e-9a9b-83f7618f6620,5255,"{""53761b30-5b0b-504e-9a9b-83f7618f6620"": [1]}",2026-12-01|2026-12-02|2026-12-03|2026-12-04,10:00-12:00,13,,false,PREPARED_NOT_ACTIVE,b5db33ab54a9c9565edd6541461a3b982afc4a5f78ded6bbd833e99ee3f14d67
weekday,2026-12-01,2026-12-04,2026-11-30,,Ski Kinder Fortgeschritten,NEW:ski_kids_advanced,1200f016-a50f-5ecc-8a05-48dc4ea9931e,1200f016-a50f-5ecc-8a05-48dc4ea9931e,5278,"{""1200f016-a50f-5ecc-8a05-48dc4ea9931e"": [3]}",2026-12-01|2026-12-02|2026-12-03|2026-12-04,10:00-12:00|14:00-16:00,13,,false,PREPARED_NOT_ACTIVE,b5db33ab54a9c9565edd6541461a3b982afc4a5f78ded6bbd833e99ee3f14d67
weekday,2026-12-01,2026-12-04,2026-11-30,,Ski Roter König/Königin,ski_roter_koenig,1200f016-a50f-5ecc-8a05-48dc4ea9931e,cba3c8b6-200d-55d5-96d3-460fdf57f287|1200f016-a50f-5ecc-8a05-48dc4ea9931e,5253|5258|5267|5278|5284|5294,"{""1200f016-a50f-5ecc-8a05-48dc4ea9931e"": [1, 2, 3, 4, 5], ""cba3c8b6-200d-55d5-96d3-460fdf57f287"": [1]}",2026-12-01|2026-12-02|2026-12-03|2026-12-04,10:00-12:00|14:00-16:00,13,,false,PREPARED_NOT_ACTIVE,b5db33ab54a9c9565edd6541461a3b982afc4a5f78ded6bbd833e99ee3f14d67
weekday,2026-12-01,2026-12-04,2026-11-30,,Ski Roter Prinz/Prinzessin,ski_roter_prinz,1200f016-a50f-5ecc-8a05-48dc4ea9931e,cba3c8b6-200d-55d5-96d3-460fdf57f287|1200f016-a50f-5ecc-8a05-48dc4ea9931e,5253|5258|5267|5278|5284|5294,"{""1200f016-a50f-5ecc-8a05-48dc4ea9931e"": [1, 2, 3, 4, 5], ""cba3c8b6-200d-55d5-96d3-460fdf57f287"": [1]}",2026-12-01|2026-12-02|2026-12-03|2026-12-04,10:00-12:00|14:00-16:00,13,,false,PREPARED_NOT_ACTIVE,b5db33ab54a9c9565edd6541461a3b982afc4a5f78ded6bbd833e99ee3f14d67
weekday,2026-12-01,2026-12-04,2026-11-30,,Ski Roter Star,ski_roter_star,1200f016-a50f-5ecc-8a05-48dc4ea9931e,cba3c8b6-200d-55d5-96d3-460fdf57f287|1200f016-a50f-5ecc-8a05-48dc4ea9931e,5253|5258|5267|5278|5284|5294,"{""1200f016-a50f-5ecc-8a05-48dc4ea9931e"": [1, 2, 3, 4, 5], ""cba3c8b6-200d-55d5-96d3-460fdf57f287"": [1]}",2026-12-01|2026-12-02|2026-12-03|2026-12-04,10:00-12:00|14:00-16:00,13,,false,PREPARED_NOT_ACTIVE,b5db33ab54a9c9565edd6541461a3b982afc4a5f78ded6bbd833e99ee3f14d67
weekday,2026-12-01,2026-12-04,2026-11-30,,Ski Schwarzer König/Königin,NEW:ski_schwarzer_koenig,1200f016-a50f-5ecc-8a05-48dc4ea9931e,1200f016-a50f-5ecc-8a05-48dc4ea9931e,5278,"{""1200f016-a50f-5ecc-8a05-48dc4ea9931e"": [3]}",2026-12-01|2026-12-02|2026-12-03|2026-12-04,10:00-12:00|14:00-16:00,13,,false,PREPARED_NOT_ACTIVE,b5db33ab54a9c9565edd6541461a3b982afc4a5f78ded6bbd833e99ee3f14d67
weekday,2026-12-01,2026-12-04,2026-11-30,,Ski Schwarzer Prinz/Prinzessin,ski_schwarzer_prinz,1200f016-a50f-5ecc-8a05-48dc4ea9931e,cba3c8b6-200d-55d5-96d3-460fdf57f287|1200f016-a50f-5ecc-8a05-48dc4ea9931e,5253|5258|5267|5278|5284|5294,"{""1200f016-a50f-5ecc-8a05-48dc4ea9931e"": [1, 2, 3, 4, 5], ""cba3c8b6-200d-55d5-96d3-460fdf57f287"": [1]}",2026-12-01|2026-12-02|2026-12-03|2026-12-04,10:00-12:00|14:00-16:00,13,,false,PREPARED_NOT_ACTIVE,b5db33ab54a9c9565edd6541461a3b982afc4a5f78ded6bbd833e99ee3f14d67
weekday,2026-12-01,2026-12-04,2026-11-30,,Ski Swiss Snow Academy,ski_academy,1200f016-a50f-5ecc-8a05-48dc4ea9931e,cba3c8b6-200d-55d5-96d3-460fdf57f287|1200f016-a50f-5ecc-8a05-48dc4ea9931e,5253|5258|5267|5278|5284|5294,"{""1200f016-a50f-5ecc-8a05-48dc4ea9931e"": [1, 2, 3, 4, 5], ""cba3c8b6-200d-55d5-96d3-460fdf57f287"": [1]}",2026-12-01|2026-12-02|2026-12-03|2026-12-04,10:00-12:00|14:00-16:00,13,,false,PREPARED_NOT_ACTIVE,b5db33ab54a9c9565edd6541461a3b982afc4a5f78ded6bbd833e99ee3f14d67
weekday,2026-12-01,2026-12-04,2026-11-30,,Ski Swiss Snow Kids Village,ski_snow_kids,1200f016-a50f-5ecc-8a05-48dc4ea9931e,cba3c8b6-200d-55d5-96d3-460fdf57f287|6edc13ea-63a2-5d4c-b22e-54f43370e800|1200f016-a50f-5ecc-8a05-48dc4ea9931e,5253|5258|5267|5278|5284|5288|5294,"{""1200f016-a50f-5ecc-8a05-48dc4ea9931e"": [1, 2, 3, 4, 5], ""6edc13ea-63a2-5d4c-b22e-54f43370e800"": [5], ""cba3c8b6-200d-55d5-96d3-460fdf57f287"": [1]}",2026-12-01|2026-12-02|2026-12-03|2026-12-04,10:00-12:00|14:00-16:00,8,,false,PREPARED_NOT_ACTIVE,b5db33ab54a9c9565edd6541461a3b982afc4a5f78ded6bbd833e99ee3f14d67
weekday,2026-12-01,2026-12-04,2026-11-30,,Ski Windel-Wedelkurs,ski_windel_wedel,6edc13ea-63a2-5d4c-b22e-54f43370e800,6edc13ea-63a2-5d4c-b22e-54f43370e800,5254|5263|5273|5281|5288,"{""6edc13ea-63a2-5d4c-b22e-54f43370e800"": [1, 2, 3, 4, 5]}",2026-12-01|2026-12-02|2026-12-03|2026-12-04,10:00-12:00,8,,false,PREPARED_NOT_ACTIVE,b5db33ab54a9c9565edd6541461a3b982afc4a5f78ded6bbd833e99ee3f14d67
weekday,2026-12-01,2026-12-04,2026-11-30,,Snowboard Anfänger,REVIEW:sb_adult_green,ab4e4941-02fe-58b7-9ec8-d9b773a1d870,ab4e4941-02fe-58b7-9ec8-d9b773a1d870,5249|5262|5271|5279|5290,"{""ab4e4941-02fe-58b7-9ec8-d9b773a1d870"": [1, 2, 3, 4, 5]}",2026-12-01|2026-12-02|2026-12-03|2026-12-04,10:00-12:00,10,,false,PREPARED_NOT_ACTIVE,b5db33ab54a9c9565edd6541461a3b982afc4a5f78ded6bbd833e99ee3f14d67
weekday,2026-12-01,2026-12-04,2026-11-30,,Snowboard Fortgeschritten,REVIEW:sb_adult_blue,ab4e4941-02fe-58b7-9ec8-d9b773a1d870,ab4e4941-02fe-58b7-9ec8-d9b773a1d870,5249|5262|5271|5279|5290,"{""ab4e4941-02fe-58b7-9ec8-d9b773a1d870"": [1, 2, 3, 4, 5]}",2026-12-01|2026-12-02|2026-12-03|2026-12-04,10:00-12:00,10,,false,PREPARED_NOT_ACTIVE,b5db33ab54a9c9565edd6541461a3b982afc4a5f78ded6bbd833e99ee3f14d67
weekday,2026-12-07,2026-12-11,2026-12-07,,Ski Blauer König/Königin,ski_blauer_koenig,1200f016-a50f-5ecc-8a05-48dc4ea9931e,cba3c8b6-200d-55d5-96d3-460fdf57f287|1200f016-a50f-5ecc-8a05-48dc4ea9931e,5253|5258|5267|5278|5284|5294,"{""1200f016-a50f-5ecc-8a05-48dc4ea9931e"": [1, 2, 3, 4, 5], ""cba3c8b6-200d-55d5-96d3-460fdf57f287"": [1]}",2026-12-07|2026-12-08|2026-12-09|2026-12-10|2026-12-11,10:00-12:00|14:00-16:00,13,,false,PREPARED_NOT_ACTIVE,b5db33ab54a9c9565edd6541461a3b982afc4a5f78ded6bbd833e99ee3f14d67
weekday,2026-12-07,2026-12-11,2026-12-07,,Ski Blauer Prinz/Prinzessin,ski_blauer_prinz,1200f016-a50f-5ecc-8a05-48dc4ea9931e,cba3c8b6-200d-55d5-96d3-460fdf57f287|1200f016-a50f-5ecc-8a05-48dc4ea9931e,5253|5258|5267|5278|5284|5294,"{""1200f016-a50f-5ecc-8a05-48dc4ea9931e"": [1, 2, 3, 4, 5], ""cba3c8b6-200d-55d5-96d3-460fdf57f287"": [1]}",2026-12-07|2026-12-08|2026-12-09|2026-12-10|2026-12-11,10:00-12:00|14:00-16:00,13,,false,PREPARED_NOT_ACTIVE,b5db33ab54a9c9565edd6541461a3b982afc4a5f78ded6bbd833e99ee3f14d67
weekday,2026-12-07,2026-12-11,2026-12-07,,Ski Blauer Star,ski_blauer_star,1200f016-a50f-5ecc-8a05-48dc4ea9931e,cba3c8b6-200d-55d5-96d3-460fdf57f287|1200f016-a50f-5ecc-8a05-48dc4ea9931e,5253|5258|5267|5278|5284|5294,"{""1200f016-a50f-5ecc-8a05-48dc4ea9931e"": [1, 2, 3, 4, 5], ""cba3c8b6-200d-55d5-96d3-460fdf57f287"": [1]}",2026-12-07|2026-12-08|2026-12-09|2026-12-10|2026-12-11,10:00-12:00|14:00-16:00,13,,false,PREPARED_NOT_ACTIVE,b5db33ab54a9c9565edd6541461a3b982afc4a5f78ded6bbd833e99ee3f14d67
weekday,2026-12-07,2026-12-11,2026-12-07,,Ski Erwachsene Anfänger,ski_adult_green,c01d4420-a932-5560-8eb0-155c10a44b10,0e172a99-d3ee-50b2-94d4-48e135e5ee0d|c01d4420-a932-5560-8eb0-155c10a44b10,5247|5259|5269|5277|5287|5296,"{""0e172a99-d3ee-50b2-94d4-48e135e5ee0d"": [1], ""c01d4420-a932-5560-8eb0-155c10a44b10"": [1, 2, 3, 4, 5]}",2026-12-07|2026-12-08|2026-12-09|2026-12-10|2026-12-11,10:00-12:00|14:00-16:00,13,,false,PREPARED_NOT_ACTIVE,b5db33ab54a9c9565edd6541461a3b982afc4a5f78ded6bbd833e99ee3f14d67
weekday,2026-12-07,2026-12-11,2026-12-07,,Ski Erwachsene Fortgeschritten,ski_adult_blue,c01d4420-a932-5560-8eb0-155c10a44b10,0e172a99-d3ee-50b2-94d4-48e135e5ee0d|c01d4420-a932-5560-8eb0-155c10a44b10,5247|5259|5269|5277|5287|5296,"{""0e172a99-d3ee-50b2-94d4-48e135e5ee0d"": [1], ""c01d4420-a932-5560-8eb0-155c10a44b10"": [1, 2, 3, 4, 5]}",2026-12-07|2026-12-08|2026-12-09|2026-12-10|2026-12-11,10:00-12:00|14:00-16:00,13,,false,PREPARED_NOT_ACTIVE,b5db33ab54a9c9565edd6541461a3b982afc4a5f78ded6bbd833e99ee3f14d67
weekday,2026-12-07,2026-12-11,2026-12-07,,Ski Erwachsene Wiedereinsteiger,NEW:ski_adult_returners,53761b30-5b0b-504e-9a9b-83f7618f6620,53761b30-5b0b-504e-9a9b-83f7618f6620,5255,"{""53761b30-5b0b-504e-9a9b-83f7618f6620"": [1]}",2026-12-07|2026-12-08|2026-12-09|2026-12-10|2026-12-11,10:00-12:00,13,,false,PREPARED_NOT_ACTIVE,b5db33ab54a9c9565edd6541461a3b982afc4a5f78ded6bbd833e99ee3f14d67
weekday,2026-12-07,2026-12-11,2026-12-07,,Ski Kinder Fortgeschritten,NEW:ski_kids_advanced,1200f016-a50f-5ecc-8a05-48dc4ea9931e,1200f016-a50f-5ecc-8a05-48dc4ea9931e,5278,"{""1200f016-a50f-5ecc-8a05-48dc4ea9931e"": [3]}",2026-12-07|2026-12-08|2026-12-09|2026-12-10|2026-12-11,10:00-12:00|14:00-16:00,13,,false,PREPARED_NOT_ACTIVE,b5db33ab54a9c9565edd6541461a3b982afc4a5f78ded6bbd833e99ee3f14d67
weekday,2026-12-07,2026-12-11,2026-12-07,,Ski Roter König/Königin,ski_roter_koenig,1200f016-a50f-5ecc-8a05-48dc4ea9931e,cba3c8b6-200d-55d5-96d3-460fdf57f287|1200f016-a50f-5ecc-8a05-48dc4ea9931e,5253|5258|5267|5278|5284|5294,"{""1200f016-a50f-5ecc-8a05-48dc4ea9931e"": [1, 2, 3, 4, 5], ""cba3c8b6-200d-55d5-96d3-460fdf57f287"": [1]}",2026-12-07|2026-12-08|2026-12-09|2026-12-10|2026-12-11,10:00-12:00|14:00-16:00,13,,false,PREPARED_NOT_ACTIVE,b5db33ab54a9c9565edd6541461a3b982afc4a5f78ded6bbd833e99ee3f14d67
weekday,2026-12-07,2026-12-11,2026-12-07,,Ski Roter Prinz/Prinzessin,ski_roter_prinz,1200f016-a50f-5ecc-8a05-48dc4ea9931e,cba3c8b6-200d-55d5-96d3-460fdf57f287|1200f016-a50f-5ecc-8a05-48dc4ea9931e,5253|5258|5267|5278|5284|5294,"{""1200f016-a50f-5ecc-8a05-48dc4ea9931e"": [1, 2, 3, 4, 5], ""cba3c8b6-200d-55d5-96d3-460fdf57f287"": [1]}",2026-12-07|2026-12-08|2026-12-09|2026-12-10|2026-12-11,10:00-12:00|14:00-16:00,13,,false,PREPARED_NOT_ACTIVE,b5db33ab54a9c9565edd6541461a3b982afc4a5f78ded6bbd833e99ee3f14d67
weekday,2026-12-07,2026-12-11,2026-12-07,,Ski Roter Star,ski_roter_star,1200f016-a50f-5ecc-8a05-48dc4ea9931e,cba3c8b6-200d-55d5-96d3-460fdf57f287|1200f016-a50f-5ecc-8a05-48dc4ea9931e,5253|5258|5267|5278|5284|5294,"{""1200f016-a50f-5ecc-8a05-48dc4ea9931e"": [1, 2, 3, 4, 5], ""cba3c8b6-200d-55d5-96d3-460fdf57f287"": [1]}",2026-12-07|2026-12-08|2026-12-09|2026-12-10|2026-12-11,10:00-12:00|14:00-16:00,13,,false,PREPARED_NOT_ACTIVE,b5db33ab54a9c9565edd6541461a3b982afc4a5f78ded6bbd833e99ee3f14d67
weekday,2026-12-07,2026-12-11,2026-12-07,,Ski Schwarzer König/Königin,NEW:ski_schwarzer_koenig,1200f016-a50f-5ecc-8a05-48dc4ea9931e,1200f016-a50f-5ecc-8a05-48dc4ea9931e,5278,"{""1200f016-a50f-5ecc-8a05-48dc4ea9931e"": [3]}",2026-12-07|2026-12-08|2026-12-09|2026-12-10|2026-12-11,10:00-12:00|14:00-16:00,13,,false,PREPARED_NOT_ACTIVE,b5db33ab54a9c9565edd6541461a3b982afc4a5f78ded6bbd833e99ee3f14d67
weekday,2026-12-07,2026-12-11,2026-12-07,,Ski Schwarzer Prinz/Prinzessin,ski_schwarzer_prinz,1200f016-a50f-5ecc-8a05-48dc4ea9931e,cba3c8b6-200d-55d5-96d3-460fdf57f287|1200f016-a50f-5ecc-8a05-48dc4ea9931e,5253|5258|5267|5278|5284|5294,"{""1200f016-a50f-5ecc-8a05-48dc4ea9931e"": [1, 2, 3, 4, 5], ""cba3c8b6-200d-55d5-96d3-460fdf57f287"": [1]}",2026-12-07|2026-12-08|2026-12-09|2026-12-10|2026-12-11,10:00-12:00|14:00-16:00,13,,false,PREPARED_NOT_ACTIVE,b5db33ab54a9c9565edd6541461a3b982afc4a5f78ded6bbd833e99ee3f14d67
weekday,2026-12-07,2026-12-11,2026-12-07,,Ski Swiss Snow Academy,ski_academy,1200f016-a50f-5ecc-8a05-48dc4ea9931e,cba3c8b6-200d-55d5-96d3-460fdf57f287|1200f016-a50f-5ecc-8a05-48dc4ea9931e,5253|5258|5267|5278|5284|5294,"{""1200f016-a50f-5ecc-8a05-48dc4ea9931e"": [1, 2, 3, 4, 5], ""cba3c8b6-200d-55d5-96d3-460fdf57f287"": [1]}",2026-12-07|2026-12-08|2026-12-09|2026-12-10|2026-12-11,10:00-12:00|14:00-16:00,13,,false,PREPARED_NOT_ACTIVE,b5db33ab54a9c9565edd6541461a3b982afc4a5f78ded6bbd833e99ee3f14d67
weekday,2026-12-07,2026-12-11,2026-12-07,,Ski Swiss Snow Kids Village,ski_snow_kids,1200f016-a50f-5ecc-8a05-48dc4ea9931e,cba3c8b6-200d-55d5-96d3-460fdf57f287|6edc13ea-63a2-5d4c-b22e-54f43370e800|1200f016-a50f-5ecc-8a05-48dc4ea9931e,5253|5258|5267|5278|5284|5288|5294,"{""1200f016-a50f-5ecc-8a05-48dc4ea9931e"": [1, 2, 3, 4, 5], ""6edc13ea-63a2-5d4c-b22e-54f43370e800"": [5], ""cba3c8b6-200d-55d5-96d3-460fdf57f287"": [1]}",2026-12-07|2026-12-08|2026-12-09|2026-12-10|2026-12-11,10:00-12:00|14:00-16:00,8,,false,PREPARED_NOT_ACTIVE,b5db33ab54a9c9565edd6541461a3b982afc4a5f78ded6bbd833e99ee3f14d67
weekday,2026-12-07,2026-12-11,2026-12-07,,Ski Windel-Wedelkurs,ski_windel_wedel,6edc13ea-63a2-5d4c-b22e-54f43370e800,6edc13ea-63a2-5d4c-b22e-54f43370e800,5254|5263|5273|5281|5288,"{""6edc13ea-63a2-5d4c-b22e-54f43370e800"": [1, 2, 3, 4, 5]}",2026-12-07|2026-12-08|2026-12-09|2026-12-10|2026-12-11,10:00-12:00,8,,false,PREPARED_NOT_ACTIVE,b5db33ab54a9c9565edd6541461a3b982afc4a5f78ded6bbd833e99ee3f14d67
weekday,2026-12-07,2026-12-11,2026-12-07,,Snowboard Anfänger,REVIEW:sb_adult_green,ab4e4941-02fe-58b7-9ec8-d9b773a1d870,ab4e4941-02fe-58b7-9ec8-d9b773a1d870,5249|5262|5271|5279|5290,"{""ab4e4941-02fe-58b7-9ec8-d9b773a1d870"": [1, 2, 3, 4, 5]}",2026-12-07|2026-12-08|2026-12-09|2026-12-10|2026-12-11,10:00-12:00,10,,false,PREPARED_NOT_ACTIVE,b5db33ab54a9c9565edd6541461a3b982afc4a5f78ded6bbd833e99ee3f14d67
weekday,2026-12-07,2026-12-11,2026-12-07,,Snowboard Fortgeschritten,REVIEW:sb_adult_blue,ab4e4941-02fe-58b7-9ec8-d9b773a1d870,ab4e4941-02fe-58b7-9ec8-d9b773a1d870,5249|5262|5271|5279|5290,"{""ab4e4941-02fe-58b7-9ec8-d9b773a1d870"": [1, 2, 3, 4, 5]}",2026-12-07|2026-12-08|2026-12-09|2026-12-10|2026-12-11,10:00-12:00,10,,false,PREPARED_NOT_ACTIVE,b5db33ab54a9c9565edd6541461a3b982afc4a5f78ded6bbd833e99ee3f14d67
weekday,2026-12-14,2026-12-18,2026-12-14,,Ski Blauer König/Königin,ski_blauer_koenig,1200f016-a50f-5ecc-8a05-48dc4ea9931e,cba3c8b6-200d-55d5-96d3-460fdf57f287|1200f016-a50f-5ecc-8a05-48dc4ea9931e,5253|5258|5267|5278|5284|5294,"{""1200f016-a50f-5ecc-8a05-48dc4ea9931e"": [1, 2, 3, 4, 5], ""cba3c8b6-200d-55d5-96d3-460fdf57f287"": [1]}",2026-12-14|2026-12-15|2026-12-16|2026-12-17|2026-12-18,10:00-12:00|14:00-16:00,13,,false,PREPARED_NOT_ACTIVE,b5db33ab54a9c9565edd6541461a3b982afc4a5f78ded6bbd833e99ee3f14d67
weekday,2026-12-14,2026-12-18,2026-12-14,,Ski Blauer Prinz/Prinzessin,ski_blauer_prinz,1200f016-a50f-5ecc-8a05-48dc4ea9931e,cba3c8b6-200d-55d5-96d3-460fdf57f287|1200f016-a50f-5ecc-8a05-48dc4ea9931e,5253|5258|5267|5278|5284|5294,"{""1200f016-a50f-5ecc-8a05-48dc4ea9931e"": [1, 2, 3, 4, 5], ""cba3c8b6-200d-55d5-96d3-460fdf57f287"": [1]}",2026-12-14|2026-12-15|2026-12-16|2026-12-17|2026-12-18,10:00-12:00|14:00-16:00,13,,false,PREPARED_NOT_ACTIVE,b5db33ab54a9c9565edd6541461a3b982afc4a5f78ded6bbd833e99ee3f14d67
weekday,2026-12-14,2026-12-18,2026-12-14,,Ski Blauer Star,ski_blauer_star,1200f016-a50f-5ecc-8a05-48dc4ea9931e,cba3c8b6-200d-55d5-96d3-460fdf57f287|1200f016-a50f-5ecc-8a05-48dc4ea9931e,5253|5258|5267|5278|5284|5294,"{""1200f016-a50f-5ecc-8a05-48dc4ea9931e"": [1, 2, 3, 4, 5], ""cba3c8b6-200d-55d5-96d3-460fdf57f287"": [1]}",2026-12-14|2026-12-15|2026-12-16|2026-12-17|2026-12-18,10:00-12:00|14:00-16:00,13,,false,PREPARED_NOT_ACTIVE,b5db33ab54a9c9565edd6541461a3b982afc4a5f78ded6bbd833e99ee3f14d67
weekday,2026-12-14,2026-12-18,2026-12-14,,Ski Erwachsene Anfänger,ski_adult_green,c01d4420-a932-5560-8eb0-155c10a44b10,0e172a99-d3ee-50b2-94d4-48e135e5ee0d|c01d4420-a932-5560-8eb0-155c10a44b10,5247|5259|5269|5277|5287|5296,"{""0e172a99-d3ee-50b2-94d4-48e135e5ee0d"": [1], ""c01d4420-a932-5560-8eb0-155c10a44b10"": [1, 2, 3, 4, 5]}",2026-12-14|2026-12-15|2026-12-16|2026-12-17|2026-12-18,10:00-12:00|14:00-16:00,13,,false,PREPARED_NOT_ACTIVE,b5db33ab54a9c9565edd6541461a3b982afc4a5f78ded6bbd833e99ee3f14d67
weekday,2026-12-14,2026-12-18,2026-12-14,,Ski Erwachsene Fortgeschritten,ski_adult_blue,c01d4420-a932-5560-8eb0-155c10a44b10,0e172a99-d3ee-50b2-94d4-48e135e5ee0d|c01d4420-a932-5560-8eb0-155c10a44b10,5247|5259|5269|5277|5287|5296,"{""0e172a99-d3ee-50b2-94d4-48e135e5ee0d"": [1], ""c01d4420-a932-5560-8eb0-155c10a44b10"": [1, 2, 3, 4, 5]}",2026-12-14|2026-12-15|2026-12-16|2026-12-17|2026-12-18,10:00-12:00|14:00-16:00,13,,false,PREPARED_NOT_ACTIVE,b5db33ab54a9c9565edd6541461a3b982afc4a5f78ded6bbd833e99ee3f14d67
weekday,2026-12-14,2026-12-18,2026-12-14,,Ski Erwachsene Wiedereinsteiger,NEW:ski_adult_returners,53761b30-5b0b-504e-9a9b-83f7618f6620,53761b30-5b0b-504e-9a9b-83f7618f6620,5255,"{""53761b30-5b0b-504e-9a9b-83f7618f6620"": [1]}",2026-12-14|2026-12-15|2026-12-16|2026-12-17|2026-12-18,10:00-12:00,13,,false,PREPARED_NOT_ACTIVE,b5db33ab54a9c9565edd6541461a3b982afc4a5f78ded6bbd833e99ee3f14d67
weekday,2026-12-14,2026-12-18,2026-12-14,,Ski Kinder Fortgeschritten,NEW:ski_kids_advanced,1200f016-a50f-5ecc-8a05-48dc4ea9931e,1200f016-a50f-5ecc-8a05-48dc4ea9931e,5278,"{""1200f016-a50f-5ecc-8a05-48dc4ea9931e"": [3]}",2026-12-14|2026-12-15|2026-12-16|2026-12-17|2026-12-18,10:00-12:00|14:00-16:00,13,,false,PREPARED_NOT_ACTIVE,b5db33ab54a9c9565edd6541461a3b982afc4a5f78ded6bbd833e99ee3f14d67
weekday,2026-12-14,2026-12-18,2026-12-14,,Ski Roter König/Königin,ski_roter_koenig,1200f016-a50f-5ecc-8a05-48dc4ea9931e,cba3c8b6-200d-55d5-96d3-460fdf57f287|1200f016-a50f-5ecc-8a05-48dc4ea9931e,5253|5258|5267|5278|5284|5294,"{""1200f016-a50f-5ecc-8a05-48dc4ea9931e"": [1, 2, 3, 4, 5], ""cba3c8b6-200d-55d5-96d3-460fdf57f287"": [1]}",2026-12-14|2026-12-15|2026-12-16|2026-12-17|2026-12-18,10:00-12:00|14:00-16:00,13,,false,PREPARED_NOT_ACTIVE,b5db33ab54a9c9565edd6541461a3b982afc4a5f78ded6bbd833e99ee3f14d67
weekday,2026-12-14,2026-12-18,2026-12-14,,Ski Roter Prinz/Prinzessin,ski_roter_prinz,1200f016-a50f-5ecc-8a05-48dc4ea9931e,cba3c8b6-200d-55d5-96d3-460fdf57f287|1200f016-a50f-5ecc-8a05-48dc4ea9931e,5253|5258|5267|5278|5284|5294,"{""1200f016-a50f-5ecc-8a05-48dc4ea9931e"": [1, 2, 3, 4, 5], ""cba3c8b6-200d-55d5-96d3-460fdf57f287"": [1]}",2026-12-14|2026-12-15|2026-12-16|2026-12-17|2026-12-18,10:00-12:00|14:00-16:00,13,,false,PREPARED_NOT_ACTIVE,b5db33ab54a9c9565edd6541461a3b982afc4a5f78ded6bbd833e99ee3f14d67
weekday,2026-12-14,2026-12-18,2026-12-14,,Ski Roter Star,ski_roter_star,1200f016-a50f-5ecc-8a05-48dc4ea9931e,cba3c8b6-200d-55d5-96d3-460fdf57f287|1200f016-a50f-5ecc-8a05-48dc4ea9931e,5253|5258|5267|5278|5284|5294,"{""1200f016-a50f-5ecc-8a05-48dc4ea9931e"": [1, 2, 3, 4, 5], ""cba3c8b6-200d-55d5-96d3-460fdf57f287"": [1]}",2026-12-14|2026-12-15|2026-12-16|2026-12-17|2026-12-18,10:00-12:00|14:00-16:00,13,,false,PREPARED_NOT_ACTIVE,b5db33ab54a9c9565edd6541461a3b982afc4a5f78ded6bbd833e99ee3f14d67
weekday,2026-12-14,2026-12-18,2026-12-14,,Ski Schwarzer König/Königin,NEW:ski_schwarzer_koenig,1200f016-a50f-5ecc-8a05-48dc4ea9931e,1200f016-a50f-5ecc-8a05-48dc4ea9931e,5278,"{""1200f016-a50f-5ecc-8a05-48dc4ea9931e"": [3]}",2026-12-14|2026-12-15|2026-12-16|2026-12-17|2026-12-18,10:00-12:00|14:00-16:00,13,,false,PREPARED_NOT_ACTIVE,b5db33ab54a9c9565edd6541461a3b982afc4a5f78ded6bbd833e99ee3f14d67
weekday,2026-12-14,2026-12-18,2026-12-14,,Ski Schwarzer Prinz/Prinzessin,ski_schwarzer_prinz,1200f016-a50f-5ecc-8a05-48dc4ea9931e,cba3c8b6-200d-55d5-96d3-460fdf57f287|1200f016-a50f-5ecc-8a05-48dc4ea9931e,5253|5258|5267|5278|5284|5294,"{""1200f016-a50f-5ecc-8a05-48dc4ea9931e"": [1, 2, 3, 4, 5], ""cba3c8b6-200d-55d5-96d3-460fdf57f287"": [1]}",2026-12-14|2026-12-15|2026-12-16|2026-12-17|2026-12-18,10:00-12:00|14:00-16:00,13,,false,PREPARED_NOT_ACTIVE,b5db33ab54a9c9565edd6541461a3b982afc4a5f78ded6bbd833e99ee3f14d67
weekday,2026-12-14,2026-12-18,2026-12-14,,Ski Swiss Snow Academy,ski_academy,1200f016-a50f-5ecc-8a05-48dc4ea9931e,cba3c8b6-200d-55d5-96d3-460fdf57f287|1200f016-a50f-5ecc-8a05-48dc4ea9931e,5253|5258|5267|5278|5284|5294,"{""1200f016-a50f-5ecc-8a05-48dc4ea9931e"": [1, 2, 3, 4, 5], ""cba3c8b6-200d-55d5-96d3-460fdf57f287"": [1]}",2026-12-14|2026-12-15|2026-12-16|2026-12-17|2026-12-18,10:00-12:00|14:00-16:00,13,,false,PREPARED_NOT_ACTIVE,b5db33ab54a9c9565edd6541461a3b982afc4a5f78ded6bbd833e99ee3f14d67
weekday,2026-12-14,2026-12-18,2026-12-14,,Ski Swiss Snow Kids Village,ski_snow_kids,1200f016-a50f-5ecc-8a05-48dc4ea9931e,cba3c8b6-200d-55d5-96d3-460fdf57f287|6edc13ea-63a2-5d4c-b22e-54f43370e800|1200f016-a50f-5ecc-8a05-48dc4ea9931e,5253|5258|5267|5278|5284|5288|5294,"{""1200f016-a50f-5ecc-8a05-48dc4ea9931e"": [1, 2, 3, 4, 5], ""6edc13ea-63a2-5d4c-b22e-54f43370e800"": [5], ""cba3c8b6-200d-55d5-96d3-460fdf57f287"": [1]}",2026-12-14|2026-12-15|2026-12-16|2026-12-17|2026-12-18,10:00-12:00|14:00-16:00,8,,false,PREPARED_NOT_ACTIVE,b5db33ab54a9c9565edd6541461a3b982afc4a5f78ded6bbd833e99ee3f14d67
weekday,2026-12-14,2026-12-18,2026-12-14,,Ski Windel-Wedelkurs,ski_windel_wedel,6edc13ea-63a2-5d4c-b22e-54f43370e800,6edc13ea-63a2-5d4c-b22e-54f43370e800,5254|5263|5273|5281|5288,"{""6edc13ea-63a2-5d4c-b22e-54f43370e800"": [1, 2, 3, 4, 5]}",2026-12-14|2026-12-15|2026-12-16|2026-12-17|2026-12-18,10:00-12:00,8,,false,PREPARED_NOT_ACTIVE,b5db33ab54a9c9565edd6541461a3b982afc4a5f78ded6bbd833e99ee3f14d67
weekday,2026-12-14,2026-12-18,2026-12-14,,Snowboard Anfänger,REVIEW:sb_adult_green,ab4e4941-02fe-58b7-9ec8-d9b773a1d870,ab4e4941-02fe-58b7-9ec8-d9b773a1d870,5249|5262|5271|5279|5290,"{""ab4e4941-02fe-58b7-9ec8-d9b773a1d870"": [1, 2, 3, 4, 5]}",2026-12-14|2026-12-15|2026-12-16|2026-12-17|2026-12-18,10:00-12:00,10,,false,PREPARED_NOT_ACTIVE,b5db33ab54a9c9565edd6541461a3b982afc4a5f78ded6bbd833e99ee3f14d67
weekday,2026-12-14,2026-12-18,2026-12-14,,Snowboard Fortgeschritten,REVIEW:sb_adult_blue,ab4e4941-02fe-58b7-9ec8-d9b773a1d870,ab4e4941-02fe-58b7-9ec8-d9b773a1d870,5249|5262|5271|5279|5290,"{""ab4e4941-02fe-58b7-9ec8-d9b773a1d870"": [1, 2, 3, 4, 5]}",2026-12-14|2026-12-15|2026-12-16|2026-12-17|2026-12-18,10:00-12:00,10,,false,PREPARED_NOT_ACTIVE,b5db33ab54a9c9565edd6541461a3b982afc4a5f78ded6bbd833e99ee3f14d67
weekday,2026-12-21,2026-12-25,2026-12-21,,Ski Blauer König/Königin,ski_blauer_koenig,1200f016-a50f-5ecc-8a05-48dc4ea9931e,cba3c8b6-200d-55d5-96d3-460fdf57f287|1200f016-a50f-5ecc-8a05-48dc4ea9931e,5253|5258|5267|5278|5284|5294,"{""1200f016-a50f-5ecc-8a05-48dc4ea9931e"": [1, 2, 3, 4, 5], ""cba3c8b6-200d-55d5-96d3-460fdf57f287"": [1]}",2026-12-21|2026-12-22|2026-12-23|2026-12-24|2026-12-25,10:00-12:00|14:00-16:00,13,,false,PREPARED_NOT_ACTIVE,b5db33ab54a9c9565edd6541461a3b982afc4a5f78ded6bbd833e99ee3f14d67
weekday,2026-12-21,2026-12-25,2026-12-21,,Ski Blauer Prinz/Prinzessin,ski_blauer_prinz,1200f016-a50f-5ecc-8a05-48dc4ea9931e,cba3c8b6-200d-55d5-96d3-460fdf57f287|1200f016-a50f-5ecc-8a05-48dc4ea9931e,5253|5258|5267|5278|5284|5294,"{""1200f016-a50f-5ecc-8a05-48dc4ea9931e"": [1, 2, 3, 4, 5], ""cba3c8b6-200d-55d5-96d3-460fdf57f287"": [1]}",2026-12-21|2026-12-22|2026-12-23|2026-12-24|2026-12-25,10:00-12:00|14:00-16:00,13,,false,PREPARED_NOT_ACTIVE,b5db33ab54a9c9565edd6541461a3b982afc4a5f78ded6bbd833e99ee3f14d67
weekday,2026-12-21,2026-12-25,2026-12-21,,Ski Blauer Star,ski_blauer_star,1200f016-a50f-5ecc-8a05-48dc4ea9931e,cba3c8b6-200d-55d5-96d3-460fdf57f287|1200f016-a50f-5ecc-8a05-48dc4ea9931e,5253|5258|5267|5278|5284|5294,"{""1200f016-a50f-5ecc-8a05-48dc4ea9931e"": [1, 2, 3, 4, 5], ""cba3c8b6-200d-55d5-96d3-460fdf57f287"": [1]}",2026-12-21|2026-12-22|2026-12-23|2026-12-24|2026-12-25,10:00-12:00|14:00-16:00,13,,false,PREPARED_NOT_ACTIVE,b5db33ab54a9c9565edd6541461a3b982afc4a5f78ded6bbd833e99ee3f14d67
weekday,2026-12-21,2026-12-25,2026-12-21,,Ski Erwachsene Anfänger,ski_adult_green,c01d4420-a932-5560-8eb0-155c10a44b10,0e172a99-d3ee-50b2-94d4-48e135e5ee0d|c01d4420-a932-5560-8eb0-155c10a44b10,5247|5259|5269|5277|5287|5296,"{""0e172a99-d3ee-50b2-94d4-48e135e5ee0d"": [1], ""c01d4420-a932-5560-8eb0-155c10a44b10"": [1, 2, 3, 4, 5]}",2026-12-21|2026-12-22|2026-12-23|2026-12-24|2026-12-25,10:00-12:00|14:00-16:00,13,,false,PREPARED_NOT_ACTIVE,b5db33ab54a9c9565edd6541461a3b982afc4a5f78ded6bbd833e99ee3f14d67
weekday,2026-12-21,2026-12-25,2026-12-21,,Ski Erwachsene Fortgeschritten,ski_adult_blue,c01d4420-a932-5560-8eb0-155c10a44b10,0e172a99-d3ee-50b2-94d4-48e135e5ee0d|c01d4420-a932-5560-8eb0-155c10a44b10,5247|5259|5269|5277|5287|5296,"{""0e172a99-d3ee-50b2-94d4-48e135e5ee0d"": [1], ""c01d4420-a932-5560-8eb0-155c10a44b10"": [1, 2, 3, 4, 5]}",2026-12-21|2026-12-22|2026-12-23|2026-12-24|2026-12-25,10:00-12:00|14:00-16:00,13,,false,PREPARED_NOT_ACTIVE,b5db33ab54a9c9565edd6541461a3b982afc4a5f78ded6bbd833e99ee3f14d67
weekday,2026-12-21,2026-12-25,2026-12-21,,Ski Erwachsene Wiedereinsteiger,NEW:ski_adult_returners,53761b30-5b0b-504e-9a9b-83f7618f6620,53761b30-5b0b-504e-9a9b-83f7618f6620,5255,"{""53761b30-5b0b-504e-9a9b-83f7618f6620"": [1]}",2026-12-21|2026-12-22|2026-12-23|2026-12-24|2026-12-25,10:00-12:00,13,,false,PREPARED_NOT_ACTIVE,b5db33ab54a9c9565edd6541461a3b982afc4a5f78ded6bbd833e99ee3f14d67
weekday,2026-12-21,2026-12-25,2026-12-21,,Ski Kinder Fortgeschritten,NEW:ski_kids_advanced,1200f016-a50f-5ecc-8a05-48dc4ea9931e,1200f016-a50f-5ecc-8a05-48dc4ea9931e,5278,"{""1200f016-a50f-5ecc-8a05-48dc4ea9931e"": [3]}",2026-12-21|2026-12-22|2026-12-23|2026-12-24|2026-12-25,10:00-12:00|14:00-16:00,13,,false,PREPARED_NOT_ACTIVE,b5db33ab54a9c9565edd6541461a3b982afc4a5f78ded6bbd833e99ee3f14d67
weekday,2026-12-21,2026-12-25,2026-12-21,,Ski Roter König/Königin,ski_roter_koenig,1200f016-a50f-5ecc-8a05-48dc4ea9931e,cba3c8b6-200d-55d5-96d3-460fdf57f287|1200f016-a50f-5ecc-8a05-48dc4ea9931e,5253|5258|5267|5278|5284|5294,"{""1200f016-a50f-5ecc-8a05-48dc4ea9931e"": [1, 2, 3, 4, 5], ""cba3c8b6-200d-55d5-96d3-460fdf57f287"": [1]}",2026-12-21|2026-12-22|2026-12-23|2026-12-24|2026-12-25,10:00-12:00|14:00-16:00,13,,false,PREPARED_NOT_ACTIVE,b5db33ab54a9c9565edd6541461a3b982afc4a5f78ded6bbd833e99ee3f14d67
weekday,2026-12-21,2026-12-25,2026-12-21,,Ski Roter Prinz/Prinzessin,ski_roter_prinz,1200f016-a50f-5ecc-8a05-48dc4ea9931e,cba3c8b6-200d-55d5-96d3-460fdf57f287|1200f016-a50f-5ecc-8a05-48dc4ea9931e,5253|5258|5267|5278|5284|5294,"{""1200f016-a50f-5ecc-8a05-48dc4ea9931e"": [1, 2, 3, 4, 5], ""cba3c8b6-200d-55d5-96d3-460fdf57f287"": [1]}",2026-12-21|2026-12-22|2026-12-23|2026-12-24|2026-12-25,10:00-12:00|14:00-16:00,13,,false,PREPARED_NOT_ACTIVE,b5db33ab54a9c9565edd6541461a3b982afc4a5f78ded6bbd833e99ee3f14d67
weekday,2026-12-21,2026-12-25,2026-12-21,,Ski Roter Star,ski_roter_star,1200f016-a50f-5ecc-8a05-48dc4ea9931e,cba3c8b6-200d-55d5-96d3-460fdf57f287|1200f016-a50f-5ecc-8a05-48dc4ea9931e,5253|5258|5267|5278|5284|5294,"{""1200f016-a50f-5ecc-8a05-48dc4ea9931e"": [1, 2, 3, 4, 5], ""cba3c8b6-200d-55d5-96d3-460fdf57f287"": [1]}",2026-12-21|2026-12-22|2026-12-23|2026-12-24|2026-12-25,10:00-12:00|14:00-16:00,13,,false,PREPARED_NOT_ACTIVE,b5db33ab54a9c9565edd6541461a3b982afc4a5f78ded6bbd833e99ee3f14d67
weekday,2026-12-21,2026-12-25,2026-12-21,,Ski Schwarzer König/Königin,NEW:ski_schwarzer_koenig,1200f016-a50f-5ecc-8a05-48dc4ea9931e,1200f016-a50f-5ecc-8a05-48dc4ea9931e,5278,"{""1200f016-a50f-5ecc-8a05-48dc4ea9931e"": [3]}",2026-12-21|2026-12-22|2026-12-23|2026-12-24|2026-12-25,10:00-12:00|14:00-16:00,13,,false,PREPARED_NOT_ACTIVE,b5db33ab54a9c9565edd6541461a3b982afc4a5f78ded6bbd833e99ee3f14d67
weekday,2026-12-21,2026-12-25,2026-12-21,,Ski Schwarzer Prinz/Prinzessin,ski_schwarzer_prinz,1200f016-a50f-5ecc-8a05-48dc4ea9931e,cba3c8b6-200d-55d5-96d3-460fdf57f287|1200f016-a50f-5ecc-8a05-48dc4ea9931e,5253|5258|5267|5278|5284|5294,"{""1200f016-a50f-5ecc-8a05-48dc4ea9931e"": [1, 2, 3, 4, 5], ""cba3c8b6-200d-55d5-96d3-460fdf57f287"": [1]}",2026-12-21|2026-12-22|2026-12-23|2026-12-24|2026-12-25,10:00-12:00|14:00-16:00,13,,false,PREPARED_NOT_ACTIVE,b5db33ab54a9c9565edd6541461a3b982afc4a5f78ded6bbd833e99ee3f14d67
weekday,2026-12-21,2026-12-25,2026-12-21,,Ski Swiss Snow Academy,ski_academy,1200f016-a50f-5ecc-8a05-48dc4ea9931e,cba3c8b6-200d-55d5-96d3-460fdf57f287|1200f016-a50f-5ecc-8a05-48dc4ea9931e,5253|5258|5267|5278|5284|5294,"{""1200f016-a50f-5ecc-8a05-48dc4ea9931e"": [1, 2, 3, 4, 5], ""cba3c8b6-200d-55d5-96d3-460fdf57f287"": [1]}",2026-12-21|2026-12-22|2026-12-23|2026-12-24|2026-12-25,10:00-12:00|14:00-16:00,13,,false,PREPARED_NOT_ACTIVE,b5db33ab54a9c9565edd6541461a3b982afc4a5f78ded6bbd833e99ee3f14d67
weekday,2026-12-21,2026-12-25,2026-12-21,,Ski Swiss Snow Kids Village,ski_snow_kids,1200f016-a50f-5ecc-8a05-48dc4ea9931e,cba3c8b6-200d-55d5-96d3-460fdf57f287|6edc13ea-63a2-5d4c-b22e-54f43370e800|1200f016-a50f-5ecc-8a05-48dc4ea9931e,5253|5258|5267|5278|5284|5288|5294,"{""1200f016-a50f-5ecc-8a05-48dc4ea9931e"": [1, 2, 3, 4, 5], ""6edc13ea-63a2-5d4c-b22e-54f43370e800"": [5], ""cba3c8b6-200d-55d5-96d3-460fdf57f287"": [1]}",2026-12-21|2026-12-22|2026-12-23|2026-12-24|2026-12-25,10:00-12:00|14:00-16:00,8,,false,PREPARED_NOT_ACTIVE,b5db33ab54a9c9565edd6541461a3b982afc4a5f78ded6bbd833e99ee3f14d67
weekday,2026-12-21,2026-12-25,2026-12-21,,Ski Windel-Wedelkurs,ski_windel_wedel,6edc13ea-63a2-5d4c-b22e-54f43370e800,6edc13ea-63a2-5d4c-b22e-54f43370e800,5254|5263|5273|5281|5288,"{""6edc13ea-63a2-5d4c-b22e-54f43370e800"": [1, 2, 3, 4, 5]}",2026-12-21|2026-12-22|2026-12-23|2026-12-24|2026-12-25,10:00-12:00,8,,false,PREPARED_NOT_ACTIVE,b5db33ab54a9c9565edd6541461a3b982afc4a5f78ded6bbd833e99ee3f14d67
weekday,2026-12-21,2026-12-25,2026-12-21,,Snowboard Anfänger,REVIEW:sb_adult_green,ab4e4941-02fe-58b7-9ec8-d9b773a1d870,ab4e4941-02fe-58b7-9ec8-d9b773a1d870,5249|5262|5271|5279|5290,"{""ab4e4941-02fe-58b7-9ec8-d9b773a1d870"": [1, 2, 3, 4, 5]}",2026-12-21|2026-12-22|2026-12-23|2026-12-24|2026-12-25,10:00-12:00,10,,false,PREPARED_NOT_ACTIVE,b5db33ab54a9c9565edd6541461a3b982afc4a5f78ded6bbd833e99ee3f14d67
weekday,2026-12-21,2026-12-25,2026-12-21,,Snowboard Fortgeschritten,REVIEW:sb_adult_blue,ab4e4941-02fe-58b7-9ec8-d9b773a1d870,ab4e4941-02fe-58b7-9ec8-d9b773a1d870,5249|5262|5271|5279|5290,"{""ab4e4941-02fe-58b7-9ec8-d9b773a1d870"": [1, 2, 3, 4, 5]}",2026-12-21|2026-12-22|2026-12-23|2026-12-24|2026-12-25,10:00-12:00,10,,false,PREPARED_NOT_ACTIVE,b5db33ab54a9c9565edd6541461a3b982afc4a5f78ded6bbd833e99ee3f14d67
weekday,2026-12-28,2027-01-01,2026-12-28,,Ski Blauer König/Königin,ski_blauer_koenig,1200f016-a50f-5ecc-8a05-48dc4ea9931e,cba3c8b6-200d-55d5-96d3-460fdf57f287|1200f016-a50f-5ecc-8a05-48dc4ea9931e,5253|5258|5267|5278|5284|5294,"{""1200f016-a50f-5ecc-8a05-48dc4ea9931e"": [1, 2, 3, 4, 5], ""cba3c8b6-200d-55d5-96d3-460fdf57f287"": [1]}",2026-12-28|2026-12-29|2026-12-30|2026-12-31|2027-01-01,10:00-12:00|14:00-16:00,13,,false,PREPARED_NOT_ACTIVE,b5db33ab54a9c9565edd6541461a3b982afc4a5f78ded6bbd833e99ee3f14d67
weekday,2026-12-28,2027-01-01,2026-12-28,,Ski Blauer Prinz/Prinzessin,ski_blauer_prinz,1200f016-a50f-5ecc-8a05-48dc4ea9931e,cba3c8b6-200d-55d5-96d3-460fdf57f287|1200f016-a50f-5ecc-8a05-48dc4ea9931e,5253|5258|5267|5278|5284|5294,"{""1200f016-a50f-5ecc-8a05-48dc4ea9931e"": [1, 2, 3, 4, 5], ""cba3c8b6-200d-55d5-96d3-460fdf57f287"": [1]}",2026-12-28|2026-12-29|2026-12-30|2026-12-31|2027-01-01,10:00-12:00|14:00-16:00,13,,false,PREPARED_NOT_ACTIVE,b5db33ab54a9c9565edd6541461a3b982afc4a5f78ded6bbd833e99ee3f14d67
weekday,2026-12-28,2027-01-01,2026-12-28,,Ski Blauer Star,ski_blauer_star,1200f016-a50f-5ecc-8a05-48dc4ea9931e,cba3c8b6-200d-55d5-96d3-460fdf57f287|1200f016-a50f-5ecc-8a05-48dc4ea9931e,5253|5258|5267|5278|5284|5294,"{""1200f016-a50f-5ecc-8a05-48dc4ea9931e"": [1, 2, 3, 4, 5], ""cba3c8b6-200d-55d5-96d3-460fdf57f287"": [1]}",2026-12-28|2026-12-29|2026-12-30|2026-12-31|2027-01-01,10:00-12:00|14:00-16:00,13,,false,PREPARED_NOT_ACTIVE,b5db33ab54a9c9565edd6541461a3b982afc4a5f78ded6bbd833e99ee3f14d67
weekday,2026-12-28,2027-01-01,2026-12-28,,Ski Erwachsene Anfänger,ski_adult_green,c01d4420-a932-5560-8eb0-155c10a44b10,0e172a99-d3ee-50b2-94d4-48e135e5ee0d|c01d4420-a932-5560-8eb0-155c10a44b10,5247|5259|5269|5277|5287|5296,"{""0e172a99-d3ee-50b2-94d4-48e135e5ee0d"": [1], ""c01d4420-a932-5560-8eb0-155c10a44b10"": [1, 2, 3, 4, 5]}",2026-12-28|2026-12-29|2026-12-30|2026-12-31|2027-01-01,10:00-12:00|14:00-16:00,13,,false,PREPARED_NOT_ACTIVE,b5db33ab54a9c9565edd6541461a3b982afc4a5f78ded6bbd833e99ee3f14d67
weekday,2026-12-28,2027-01-01,2026-12-28,,Ski Erwachsene Fortgeschritten,ski_adult_blue,c01d4420-a932-5560-8eb0-155c10a44b10,0e172a99-d3ee-50b2-94d4-48e135e5ee0d|c01d4420-a932-5560-8eb0-155c10a44b10,5247|5259|5269|5277|5287|5296,"{""0e172a99-d3ee-50b2-94d4-48e135e5ee0d"": [1], ""c01d4420-a932-5560-8eb0-155c10a44b10"": [1, 2, 3, 4, 5]}",2026-12-28|2026-12-29|2026-12-30|2026-12-31|2027-01-01,10:00-12:00|14:00-16:00,13,,false,PREPARED_NOT_ACTIVE,b5db33ab54a9c9565edd6541461a3b982afc4a5f78ded6bbd833e99ee3f14d67
weekday,2026-12-28,2027-01-01,2026-12-28,,Ski Erwachsene Wiedereinsteiger,NEW:ski_adult_returners,53761b30-5b0b-504e-9a9b-83f7618f6620,53761b30-5b0b-504e-9a9b-83f7618f6620,5255,"{""53761b30-5b0b-504e-9a9b-83f7618f6620"": [1]}",2026-12-28|2026-12-29|2026-12-30|2026-12-31|2027-01-01,10:00-12:00,13,,false,PREPARED_NOT_ACTIVE,b5db33ab54a9c9565edd6541461a3b982afc4a5f78ded6bbd833e99ee3f14d67
weekday,2026-12-28,2027-01-01,2026-12-28,,Ski Kinder Fortgeschritten,NEW:ski_kids_advanced,1200f016-a50f-5ecc-8a05-48dc4ea9931e,1200f016-a50f-5ecc-8a05-48dc4ea9931e,5278,"{""1200f016-a50f-5ecc-8a05-48dc4ea9931e"": [3]}",2026-12-28|2026-12-29|2026-12-30|2026-12-31|2027-01-01,10:00-12:00|14:00-16:00,13,,false,PREPARED_NOT_ACTIVE,b5db33ab54a9c9565edd6541461a3b982afc4a5f78ded6bbd833e99ee3f14d67
weekday,2026-12-28,2027-01-01,2026-12-28,,Ski Roter König/Königin,ski_roter_koenig,1200f016-a50f-5ecc-8a05-48dc4ea9931e,cba3c8b6-200d-55d5-96d3-460fdf57f287|1200f016-a50f-5ecc-8a05-48dc4ea9931e,5253|5258|5267|5278|5284|5294,"{""1200f016-a50f-5ecc-8a05-48dc4ea9931e"": [1, 2, 3, 4, 5], ""cba3c8b6-200d-55d5-96d3-460fdf57f287"": [1]}",2026-12-28|2026-12-29|2026-12-30|2026-12-31|2027-01-01,10:00-12:00|14:00-16:00,13,,false,PREPARED_NOT_ACTIVE,b5db33ab54a9c9565edd6541461a3b982afc4a5f78ded6bbd833e99ee3f14d67
weekday,2026-12-28,2027-01-01,2026-12-28,,Ski Roter Prinz/Prinzessin,ski_roter_prinz,1200f016-a50f-5ecc-8a05-48dc4ea9931e,cba3c8b6-200d-55d5-96d3-460fdf57f287|1200f016-a50f-5ecc-8a05-48dc4ea9931e,5253|5258|5267|5278|5284|5294,"{""1200f016-a50f-5ecc-8a05-48dc4ea9931e"": [1, 2, 3, 4, 5], ""cba3c8b6-200d-55d5-96d3-460fdf57f287"": [1]}",2026-12-28|2026-12-29|2026-12-30|2026-12-31|2027-01-01,10:00-12:00|14:00-16:00,13,,false,PREPARED_NOT_ACTIVE,b5db33ab54a9c9565edd6541461a3b982afc4a5f78ded6bbd833e99ee3f14d67
weekday,2026-12-28,2027-01-01,2026-12-28,,Ski Roter Star,ski_roter_star,1200f016-a50f-5ecc-8a05-48dc4ea9931e,cba3c8b6-200d-55d5-96d3-460fdf57f287|1200f016-a50f-5ecc-8a05-48dc4ea9931e,5253|5258|5267|5278|5284|5294,"{""1200f016-a50f-5ecc-8a05-48dc4ea9931e"": [1, 2, 3, 4, 5], ""cba3c8b6-200d-55d5-96d3-460fdf57f287"": [1]}",2026-12-28|2026-12-29|2026-12-30|2026-12-31|2027-01-01,10:00-12:00|14:00-16:00,13,,false,PREPARED_NOT_ACTIVE,b5db33ab54a9c9565edd6541461a3b982afc4a5f78ded6bbd833e99ee3f14d67
weekday,2026-12-28,2027-01-01,2026-12-28,,Ski Schwarzer König/Königin,NEW:ski_schwarzer_koenig,1200f016-a50f-5ecc-8a05-48dc4ea9931e,1200f016-a50f-5ecc-8a05-48dc4ea9931e,5278,"{""1200f016-a50f-5ecc-8a05-48dc4ea9931e"": [3]}",2026-12-28|2026-12-29|2026-12-30|2026-12-31|2027-01-01,10:00-12:00|14:00-16:00,13,,false,PREPARED_NOT_ACTIVE,b5db33ab54a9c9565edd6541461a3b982afc4a5f78ded6bbd833e99ee3f14d67
weekday,2026-12-28,2027-01-01,2026-12-28,,Ski Schwarzer Prinz/Prinzessin,ski_schwarzer_prinz,1200f016-a50f-5ecc-8a05-48dc4ea9931e,cba3c8b6-200d-55d5-96d3-460fdf57f287|1200f016-a50f-5ecc-8a05-48dc4ea9931e,5253|5258|5267|5278|5284|5294,"{""1200f016-a50f-5ecc-8a05-48dc4ea9931e"": [1, 2, 3, 4, 5], ""cba3c8b6-200d-55d5-96d3-460fdf57f287"": [1]}",2026-12-28|2026-12-29|2026-12-30|2026-12-31|2027-01-01,10:00-12:00|14:00-16:00,13,,false,PREPARED_NOT_ACTIVE,b5db33ab54a9c9565edd6541461a3b982afc4a5f78ded6bbd833e99ee3f14d67
weekday,2026-12-28,2027-01-01,2026-12-28,,Ski Swiss Snow Academy,ski_academy,1200f016-a50f-5ecc-8a05-48dc4ea9931e,cba3c8b6-200d-55d5-96d3-460fdf57f287|1200f016-a50f-5ecc-8a05-48dc4ea9931e,5253|5258|5267|5278|5284|5294,"{""1200f016-a50f-5ecc-8a05-48dc4ea9931e"": [1, 2, 3, 4, 5], ""cba3c8b6-200d-55d5-96d3-460fdf57f287"": [1]}",2026-12-28|2026-12-29|2026-12-30|2026-12-31|2027-01-01,10:00-12:00|14:00-16:00,13,,false,PREPARED_NOT_ACTIVE,b5db33ab54a9c9565edd6541461a3b982afc4a5f78ded6bbd833e99ee3f14d67
weekday,2026-12-28,2027-01-01,2026-12-28,,Ski Swiss Snow Kids Village,ski_snow_kids,1200f016-a50f-5ecc-8a05-48dc4ea9931e,cba3c8b6-200d-55d5-96d3-460fdf57f287|6edc13ea-63a2-5d4c-b22e-54f43370e800|1200f016-a50f-5ecc-8a05-48dc4ea9931e,5253|5258|5267|5278|5284|5288|5294,"{""1200f016-a50f-5ecc-8a05-48dc4ea9931e"": [1, 2, 3, 4, 5], ""6edc13ea-63a2-5d4c-b22e-54f43370e800"": [5], ""cba3c8b6-200d-55d5-96d3-460fdf57f287"": [1]}",2026-12-28|2026-12-29|2026-12-30|2026-12-31|2027-01-01,10:00-12:00|14:00-16:00,8,,false,PREPARED_NOT_ACTIVE,b5db33ab54a9c9565edd6541461a3b982afc4a5f78ded6bbd833e99ee3f14d67
weekday,2026-12-28,2027-01-01,2026-12-28,,Ski Windel-Wedelkurs,ski_windel_wedel,6edc13ea-63a2-5d4c-b22e-54f43370e800,6edc13ea-63a2-5d4c-b22e-54f43370e800,5254|5263|5273|5281|5288,"{""6edc13ea-63a2-5d4c-b22e-54f43370e800"": [1, 2, 3, 4, 5]}",2026-12-28|2026-12-29|2026-12-30|2026-12-31|2027-01-01,10:00-12:00,8,,false,PREPARED_NOT_ACTIVE,b5db33ab54a9c9565edd6541461a3b982afc4a5f78ded6bbd833e99ee3f14d67
weekday,2026-12-28,2027-01-01,2026-12-28,,Snowboard Anfänger,REVIEW:sb_adult_green,ab4e4941-02fe-58b7-9ec8-d9b773a1d870,ab4e4941-02fe-58b7-9ec8-d9b773a1d870,5249|5262|5271|5279|5290,"{""ab4e4941-02fe-58b7-9ec8-d9b773a1d870"": [1, 2, 3, 4, 5]}",2026-12-28|2026-12-29|2026-12-30|2026-12-31|2027-01-01,10:00-12:00,10,,false,PREPARED_NOT_ACTIVE,b5db33ab54a9c9565edd6541461a3b982afc4a5f78ded6bbd833e99ee3f14d67
weekday,2026-12-28,2027-01-01,2026-12-28,,Snowboard Fortgeschritten,REVIEW:sb_adult_blue,ab4e4941-02fe-58b7-9ec8-d9b773a1d870,ab4e4941-02fe-58b7-9ec8-d9b773a1d870,5249|5262|5271|5279|5290,"{""ab4e4941-02fe-58b7-9ec8-d9b773a1d870"": [1, 2, 3, 4, 5]}",2026-12-28|2026-12-29|2026-12-30|2026-12-31|2027-01-01,10:00-12:00,10,,false,PREPARED_NOT_ACTIVE,b5db33ab54a9c9565edd6541461a3b982afc4a5f78ded6bbd833e99ee3f14d67
weekday,2027-01-04,2027-01-08,2027-01-04,,Ski Blauer König/Königin,ski_blauer_koenig,1200f016-a50f-5ecc-8a05-48dc4ea9931e,cba3c8b6-200d-55d5-96d3-460fdf57f287|1200f016-a50f-5ecc-8a05-48dc4ea9931e,5253|5258|5267|5278|5284|5294,"{""1200f016-a50f-5ecc-8a05-48dc4ea9931e"": [1, 2, 3, 4, 5], ""cba3c8b6-200d-55d5-96d3-460fdf57f287"": [1]}",2027-01-04|2027-01-05|2027-01-06|2027-01-07|2027-01-08,10:00-12:00|14:00-16:00,13,,false,PREPARED_NOT_ACTIVE,b5db33ab54a9c9565edd6541461a3b982afc4a5f78ded6bbd833e99ee3f14d67
weekday,2027-01-04,2027-01-08,2027-01-04,,Ski Blauer Prinz/Prinzessin,ski_blauer_prinz,1200f016-a50f-5ecc-8a05-48dc4ea9931e,cba3c8b6-200d-55d5-96d3-460fdf57f287|1200f016-a50f-5ecc-8a05-48dc4ea9931e,5253|5258|5267|5278|5284|5294,"{""1200f016-a50f-5ecc-8a05-48dc4ea9931e"": [1, 2, 3, 4, 5], ""cba3c8b6-200d-55d5-96d3-460fdf57f287"": [1]}",2027-01-04|2027-01-05|2027-01-06|2027-01-07|2027-01-08,10:00-12:00|14:00-16:00,13,,false,PREPARED_NOT_ACTIVE,b5db33ab54a9c9565edd6541461a3b982afc4a5f78ded6bbd833e99ee3f14d67
weekday,2027-01-04,2027-01-08,2027-01-04,,Ski Blauer Star,ski_blauer_star,1200f016-a50f-5ecc-8a05-48dc4ea9931e,cba3c8b6-200d-55d5-96d3-460fdf57f287|1200f016-a50f-5ecc-8a05-48dc4ea9931e,5253|5258|5267|5278|5284|5294,"{""1200f016-a50f-5ecc-8a05-48dc4ea9931e"": [1, 2, 3, 4, 5], ""cba3c8b6-200d-55d5-96d3-460fdf57f287"": [1]}",2027-01-04|2027-01-05|2027-01-06|2027-01-07|2027-01-08,10:00-12:00|14:00-16:00,13,,false,PREPARED_NOT_ACTIVE,b5db33ab54a9c9565edd6541461a3b982afc4a5f78ded6bbd833e99ee3f14d67
weekday,2027-01-04,2027-01-08,2027-01-04,,Ski Erwachsene Anfänger,ski_adult_green,c01d4420-a932-5560-8eb0-155c10a44b10,0e172a99-d3ee-50b2-94d4-48e135e5ee0d|c01d4420-a932-5560-8eb0-155c10a44b10,5247|5259|5269|5277|5287|5296,"{""0e172a99-d3ee-50b2-94d4-48e135e5ee0d"": [1], ""c01d4420-a932-5560-8eb0-155c10a44b10"": [1, 2, 3, 4, 5]}",2027-01-04|2027-01-05|2027-01-06|2027-01-07|2027-01-08,10:00-12:00|14:00-16:00,13,,false,PREPARED_NOT_ACTIVE,b5db33ab54a9c9565edd6541461a3b982afc4a5f78ded6bbd833e99ee3f14d67
weekday,2027-01-04,2027-01-08,2027-01-04,,Ski Erwachsene Fortgeschritten,ski_adult_blue,c01d4420-a932-5560-8eb0-155c10a44b10,0e172a99-d3ee-50b2-94d4-48e135e5ee0d|c01d4420-a932-5560-8eb0-155c10a44b10,5247|5259|5269|5277|5287|5296,"{""0e172a99-d3ee-50b2-94d4-48e135e5ee0d"": [1], ""c01d4420-a932-5560-8eb0-155c10a44b10"": [1, 2, 3, 4, 5]}",2027-01-04|2027-01-05|2027-01-06|2027-01-07|2027-01-08,10:00-12:00|14:00-16:00,13,,false,PREPARED_NOT_ACTIVE,b5db33ab54a9c9565edd6541461a3b982afc4a5f78ded6bbd833e99ee3f14d67
weekday,2027-01-04,2027-01-08,2027-01-04,,Ski Erwachsene Wiedereinsteiger,NEW:ski_adult_returners,53761b30-5b0b-504e-9a9b-83f7618f6620,53761b30-5b0b-504e-9a9b-83f7618f6620,5255,"{""53761b30-5b0b-504e-9a9b-83f7618f6620"": [1]}",2027-01-04|2027-01-05|2027-01-06|2027-01-07|2027-01-08,10:00-12:00,13,,false,PREPARED_NOT_ACTIVE,b5db33ab54a9c9565edd6541461a3b982afc4a5f78ded6bbd833e99ee3f14d67
weekday,2027-01-04,2027-01-08,2027-01-04,,Ski Kinder Fortgeschritten,NEW:ski_kids_advanced,1200f016-a50f-5ecc-8a05-48dc4ea9931e,1200f016-a50f-5ecc-8a05-48dc4ea9931e,5278,"{""1200f016-a50f-5ecc-8a05-48dc4ea9931e"": [3]}",2027-01-04|2027-01-05|2027-01-06|2027-01-07|2027-01-08,10:00-12:00|14:00-16:00,13,,false,PREPARED_NOT_ACTIVE,b5db33ab54a9c9565edd6541461a3b982afc4a5f78ded6bbd833e99ee3f14d67
weekday,2027-01-04,2027-01-08,2027-01-04,,Ski Roter König/Königin,ski_roter_koenig,1200f016-a50f-5ecc-8a05-48dc4ea9931e,cba3c8b6-200d-55d5-96d3-460fdf57f287|1200f016-a50f-5ecc-8a05-48dc4ea9931e,5253|5258|5267|5278|5284|5294,"{""1200f016-a50f-5ecc-8a05-48dc4ea9931e"": [1, 2, 3, 4, 5], ""cba3c8b6-200d-55d5-96d3-460fdf57f287"": [1]}",2027-01-04|2027-01-05|2027-01-06|2027-01-07|2027-01-08,10:00-12:00|14:00-16:00,13,,false,PREPARED_NOT_ACTIVE,b5db33ab54a9c9565edd6541461a3b982afc4a5f78ded6bbd833e99ee3f14d67
weekday,2027-01-04,2027-01-08,2027-01-04,,Ski Roter Prinz/Prinzessin,ski_roter_prinz,1200f016-a50f-5ecc-8a05-48dc4ea9931e,cba3c8b6-200d-55d5-96d3-460fdf57f287|1200f016-a50f-5ecc-8a05-48dc4ea9931e,5253|5258|5267|5278|5284|5294,"{""1200f016-a50f-5ecc-8a05-48dc4ea9931e"": [1, 2, 3, 4, 5], ""cba3c8b6-200d-55d5-96d3-460fdf57f287"": [1]}",2027-01-04|2027-01-05|2027-01-06|2027-01-07|2027-01-08,10:00-12:00|14:00-16:00,13,,false,PREPARED_NOT_ACTIVE,b5db33ab54a9c9565edd6541461a3b982afc4a5f78ded6bbd833e99ee3f14d67
weekday,2027-01-04,2027-01-08,2027-01-04,,Ski Roter Star,ski_roter_star,1200f016-a50f-5ecc-8a05-48dc4ea9931e,cba3c8b6-200d-55d5-96d3-460fdf57f287|1200f016-a50f-5ecc-8a05-48dc4ea9931e,5253|5258|5267|5278|5284|5294,"{""1200f016-a50f-5ecc-8a05-48dc4ea9931e"": [1, 2, 3, 4, 5], ""cba3c8b6-200d-55d5-96d3-460fdf57f287"": [1]}",2027-01-04|2027-01-05|2027-01-06|2027-01-07|2027-01-08,10:00-12:00|14:00-16:00,13,,false,PREPARED_NOT_ACTIVE,b5db33ab54a9c9565edd6541461a3b982afc4a5f78ded6bbd833e99ee3f14d67
weekday,2027-01-04,2027-01-08,2027-01-04,,Ski Schwarzer König/Königin,NEW:ski_schwarzer_koenig,1200f016-a50f-5ecc-8a05-48dc4ea9931e,1200f016-a50f-5ecc-8a05-48dc4ea9931e,5278,"{""1200f016-a50f-5ecc-8a05-48dc4ea9931e"": [3]}",2027-01-04|2027-01-05|2027-01-06|2027-01-07|2027-01-08,10:00-12:00|14:00-16:00,13,,false,PREPARED_NOT_ACTIVE,b5db33ab54a9c9565edd6541461a3b982afc4a5f78ded6bbd833e99ee3f14d67
weekday,2027-01-04,2027-01-08,2027-01-04,,Ski Schwarzer Prinz/Prinzessin,ski_schwarzer_prinz,1200f016-a50f-5ecc-8a05-48dc4ea9931e,cba3c8b6-200d-55d5-96d3-460fdf57f287|1200f016-a50f-5ecc-8a05-48dc4ea9931e,5253|5258|5267|5278|5284|5294,"{""1200f016-a50f-5ecc-8a05-48dc4ea9931e"": [1, 2, 3, 4, 5], ""cba3c8b6-200d-55d5-96d3-460fdf57f287"": [1]}",2027-01-04|2027-01-05|2027-01-06|2027-01-07|2027-01-08,10:00-12:00|14:00-16:00,13,,false,PREPARED_NOT_ACTIVE,b5db33ab54a9c9565edd6541461a3b982afc4a5f78ded6bbd833e99ee3f14d67
weekday,2027-01-04,2027-01-08,2027-01-04,,Ski Swiss Snow Academy,ski_academy,1200f016-a50f-5ecc-8a05-48dc4ea9931e,cba3c8b6-200d-55d5-96d3-460fdf57f287|1200f016-a50f-5ecc-8a05-48dc4ea9931e,5253|5258|5267|5278|5284|5294,"{""1200f016-a50f-5ecc-8a05-48dc4ea9931e"": [1, 2, 3, 4, 5], ""cba3c8b6-200d-55d5-96d3-460fdf57f287"": [1]}",2027-01-04|2027-01-05|2027-01-06|2027-01-07|2027-01-08,10:00-12:00|14:00-16:00,13,,false,PREPARED_NOT_ACTIVE,b5db33ab54a9c9565edd6541461a3b982afc4a5f78ded6bbd833e99ee3f14d67
weekday,2027-01-04,2027-01-08,2027-01-04,,Ski Swiss Snow Kids Village,ski_snow_kids,1200f016-a50f-5ecc-8a05-48dc4ea9931e,cba3c8b6-200d-55d5-96d3-460fdf57f287|6edc13ea-63a2-5d4c-b22e-54f43370e800|1200f016-a50f-5ecc-8a05-48dc4ea9931e,5253|5258|5267|5278|5284|5288|5294,"{""1200f016-a50f-5ecc-8a05-48dc4ea9931e"": [1, 2, 3, 4, 5], ""6edc13ea-63a2-5d4c-b22e-54f43370e800"": [5], ""cba3c8b6-200d-55d5-96d3-460fdf57f287"": [1]}",2027-01-04|2027-01-05|2027-01-06|2027-01-07|2027-01-08,10:00-12:00|14:00-16:00,8,,false,PREPARED_NOT_ACTIVE,b5db33ab54a9c9565edd6541461a3b982afc4a5f78ded6bbd833e99ee3f14d67
weekday,2027-01-04,2027-01-08,2027-01-04,,Ski Windel-Wedelkurs,ski_windel_wedel,6edc13ea-63a2-5d4c-b22e-54f43370e800,6edc13ea-63a2-5d4c-b22e-54f43370e800,5254|5263|5273|5281|5288,"{""6edc13ea-63a2-5d4c-b22e-54f43370e800"": [1, 2, 3, 4, 5]}",2027-01-04|2027-01-05|2027-01-06|2027-01-07|2027-01-08,10:00-12:00,8,,false,PREPARED_NOT_ACTIVE,b5db33ab54a9c9565edd6541461a3b982afc4a5f78ded6bbd833e99ee3f14d67
weekday,2027-01-04,2027-01-08,2027-01-04,,Snowboard Anfänger,REVIEW:sb_adult_green,ab4e4941-02fe-58b7-9ec8-d9b773a1d870,ab4e4941-02fe-58b7-9ec8-d9b773a1d870,5249|5262|5271|5279|5290,"{""ab4e4941-02fe-58b7-9ec8-d9b773a1d870"": [1, 2, 3, 4, 5]}",2027-01-04|2027-01-05|2027-01-06|2027-01-07|2027-01-08,10:00-12:00,10,,false,PREPARED_NOT_ACTIVE,b5db33ab54a9c9565edd6541461a3b982afc4a5f78ded6bbd833e99ee3f14d67
weekday,2027-01-04,2027-01-08,2027-01-04,,Snowboard Fortgeschritten,REVIEW:sb_adult_blue,ab4e4941-02fe-58b7-9ec8-d9b773a1d870,ab4e4941-02fe-58b7-9ec8-d9b773a1d870,5249|5262|5271|5279|5290,"{""ab4e4941-02fe-58b7-9ec8-d9b773a1d870"": [1, 2, 3, 4, 5]}",2027-01-04|2027-01-05|2027-01-06|2027-01-07|2027-01-08,10:00-12:00,10,,false,PREPARED_NOT_ACTIVE,b5db33ab54a9c9565edd6541461a3b982afc4a5f78ded6bbd833e99ee3f14d67
weekday,2027-01-11,2027-01-15,2027-01-11,,Ski Blauer König/Königin,ski_blauer_koenig,1200f016-a50f-5ecc-8a05-48dc4ea9931e,cba3c8b6-200d-55d5-96d3-460fdf57f287|1200f016-a50f-5ecc-8a05-48dc4ea9931e,5253|5258|5267|5278|5284|5294,"{""1200f016-a50f-5ecc-8a05-48dc4ea9931e"": [1, 2, 3, 4, 5], ""cba3c8b6-200d-55d5-96d3-460fdf57f287"": [1]}",2027-01-11|2027-01-12|2027-01-13|2027-01-14|2027-01-15,10:00-12:00|14:00-16:00,13,,false,PREPARED_NOT_ACTIVE,b5db33ab54a9c9565edd6541461a3b982afc4a5f78ded6bbd833e99ee3f14d67
weekday,2027-01-11,2027-01-15,2027-01-11,,Ski Blauer Prinz/Prinzessin,ski_blauer_prinz,1200f016-a50f-5ecc-8a05-48dc4ea9931e,cba3c8b6-200d-55d5-96d3-460fdf57f287|1200f016-a50f-5ecc-8a05-48dc4ea9931e,5253|5258|5267|5278|5284|5294,"{""1200f016-a50f-5ecc-8a05-48dc4ea9931e"": [1, 2, 3, 4, 5], ""cba3c8b6-200d-55d5-96d3-460fdf57f287"": [1]}",2027-01-11|2027-01-12|2027-01-13|2027-01-14|2027-01-15,10:00-12:00|14:00-16:00,13,,false,PREPARED_NOT_ACTIVE,b5db33ab54a9c9565edd6541461a3b982afc4a5f78ded6bbd833e99ee3f14d67
weekday,2027-01-11,2027-01-15,2027-01-11,,Ski Blauer Star,ski_blauer_star,1200f016-a50f-5ecc-8a05-48dc4ea9931e,cba3c8b6-200d-55d5-96d3-460fdf57f287|1200f016-a50f-5ecc-8a05-48dc4ea9931e,5253|5258|5267|5278|5284|5294,"{""1200f016-a50f-5ecc-8a05-48dc4ea9931e"": [1, 2, 3, 4, 5], ""cba3c8b6-200d-55d5-96d3-460fdf57f287"": [1]}",2027-01-11|2027-01-12|2027-01-13|2027-01-14|2027-01-15,10:00-12:00|14:00-16:00,13,,false,PREPARED_NOT_ACTIVE,b5db33ab54a9c9565edd6541461a3b982afc4a5f78ded6bbd833e99ee3f14d67
weekday,2027-01-11,2027-01-15,2027-01-11,,Ski Erwachsene Anfänger,ski_adult_green,c01d4420-a932-5560-8eb0-155c10a44b10,0e172a99-d3ee-50b2-94d4-48e135e5ee0d|c01d4420-a932-5560-8eb0-155c10a44b10,5247|5259|5269|5277|5287|5296,"{""0e172a99-d3ee-50b2-94d4-48e135e5ee0d"": [1], ""c01d4420-a932-5560-8eb0-155c10a44b10"": [1, 2, 3, 4, 5]}",2027-01-11|2027-01-12|2027-01-13|2027-01-14|2027-01-15,10:00-12:00|14:00-16:00,13,,false,PREPARED_NOT_ACTIVE,b5db33ab54a9c9565edd6541461a3b982afc4a5f78ded6bbd833e99ee3f14d67
weekday,2027-01-11,2027-01-15,2027-01-11,,Ski Erwachsene Fortgeschritten,ski_adult_blue,c01d4420-a932-5560-8eb0-155c10a44b10,0e172a99-d3ee-50b2-94d4-48e135e5ee0d|c01d4420-a932-5560-8eb0-155c10a44b10,5247|5259|5269|5277|5287|5296,"{""0e172a99-d3ee-50b2-94d4-48e135e5ee0d"": [1], ""c01d4420-a932-5560-8eb0-155c10a44b10"": [1, 2, 3, 4, 5]}",2027-01-11|2027-01-12|2027-01-13|2027-01-14|2027-01-15,10:00-12:00|14:00-16:00,13,,false,PREPARED_NOT_ACTIVE,b5db33ab54a9c9565edd6541461a3b982afc4a5f78ded6bbd833e99ee3f14d67
weekday,2027-01-11,2027-01-15,2027-01-11,,Ski Erwachsene Wiedereinsteiger,NEW:ski_adult_returners,53761b30-5b0b-504e-9a9b-83f7618f6620,53761b30-5b0b-504e-9a9b-83f7618f6620,5255,"{""53761b30-5b0b-504e-9a9b-83f7618f6620"": [1]}",2027-01-11|2027-01-12|2027-01-13|2027-01-14|2027-01-15,10:00-12:00,13,,false,PREPARED_NOT_ACTIVE,b5db33ab54a9c9565edd6541461a3b982afc4a5f78ded6bbd833e99ee3f14d67
weekday,2027-01-11,2027-01-15,2027-01-11,,Ski Kinder Fortgeschritten,NEW:ski_kids_advanced,1200f016-a50f-5ecc-8a05-48dc4ea9931e,1200f016-a50f-5ecc-8a05-48dc4ea9931e,5278,"{""1200f016-a50f-5ecc-8a05-48dc4ea9931e"": [3]}",2027-01-11|2027-01-12|2027-01-13|2027-01-14|2027-01-15,10:00-12:00|14:00-16:00,13,,false,PREPARED_NOT_ACTIVE,b5db33ab54a9c9565edd6541461a3b982afc4a5f78ded6bbd833e99ee3f14d67
weekday,2027-01-11,2027-01-15,2027-01-11,,Ski Roter König/Königin,ski_roter_koenig,1200f016-a50f-5ecc-8a05-48dc4ea9931e,cba3c8b6-200d-55d5-96d3-460fdf57f287|1200f016-a50f-5ecc-8a05-48dc4ea9931e,5253|5258|5267|5278|5284|5294,"{""1200f016-a50f-5ecc-8a05-48dc4ea9931e"": [1, 2, 3, 4, 5], ""cba3c8b6-200d-55d5-96d3-460fdf57f287"": [1]}",2027-01-11|2027-01-12|2027-01-13|2027-01-14|2027-01-15,10:00-12:00|14:00-16:00,13,,false,PREPARED_NOT_ACTIVE,b5db33ab54a9c9565edd6541461a3b982afc4a5f78ded6bbd833e99ee3f14d67
weekday,2027-01-11,2027-01-15,2027-01-11,,Ski Roter Prinz/Prinzessin,ski_roter_prinz,1200f016-a50f-5ecc-8a05-48dc4ea9931e,cba3c8b6-200d-55d5-96d3-460fdf57f287|1200f016-a50f-5ecc-8a05-48dc4ea9931e,5253|5258|5267|5278|5284|5294,"{""1200f016-a50f-5ecc-8a05-48dc4ea9931e"": [1, 2, 3, 4, 5], ""cba3c8b6-200d-55d5-96d3-460fdf57f287"": [1]}",2027-01-11|2027-01-12|2027-01-13|2027-01-14|2027-01-15,10:00-12:00|14:00-16:00,13,,false,PREPARED_NOT_ACTIVE,b5db33ab54a9c9565edd6541461a3b982afc4a5f78ded6bbd833e99ee3f14d67
weekday,2027-01-11,2027-01-15,2027-01-11,,Ski Roter Star,ski_roter_star,1200f016-a50f-5ecc-8a05-48dc4ea9931e,cba3c8b6-200d-55d5-96d3-460fdf57f287|1200f016-a50f-5ecc-8a05-48dc4ea9931e,5253|5258|5267|5278|5284|5294,"{""1200f016-a50f-5ecc-8a05-48dc4ea9931e"": [1, 2, 3, 4, 5], ""cba3c8b6-200d-55d5-96d3-460fdf57f287"": [1]}",2027-01-11|2027-01-12|2027-01-13|2027-01-14|2027-01-15,10:00-12:00|14:00-16:00,13,,false,PREPARED_NOT_ACTIVE,b5db33ab54a9c9565edd6541461a3b982afc4a5f78ded6bbd833e99ee3f14d67
weekday,2027-01-11,2027-01-15,2027-01-11,,Ski Schwarzer König/Königin,NEW:ski_schwarzer_koenig,1200f016-a50f-5ecc-8a05-48dc4ea9931e,1200f016-a50f-5ecc-8a05-48dc4ea9931e,5278,"{""1200f016-a50f-5ecc-8a05-48dc4ea9931e"": [3]}",2027-01-11|2027-01-12|2027-01-13|2027-01-14|2027-01-15,10:00-12:00|14:00-16:00,13,,false,PREPARED_NOT_ACTIVE,b5db33ab54a9c9565edd6541461a3b982afc4a5f78ded6bbd833e99ee3f14d67
weekday,2027-01-11,2027-01-15,2027-01-11,,Ski Schwarzer Prinz/Prinzessin,ski_schwarzer_prinz,1200f016-a50f-5ecc-8a05-48dc4ea9931e,cba3c8b6-200d-55d5-96d3-460fdf57f287|1200f016-a50f-5ecc-8a05-48dc4ea9931e,5253|5258|5267|5278|5284|5294,"{""1200f016-a50f-5ecc-8a05-48dc4ea9931e"": [1, 2, 3, 4, 5], ""cba3c8b6-200d-55d5-96d3-460fdf57f287"": [1]}",2027-01-11|2027-01-12|2027-01-13|2027-01-14|2027-01-15,10:00-12:00|14:00-16:00,13,,false,PREPARED_NOT_ACTIVE,b5db33ab54a9c9565edd6541461a3b982afc4a5f78ded6bbd833e99ee3f14d67
weekday,2027-01-11,2027-01-15,2027-01-11,,Ski Swiss Snow Academy,ski_academy,1200f016-a50f-5ecc-8a05-48dc4ea9931e,cba3c8b6-200d-55d5-96d3-460fdf57f287|1200f016-a50f-5ecc-8a05-48dc4ea9931e,5253|5258|5267|5278|5284|5294,"{""1200f016-a50f-5ecc-8a05-48dc4ea9931e"": [1, 2, 3, 4, 5], ""cba3c8b6-200d-55d5-96d3-460fdf57f287"": [1]}",2027-01-11|2027-01-12|2027-01-13|2027-01-14|2027-01-15,10:00-12:00|14:00-16:00,13,,false,PREPARED_NOT_ACTIVE,b5db33ab54a9c9565edd6541461a3b982afc4a5f78ded6bbd833e99ee3f14d67
weekday,2027-01-11,2027-01-15,2027-01-11,,Ski Swiss Snow Kids Village,ski_snow_kids,1200f016-a50f-5ecc-8a05-48dc4ea9931e,cba3c8b6-200d-55d5-96d3-460fdf57f287|6edc13ea-63a2-5d4c-b22e-54f43370e800|1200f016-a50f-5ecc-8a05-48dc4ea9931e,5253|5258|5267|5278|5284|5288|5294,"{""1200f016-a50f-5ecc-8a05-48dc4ea9931e"": [1, 2, 3, 4, 5], ""6edc13ea-63a2-5d4c-b22e-54f43370e800"": [5], ""cba3c8b6-200d-55d5-96d3-460fdf57f287"": [1]}",2027-01-11|2027-01-12|2027-01-13|2027-01-14|2027-01-15,10:00-12:00|14:00-16:00,8,,false,PREPARED_NOT_ACTIVE,b5db33ab54a9c9565edd6541461a3b982afc4a5f78ded6bbd833e99ee3f14d67
weekday,2027-01-11,2027-01-15,2027-01-11,,Ski Windel-Wedelkurs,ski_windel_wedel,6edc13ea-63a2-5d4c-b22e-54f43370e800,6edc13ea-63a2-5d4c-b22e-54f43370e800,5254|5263|5273|5281|5288,"{""6edc13ea-63a2-5d4c-b22e-54f43370e800"": [1, 2, 3, 4, 5]}",2027-01-11|2027-01-12|2027-01-13|2027-01-14|2027-01-15,10:00-12:00,8,,false,PREPARED_NOT_ACTIVE,b5db33ab54a9c9565edd6541461a3b982afc4a5f78ded6bbd833e99ee3f14d67
weekday,2027-01-11,2027-01-15,2027-01-11,,Snowboard Anfänger,REVIEW:sb_adult_green,ab4e4941-02fe-58b7-9ec8-d9b773a1d870,ab4e4941-02fe-58b7-9ec8-d9b773a1d870,5249|5262|5271|5279|5290,"{""ab4e4941-02fe-58b7-9ec8-d9b773a1d870"": [1, 2, 3, 4, 5]}",2027-01-11|2027-01-12|2027-01-13|2027-01-14|2027-01-15,10:00-12:00,10,,false,PREPARED_NOT_ACTIVE,b5db33ab54a9c9565edd6541461a3b982afc4a5f78ded6bbd833e99ee3f14d67
weekday,2027-01-11,2027-01-15,2027-01-11,,Snowboard Fortgeschritten,REVIEW:sb_adult_blue,ab4e4941-02fe-58b7-9ec8-d9b773a1d870,ab4e4941-02fe-58b7-9ec8-d9b773a1d870,5249|5262|5271|5279|5290,"{""ab4e4941-02fe-58b7-9ec8-d9b773a1d870"": [1, 2, 3, 4, 5]}",2027-01-11|2027-01-12|2027-01-13|2027-01-14|2027-01-15,10:00-12:00,10,,false,PREPARED_NOT_ACTIVE,b5db33ab54a9c9565edd6541461a3b982afc4a5f78ded6bbd833e99ee3f14d67
weekday,2027-01-18,2027-01-22,2027-01-18,,Ski Blauer König/Königin,ski_blauer_koenig,1200f016-a50f-5ecc-8a05-48dc4ea9931e,cba3c8b6-200d-55d5-96d3-460fdf57f287|1200f016-a50f-5ecc-8a05-48dc4ea9931e,5253|5258|5267|5278|5284|5294,"{""1200f016-a50f-5ecc-8a05-48dc4ea9931e"": [1, 2, 3, 4, 5], ""cba3c8b6-200d-55d5-96d3-460fdf57f287"": [1]}",2027-01-18|2027-01-19|2027-01-20|2027-01-21|2027-01-22,10:00-12:00|14:00-16:00,13,,false,PREPARED_NOT_ACTIVE,b5db33ab54a9c9565edd6541461a3b982afc4a5f78ded6bbd833e99ee3f14d67
weekday,2027-01-18,2027-01-22,2027-01-18,,Ski Blauer Prinz/Prinzessin,ski_blauer_prinz,1200f016-a50f-5ecc-8a05-48dc4ea9931e,cba3c8b6-200d-55d5-96d3-460fdf57f287|1200f016-a50f-5ecc-8a05-48dc4ea9931e,5253|5258|5267|5278|5284|5294,"{""1200f016-a50f-5ecc-8a05-48dc4ea9931e"": [1, 2, 3, 4, 5], ""cba3c8b6-200d-55d5-96d3-460fdf57f287"": [1]}",2027-01-18|2027-01-19|2027-01-20|2027-01-21|2027-01-22,10:00-12:00|14:00-16:00,13,,false,PREPARED_NOT_ACTIVE,b5db33ab54a9c9565edd6541461a3b982afc4a5f78ded6bbd833e99ee3f14d67
weekday,2027-01-18,2027-01-22,2027-01-18,,Ski Blauer Star,ski_blauer_star,1200f016-a50f-5ecc-8a05-48dc4ea9931e,cba3c8b6-200d-55d5-96d3-460fdf57f287|1200f016-a50f-5ecc-8a05-48dc4ea9931e,5253|5258|5267|5278|5284|5294,"{""1200f016-a50f-5ecc-8a05-48dc4ea9931e"": [1, 2, 3, 4, 5], ""cba3c8b6-200d-55d5-96d3-460fdf57f287"": [1]}",2027-01-18|2027-01-19|2027-01-20|2027-01-21|2027-01-22,10:00-12:00|14:00-16:00,13,,false,PREPARED_NOT_ACTIVE,b5db33ab54a9c9565edd6541461a3b982afc4a5f78ded6bbd833e99ee3f14d67
weekday,2027-01-18,2027-01-22,2027-01-18,,Ski Erwachsene Anfänger,ski_adult_green,c01d4420-a932-5560-8eb0-155c10a44b10,0e172a99-d3ee-50b2-94d4-48e135e5ee0d|c01d4420-a932-5560-8eb0-155c10a44b10,5247|5259|5269|5277|5287|5296,"{""0e172a99-d3ee-50b2-94d4-48e135e5ee0d"": [1], ""c01d4420-a932-5560-8eb0-155c10a44b10"": [1, 2, 3, 4, 5]}",2027-01-18|2027-01-19|2027-01-20|2027-01-21|2027-01-22,10:00-12:00|14:00-16:00,13,,false,PREPARED_NOT_ACTIVE,b5db33ab54a9c9565edd6541461a3b982afc4a5f78ded6bbd833e99ee3f14d67
weekday,2027-01-18,2027-01-22,2027-01-18,,Ski Erwachsene Fortgeschritten,ski_adult_blue,c01d4420-a932-5560-8eb0-155c10a44b10,0e172a99-d3ee-50b2-94d4-48e135e5ee0d|c01d4420-a932-5560-8eb0-155c10a44b10,5247|5259|5269|5277|5287|5296,"{""0e172a99-d3ee-50b2-94d4-48e135e5ee0d"": [1], ""c01d4420-a932-5560-8eb0-155c10a44b10"": [1, 2, 3, 4, 5]}",2027-01-18|2027-01-19|2027-01-20|2027-01-21|2027-01-22,10:00-12:00|14:00-16:00,13,,false,PREPARED_NOT_ACTIVE,b5db33ab54a9c9565edd6541461a3b982afc4a5f78ded6bbd833e99ee3f14d67
weekday,2027-01-18,2027-01-22,2027-01-18,,Ski Erwachsene Wiedereinsteiger,NEW:ski_adult_returners,53761b30-5b0b-504e-9a9b-83f7618f6620,53761b30-5b0b-504e-9a9b-83f7618f6620,5255,"{""53761b30-5b0b-504e-9a9b-83f7618f6620"": [1]}",2027-01-18|2027-01-19|2027-01-20|2027-01-21|2027-01-22,10:00-12:00,13,,false,PREPARED_NOT_ACTIVE,b5db33ab54a9c9565edd6541461a3b982afc4a5f78ded6bbd833e99ee3f14d67
weekday,2027-01-18,2027-01-22,2027-01-18,,Ski Kinder Fortgeschritten,NEW:ski_kids_advanced,1200f016-a50f-5ecc-8a05-48dc4ea9931e,1200f016-a50f-5ecc-8a05-48dc4ea9931e,5278,"{""1200f016-a50f-5ecc-8a05-48dc4ea9931e"": [3]}",2027-01-18|2027-01-19|2027-01-20|2027-01-21|2027-01-22,10:00-12:00|14:00-16:00,13,,false,PREPARED_NOT_ACTIVE,b5db33ab54a9c9565edd6541461a3b982afc4a5f78ded6bbd833e99ee3f14d67
weekday,2027-01-18,2027-01-22,2027-01-18,,Ski Roter König/Königin,ski_roter_koenig,1200f016-a50f-5ecc-8a05-48dc4ea9931e,cba3c8b6-200d-55d5-96d3-460fdf57f287|1200f016-a50f-5ecc-8a05-48dc4ea9931e,5253|5258|5267|5278|5284|5294,"{""1200f016-a50f-5ecc-8a05-48dc4ea9931e"": [1, 2, 3, 4, 5], ""cba3c8b6-200d-55d5-96d3-460fdf57f287"": [1]}",2027-01-18|2027-01-19|2027-01-20|2027-01-21|2027-01-22,10:00-12:00|14:00-16:00,13,,false,PREPARED_NOT_ACTIVE,b5db33ab54a9c9565edd6541461a3b982afc4a5f78ded6bbd833e99ee3f14d67
weekday,2027-01-18,2027-01-22,2027-01-18,,Ski Roter Prinz/Prinzessin,ski_roter_prinz,1200f016-a50f-5ecc-8a05-48dc4ea9931e,cba3c8b6-200d-55d5-96d3-460fdf57f287|1200f016-a50f-5ecc-8a05-48dc4ea9931e,5253|5258|5267|5278|5284|5294,"{""1200f016-a50f-5ecc-8a05-48dc4ea9931e"": [1, 2, 3, 4, 5], ""cba3c8b6-200d-55d5-96d3-460fdf57f287"": [1]}",2027-01-18|2027-01-19|2027-01-20|2027-01-21|2027-01-22,10:00-12:00|14:00-16:00,13,,false,PREPARED_NOT_ACTIVE,b5db33ab54a9c9565edd6541461a3b982afc4a5f78ded6bbd833e99ee3f14d67
weekday,2027-01-18,2027-01-22,2027-01-18,,Ski Roter Star,ski_roter_star,1200f016-a50f-5ecc-8a05-48dc4ea9931e,cba3c8b6-200d-55d5-96d3-460fdf57f287|1200f016-a50f-5ecc-8a05-48dc4ea9931e,5253|5258|5267|5278|5284|5294,"{""1200f016-a50f-5ecc-8a05-48dc4ea9931e"": [1, 2, 3, 4, 5], ""cba3c8b6-200d-55d5-96d3-460fdf57f287"": [1]}",2027-01-18|2027-01-19|2027-01-20|2027-01-21|2027-01-22,10:00-12:00|14:00-16:00,13,,false,PREPARED_NOT_ACTIVE,b5db33ab54a9c9565edd6541461a3b982afc4a5f78ded6bbd833e99ee3f14d67
weekday,2027-01-18,2027-01-22,2027-01-18,,Ski Schwarzer König/Königin,NEW:ski_schwarzer_koenig,1200f016-a50f-5ecc-8a05-48dc4ea9931e,1200f016-a50f-5ecc-8a05-48dc4ea9931e,5278,"{""1200f016-a50f-5ecc-8a05-48dc4ea9931e"": [3]}",2027-01-18|2027-01-19|2027-01-20|2027-01-21|2027-01-22,10:00-12:00|14:00-16:00,13,,false,PREPARED_NOT_ACTIVE,b5db33ab54a9c9565edd6541461a3b982afc4a5f78ded6bbd833e99ee3f14d67
weekday,2027-01-18,2027-01-22,2027-01-18,,Ski Schwarzer Prinz/Prinzessin,ski_schwarzer_prinz,1200f016-a50f-5ecc-8a05-48dc4ea9931e,cba3c8b6-200d-55d5-96d3-460fdf57f287|1200f016-a50f-5ecc-8a05-48dc4ea9931e,5253|5258|5267|5278|5284|5294,"{""1200f016-a50f-5ecc-8a05-48dc4ea9931e"": [1, 2, 3, 4, 5], ""cba3c8b6-200d-55d5-96d3-460fdf57f287"": [1]}",2027-01-18|2027-01-19|2027-01-20|2027-01-21|2027-01-22,10:00-12:00|14:00-16:00,13,,false,PREPARED_NOT_ACTIVE,b5db33ab54a9c9565edd6541461a3b982afc4a5f78ded6bbd833e99ee3f14d67
weekday,2027-01-18,2027-01-22,2027-01-18,,Ski Swiss Snow Academy,ski_academy,1200f016-a50f-5ecc-8a05-48dc4ea9931e,cba3c8b6-200d-55d5-96d3-460fdf57f287|1200f016-a50f-5ecc-8a05-48dc4ea9931e,5253|5258|5267|5278|5284|5294,"{""1200f016-a50f-5ecc-8a05-48dc4ea9931e"": [1, 2, 3, 4, 5], ""cba3c8b6-200d-55d5-96d3-460fdf57f287"": [1]}",2027-01-18|2027-01-19|2027-01-20|2027-01-21|2027-01-22,10:00-12:00|14:00-16:00,13,,false,PREPARED_NOT_ACTIVE,b5db33ab54a9c9565edd6541461a3b982afc4a5f78ded6bbd833e99ee3f14d67
weekday,2027-01-18,2027-01-22,2027-01-18,,Ski Swiss Snow Kids Village,ski_snow_kids,1200f016-a50f-5ecc-8a05-48dc4ea9931e,cba3c8b6-200d-55d5-96d3-460fdf57f287|6edc13ea-63a2-5d4c-b22e-54f43370e800|1200f016-a50f-5ecc-8a05-48dc4ea9931e,5253|5258|5267|5278|5284|5288|5294,"{""1200f016-a50f-5ecc-8a05-48dc4ea9931e"": [1, 2, 3, 4, 5], ""6edc13ea-63a2-5d4c-b22e-54f43370e800"": [5], ""cba3c8b6-200d-55d5-96d3-460fdf57f287"": [1]}",2027-01-18|2027-01-19|2027-01-20|2027-01-21|2027-01-22,10:00-12:00|14:00-16:00,8,,false,PREPARED_NOT_ACTIVE,b5db33ab54a9c9565edd6541461a3b982afc4a5f78ded6bbd833e99ee3f14d67
weekday,2027-01-18,2027-01-22,2027-01-18,,Ski Windel-Wedelkurs,ski_windel_wedel,6edc13ea-63a2-5d4c-b22e-54f43370e800,6edc13ea-63a2-5d4c-b22e-54f43370e800,5254|5263|5273|5281|5288,"{""6edc13ea-63a2-5d4c-b22e-54f43370e800"": [1, 2, 3, 4, 5]}",2027-01-18|2027-01-19|2027-01-20|2027-01-21|2027-01-22,10:00-12:00,8,,false,PREPARED_NOT_ACTIVE,b5db33ab54a9c9565edd6541461a3b982afc4a5f78ded6bbd833e99ee3f14d67
weekday,2027-01-18,2027-01-22,2027-01-18,,Snowboard Anfänger,REVIEW:sb_adult_green,ab4e4941-02fe-58b7-9ec8-d9b773a1d870,ab4e4941-02fe-58b7-9ec8-d9b773a1d870,5249|5262|5271|5279|5290,"{""ab4e4941-02fe-58b7-9ec8-d9b773a1d870"": [1, 2, 3, 4, 5]}",2027-01-18|2027-01-19|2027-01-20|2027-01-21|2027-01-22,10:00-12:00,10,,false,PREPARED_NOT_ACTIVE,b5db33ab54a9c9565edd6541461a3b982afc4a5f78ded6bbd833e99ee3f14d67
weekday,2027-01-18,2027-01-22,2027-01-18,,Snowboard Fortgeschritten,REVIEW:sb_adult_blue,ab4e4941-02fe-58b7-9ec8-d9b773a1d870,ab4e4941-02fe-58b7-9ec8-d9b773a1d870,5249|5262|5271|5279|5290,"{""ab4e4941-02fe-58b7-9ec8-d9b773a1d870"": [1, 2, 3, 4, 5]}",2027-01-18|2027-01-19|2027-01-20|2027-01-21|2027-01-22,10:00-12:00,10,,false,PREPARED_NOT_ACTIVE,b5db33ab54a9c9565edd6541461a3b982afc4a5f78ded6bbd833e99ee3f14d67
weekday,2027-01-25,2027-01-29,2027-01-25,,Ski Blauer König/Königin,ski_blauer_koenig,1200f016-a50f-5ecc-8a05-48dc4ea9931e,cba3c8b6-200d-55d5-96d3-460fdf57f287|1200f016-a50f-5ecc-8a05-48dc4ea9931e,5253|5258|5267|5278|5284|5294,"{""1200f016-a50f-5ecc-8a05-48dc4ea9931e"": [1, 2, 3, 4, 5], ""cba3c8b6-200d-55d5-96d3-460fdf57f287"": [1]}",2027-01-25|2027-01-26|2027-01-27|2027-01-28|2027-01-29,10:00-12:00|14:00-16:00,13,,false,PREPARED_NOT_ACTIVE,b5db33ab54a9c9565edd6541461a3b982afc4a5f78ded6bbd833e99ee3f14d67
weekday,2027-01-25,2027-01-29,2027-01-25,,Ski Blauer Prinz/Prinzessin,ski_blauer_prinz,1200f016-a50f-5ecc-8a05-48dc4ea9931e,cba3c8b6-200d-55d5-96d3-460fdf57f287|1200f016-a50f-5ecc-8a05-48dc4ea9931e,5253|5258|5267|5278|5284|5294,"{""1200f016-a50f-5ecc-8a05-48dc4ea9931e"": [1, 2, 3, 4, 5], ""cba3c8b6-200d-55d5-96d3-460fdf57f287"": [1]}",2027-01-25|2027-01-26|2027-01-27|2027-01-28|2027-01-29,10:00-12:00|14:00-16:00,13,,false,PREPARED_NOT_ACTIVE,b5db33ab54a9c9565edd6541461a3b982afc4a5f78ded6bbd833e99ee3f14d67
weekday,2027-01-25,2027-01-29,2027-01-25,,Ski Blauer Star,ski_blauer_star,1200f016-a50f-5ecc-8a05-48dc4ea9931e,cba3c8b6-200d-55d5-96d3-460fdf57f287|1200f016-a50f-5ecc-8a05-48dc4ea9931e,5253|5258|5267|5278|5284|5294,"{""1200f016-a50f-5ecc-8a05-48dc4ea9931e"": [1, 2, 3, 4, 5], ""cba3c8b6-200d-55d5-96d3-460fdf57f287"": [1]}",2027-01-25|2027-01-26|2027-01-27|2027-01-28|2027-01-29,10:00-12:00|14:00-16:00,13,,false,PREPARED_NOT_ACTIVE,b5db33ab54a9c9565edd6541461a3b982afc4a5f78ded6bbd833e99ee3f14d67
weekday,2027-01-25,2027-01-29,2027-01-25,,Ski Erwachsene Anfänger,ski_adult_green,c01d4420-a932-5560-8eb0-155c10a44b10,0e172a99-d3ee-50b2-94d4-48e135e5ee0d|c01d4420-a932-5560-8eb0-155c10a44b10,5247|5259|5269|5277|5287|5296,"{""0e172a99-d3ee-50b2-94d4-48e135e5ee0d"": [1], ""c01d4420-a932-5560-8eb0-155c10a44b10"": [1, 2, 3, 4, 5]}",2027-01-25|2027-01-26|2027-01-27|2027-01-28|2027-01-29,10:00-12:00|14:00-16:00,13,,false,PREPARED_NOT_ACTIVE,b5db33ab54a9c9565edd6541461a3b982afc4a5f78ded6bbd833e99ee3f14d67
weekday,2027-01-25,2027-01-29,2027-01-25,,Ski Erwachsene Fortgeschritten,ski_adult_blue,c01d4420-a932-5560-8eb0-155c10a44b10,0e172a99-d3ee-50b2-94d4-48e135e5ee0d|c01d4420-a932-5560-8eb0-155c10a44b10,5247|5259|5269|5277|5287|5296,"{""0e172a99-d3ee-50b2-94d4-48e135e5ee0d"": [1], ""c01d4420-a932-5560-8eb0-155c10a44b10"": [1, 2, 3, 4, 5]}",2027-01-25|2027-01-26|2027-01-27|2027-01-28|2027-01-29,10:00-12:00|14:00-16:00,13,,false,PREPARED_NOT_ACTIVE,b5db33ab54a9c9565edd6541461a3b982afc4a5f78ded6bbd833e99ee3f14d67
weekday,2027-01-25,2027-01-29,2027-01-25,,Ski Erwachsene Wiedereinsteiger,NEW:ski_adult_returners,53761b30-5b0b-504e-9a9b-83f7618f6620,53761b30-5b0b-504e-9a9b-83f7618f6620,5255,"{""53761b30-5b0b-504e-9a9b-83f7618f6620"": [1]}",2027-01-25|2027-01-26|2027-01-27|2027-01-28|2027-01-29,10:00-12:00,13,,false,PREPARED_NOT_ACTIVE,b5db33ab54a9c9565edd6541461a3b982afc4a5f78ded6bbd833e99ee3f14d67
weekday,2027-01-25,2027-01-29,2027-01-25,,Ski Kinder Fortgeschritten,NEW:ski_kids_advanced,1200f016-a50f-5ecc-8a05-48dc4ea9931e,1200f016-a50f-5ecc-8a05-48dc4ea9931e,5278,"{""1200f016-a50f-5ecc-8a05-48dc4ea9931e"": [3]}",2027-01-25|2027-01-26|2027-01-27|2027-01-28|2027-01-29,10:00-12:00|14:00-16:00,13,,false,PREPARED_NOT_ACTIVE,b5db33ab54a9c9565edd6541461a3b982afc4a5f78ded6bbd833e99ee3f14d67
weekday,2027-01-25,2027-01-29,2027-01-25,,Ski Roter König/Königin,ski_roter_koenig,1200f016-a50f-5ecc-8a05-48dc4ea9931e,cba3c8b6-200d-55d5-96d3-460fdf57f287|1200f016-a50f-5ecc-8a05-48dc4ea9931e,5253|5258|5267|5278|5284|5294,"{""1200f016-a50f-5ecc-8a05-48dc4ea9931e"": [1, 2, 3, 4, 5], ""cba3c8b6-200d-55d5-96d3-460fdf57f287"": [1]}",2027-01-25|2027-01-26|2027-01-27|2027-01-28|2027-01-29,10:00-12:00|14:00-16:00,13,,false,PREPARED_NOT_ACTIVE,b5db33ab54a9c9565edd6541461a3b982afc4a5f78ded6bbd833e99ee3f14d67
weekday,2027-01-25,2027-01-29,2027-01-25,,Ski Roter Prinz/Prinzessin,ski_roter_prinz,1200f016-a50f-5ecc-8a05-48dc4ea9931e,cba3c8b6-200d-55d5-96d3-460fdf57f287|1200f016-a50f-5ecc-8a05-48dc4ea9931e,5253|5258|5267|5278|5284|5294,"{""1200f016-a50f-5ecc-8a05-48dc4ea9931e"": [1, 2, 3, 4, 5], ""cba3c8b6-200d-55d5-96d3-460fdf57f287"": [1]}",2027-01-25|2027-01-26|2027-01-27|2027-01-28|2027-01-29,10:00-12:00|14:00-16:00,13,,false,PREPARED_NOT_ACTIVE,b5db33ab54a9c9565edd6541461a3b982afc4a5f78ded6bbd833e99ee3f14d67
weekday,2027-01-25,2027-01-29,2027-01-25,,Ski Roter Star,ski_roter_star,1200f016-a50f-5ecc-8a05-48dc4ea9931e,cba3c8b6-200d-55d5-96d3-460fdf57f287|1200f016-a50f-5ecc-8a05-48dc4ea9931e,5253|5258|5267|5278|5284|5294,"{""1200f016-a50f-5ecc-8a05-48dc4ea9931e"": [1, 2, 3, 4, 5], ""cba3c8b6-200d-55d5-96d3-460fdf57f287"": [1]}",2027-01-25|2027-01-26|2027-01-27|2027-01-28|2027-01-29,10:00-12:00|14:00-16:00,13,,false,PREPARED_NOT_ACTIVE,b5db33ab54a9c9565edd6541461a3b982afc4a5f78ded6bbd833e99ee3f14d67
weekday,2027-01-25,2027-01-29,2027-01-25,,Ski Schwarzer König/Königin,NEW:ski_schwarzer_koenig,1200f016-a50f-5ecc-8a05-48dc4ea9931e,1200f016-a50f-5ecc-8a05-48dc4ea9931e,5278,"{""1200f016-a50f-5ecc-8a05-48dc4ea9931e"": [3]}",2027-01-25|2027-01-26|2027-01-27|2027-01-28|2027-01-29,10:00-12:00|14:00-16:00,13,,false,PREPARED_NOT_ACTIVE,b5db33ab54a9c9565edd6541461a3b982afc4a5f78ded6bbd833e99ee3f14d67
weekday,2027-01-25,2027-01-29,2027-01-25,,Ski Schwarzer Prinz/Prinzessin,ski_schwarzer_prinz,1200f016-a50f-5ecc-8a05-48dc4ea9931e,cba3c8b6-200d-55d5-96d3-460fdf57f287|1200f016-a50f-5ecc-8a05-48dc4ea9931e,5253|5258|5267|5278|5284|5294,"{""1200f016-a50f-5ecc-8a05-48dc4ea9931e"": [1, 2, 3, 4, 5], ""cba3c8b6-200d-55d5-96d3-460fdf57f287"": [1]}",2027-01-25|2027-01-26|2027-01-27|2027-01-28|2027-01-29,10:00-12:00|14:00-16:00,13,,false,PREPARED_NOT_ACTIVE,b5db33ab54a9c9565edd6541461a3b982afc4a5f78ded6bbd833e99ee3f14d67
weekday,2027-01-25,2027-01-29,2027-01-25,,Ski Swiss Snow Academy,ski_academy,1200f016-a50f-5ecc-8a05-48dc4ea9931e,cba3c8b6-200d-55d5-96d3-460fdf57f287|1200f016-a50f-5ecc-8a05-48dc4ea9931e,5253|5258|5267|5278|5284|5294,"{""1200f016-a50f-5ecc-8a05-48dc4ea9931e"": [1, 2, 3, 4, 5], ""cba3c8b6-200d-55d5-96d3-460fdf57f287"": [1]}",2027-01-25|2027-01-26|2027-01-27|2027-01-28|2027-01-29,10:00-12:00|14:00-16:00,13,,false,PREPARED_NOT_ACTIVE,b5db33ab54a9c9565edd6541461a3b982afc4a5f78ded6bbd833e99ee3f14d67
weekday,2027-01-25,2027-01-29,2027-01-25,,Ski Swiss Snow Kids Village,ski_snow_kids,1200f016-a50f-5ecc-8a05-48dc4ea9931e,cba3c8b6-200d-55d5-96d3-460fdf57f287|6edc13ea-63a2-5d4c-b22e-54f43370e800|1200f016-a50f-5ecc-8a05-48dc4ea9931e,5253|5258|5267|5278|5284|5288|5294,"{""1200f016-a50f-5ecc-8a05-48dc4ea9931e"": [1, 2, 3, 4, 5], ""6edc13ea-63a2-5d4c-b22e-54f43370e800"": [5], ""cba3c8b6-200d-55d5-96d3-460fdf57f287"": [1]}",2027-01-25|2027-01-26|2027-01-27|2027-01-28|2027-01-29,10:00-12:00|14:00-16:00,8,,false,PREPARED_NOT_ACTIVE,b5db33ab54a9c9565edd6541461a3b982afc4a5f78ded6bbd833e99ee3f14d67
weekday,2027-01-25,2027-01-29,2027-01-25,,Ski Windel-Wedelkurs,ski_windel_wedel,6edc13ea-63a2-5d4c-b22e-54f43370e800,6edc13ea-63a2-5d4c-b22e-54f43370e800,5254|5263|5273|5281|5288,"{""6edc13ea-63a2-5d4c-b22e-54f43370e800"": [1, 2, 3, 4, 5]}",2027-01-25|2027-01-26|2027-01-27|2027-01-28|2027-01-29,10:00-12:00,8,,false,PREPARED_NOT_ACTIVE,b5db33ab54a9c9565edd6541461a3b982afc4a5f78ded6bbd833e99ee3f14d67
weekday,2027-01-25,2027-01-29,2027-01-25,,Snowboard Anfänger,REVIEW:sb_adult_green,ab4e4941-02fe-58b7-9ec8-d9b773a1d870,ab4e4941-02fe-58b7-9ec8-d9b773a1d870,5249|5262|5271|5279|5290,"{""ab4e4941-02fe-58b7-9ec8-d9b773a1d870"": [1, 2, 3, 4, 5]}",2027-01-25|2027-01-26|2027-01-27|2027-01-28|2027-01-29,10:00-12:00,10,,false,PREPARED_NOT_ACTIVE,b5db33ab54a9c9565edd6541461a3b982afc4a5f78ded6bbd833e99ee3f14d67
weekday,2027-01-25,2027-01-29,2027-01-25,,Snowboard Fortgeschritten,REVIEW:sb_adult_blue,ab4e4941-02fe-58b7-9ec8-d9b773a1d870,ab4e4941-02fe-58b7-9ec8-d9b773a1d870,5249|5262|5271|5279|5290,"{""ab4e4941-02fe-58b7-9ec8-d9b773a1d870"": [1, 2, 3, 4, 5]}",2027-01-25|2027-01-26|2027-01-27|2027-01-28|2027-01-29,10:00-12:00,10,,false,PREPARED_NOT_ACTIVE,b5db33ab54a9c9565edd6541461a3b982afc4a5f78ded6bbd833e99ee3f14d67
weekday,2027-02-01,2027-02-05,2027-02-01,,Ski Blauer König/Königin,ski_blauer_koenig,1200f016-a50f-5ecc-8a05-48dc4ea9931e,cba3c8b6-200d-55d5-96d3-460fdf57f287|1200f016-a50f-5ecc-8a05-48dc4ea9931e,5253|5258|5267|5278|5284|5294,"{""1200f016-a50f-5ecc-8a05-48dc4ea9931e"": [1, 2, 3, 4, 5], ""cba3c8b6-200d-55d5-96d3-460fdf57f287"": [1]}",2027-02-01|2027-02-02|2027-02-03|2027-02-04|2027-02-05,10:00-12:00|14:00-16:00,13,,false,PREPARED_NOT_ACTIVE,b5db33ab54a9c9565edd6541461a3b982afc4a5f78ded6bbd833e99ee3f14d67
weekday,2027-02-01,2027-02-05,2027-02-01,,Ski Blauer Prinz/Prinzessin,ski_blauer_prinz,1200f016-a50f-5ecc-8a05-48dc4ea9931e,cba3c8b6-200d-55d5-96d3-460fdf57f287|1200f016-a50f-5ecc-8a05-48dc4ea9931e,5253|5258|5267|5278|5284|5294,"{""1200f016-a50f-5ecc-8a05-48dc4ea9931e"": [1, 2, 3, 4, 5], ""cba3c8b6-200d-55d5-96d3-460fdf57f287"": [1]}",2027-02-01|2027-02-02|2027-02-03|2027-02-04|2027-02-05,10:00-12:00|14:00-16:00,13,,false,PREPARED_NOT_ACTIVE,b5db33ab54a9c9565edd6541461a3b982afc4a5f78ded6bbd833e99ee3f14d67
weekday,2027-02-01,2027-02-05,2027-02-01,,Ski Blauer Star,ski_blauer_star,1200f016-a50f-5ecc-8a05-48dc4ea9931e,cba3c8b6-200d-55d5-96d3-460fdf57f287|1200f016-a50f-5ecc-8a05-48dc4ea9931e,5253|5258|5267|5278|5284|5294,"{""1200f016-a50f-5ecc-8a05-48dc4ea9931e"": [1, 2, 3, 4, 5], ""cba3c8b6-200d-55d5-96d3-460fdf57f287"": [1]}",2027-02-01|2027-02-02|2027-02-03|2027-02-04|2027-02-05,10:00-12:00|14:00-16:00,13,,false,PREPARED_NOT_ACTIVE,b5db33ab54a9c9565edd6541461a3b982afc4a5f78ded6bbd833e99ee3f14d67
weekday,2027-02-01,2027-02-05,2027-02-01,,Ski Erwachsene Anfänger,ski_adult_green,c01d4420-a932-5560-8eb0-155c10a44b10,0e172a99-d3ee-50b2-94d4-48e135e5ee0d|c01d4420-a932-5560-8eb0-155c10a44b10,5247|5259|5269|5277|5287|5296,"{""0e172a99-d3ee-50b2-94d4-48e135e5ee0d"": [1], ""c01d4420-a932-5560-8eb0-155c10a44b10"": [1, 2, 3, 4, 5]}",2027-02-01|2027-02-02|2027-02-03|2027-02-04|2027-02-05,10:00-12:00|14:00-16:00,13,,false,PREPARED_NOT_ACTIVE,b5db33ab54a9c9565edd6541461a3b982afc4a5f78ded6bbd833e99ee3f14d67
weekday,2027-02-01,2027-02-05,2027-02-01,,Ski Erwachsene Fortgeschritten,ski_adult_blue,c01d4420-a932-5560-8eb0-155c10a44b10,0e172a99-d3ee-50b2-94d4-48e135e5ee0d|c01d4420-a932-5560-8eb0-155c10a44b10,5247|5259|5269|5277|5287|5296,"{""0e172a99-d3ee-50b2-94d4-48e135e5ee0d"": [1], ""c01d4420-a932-5560-8eb0-155c10a44b10"": [1, 2, 3, 4, 5]}",2027-02-01|2027-02-02|2027-02-03|2027-02-04|2027-02-05,10:00-12:00|14:00-16:00,13,,false,PREPARED_NOT_ACTIVE,b5db33ab54a9c9565edd6541461a3b982afc4a5f78ded6bbd833e99ee3f14d67
weekday,2027-02-01,2027-02-05,2027-02-01,,Ski Erwachsene Wiedereinsteiger,NEW:ski_adult_returners,53761b30-5b0b-504e-9a9b-83f7618f6620,53761b30-5b0b-504e-9a9b-83f7618f6620,5255,"{""53761b30-5b0b-504e-9a9b-83f7618f6620"": [1]}",2027-02-01|2027-02-02|2027-02-03|2027-02-04|2027-02-05,10:00-12:00,13,,false,PREPARED_NOT_ACTIVE,b5db33ab54a9c9565edd6541461a3b982afc4a5f78ded6bbd833e99ee3f14d67
weekday,2027-02-01,2027-02-05,2027-02-01,,Ski Kinder Fortgeschritten,NEW:ski_kids_advanced,1200f016-a50f-5ecc-8a05-48dc4ea9931e,1200f016-a50f-5ecc-8a05-48dc4ea9931e,5278,"{""1200f016-a50f-5ecc-8a05-48dc4ea9931e"": [3]}",2027-02-01|2027-02-02|2027-02-03|2027-02-04|2027-02-05,10:00-12:00|14:00-16:00,13,,false,PREPARED_NOT_ACTIVE,b5db33ab54a9c9565edd6541461a3b982afc4a5f78ded6bbd833e99ee3f14d67
weekday,2027-02-01,2027-02-05,2027-02-01,,Ski Roter König/Königin,ski_roter_koenig,1200f016-a50f-5ecc-8a05-48dc4ea9931e,cba3c8b6-200d-55d5-96d3-460fdf57f287|1200f016-a50f-5ecc-8a05-48dc4ea9931e,5253|5258|5267|5278|5284|5294,"{""1200f016-a50f-5ecc-8a05-48dc4ea9931e"": [1, 2, 3, 4, 5], ""cba3c8b6-200d-55d5-96d3-460fdf57f287"": [1]}",2027-02-01|2027-02-02|2027-02-03|2027-02-04|2027-02-05,10:00-12:00|14:00-16:00,13,,false,PREPARED_NOT_ACTIVE,b5db33ab54a9c9565edd6541461a3b982afc4a5f78ded6bbd833e99ee3f14d67
weekday,2027-02-01,2027-02-05,2027-02-01,,Ski Roter Prinz/Prinzessin,ski_roter_prinz,1200f016-a50f-5ecc-8a05-48dc4ea9931e,cba3c8b6-200d-55d5-96d3-460fdf57f287|1200f016-a50f-5ecc-8a05-48dc4ea9931e,5253|5258|5267|5278|5284|5294,"{""1200f016-a50f-5ecc-8a05-48dc4ea9931e"": [1, 2, 3, 4, 5], ""cba3c8b6-200d-55d5-96d3-460fdf57f287"": [1]}",2027-02-01|2027-02-02|2027-02-03|2027-02-04|2027-02-05,10:00-12:00|14:00-16:00,13,,false,PREPARED_NOT_ACTIVE,b5db33ab54a9c9565edd6541461a3b982afc4a5f78ded6bbd833e99ee3f14d67
weekday,2027-02-01,2027-02-05,2027-02-01,,Ski Roter Star,ski_roter_star,1200f016-a50f-5ecc-8a05-48dc4ea9931e,cba3c8b6-200d-55d5-96d3-460fdf57f287|1200f016-a50f-5ecc-8a05-48dc4ea9931e,5253|5258|5267|5278|5284|5294,"{""1200f016-a50f-5ecc-8a05-48dc4ea9931e"": [1, 2, 3, 4, 5], ""cba3c8b6-200d-55d5-96d3-460fdf57f287"": [1]}",2027-02-01|2027-02-02|2027-02-03|2027-02-04|2027-02-05,10:00-12:00|14:00-16:00,13,,false,PREPARED_NOT_ACTIVE,b5db33ab54a9c9565edd6541461a3b982afc4a5f78ded6bbd833e99ee3f14d67
weekday,2027-02-01,2027-02-05,2027-02-01,,Ski Schwarzer König/Königin,NEW:ski_schwarzer_koenig,1200f016-a50f-5ecc-8a05-48dc4ea9931e,1200f016-a50f-5ecc-8a05-48dc4ea9931e,5278,"{""1200f016-a50f-5ecc-8a05-48dc4ea9931e"": [3]}",2027-02-01|2027-02-02|2027-02-03|2027-02-04|2027-02-05,10:00-12:00|14:00-16:00,13,,false,PREPARED_NOT_ACTIVE,b5db33ab54a9c9565edd6541461a3b982afc4a5f78ded6bbd833e99ee3f14d67
weekday,2027-02-01,2027-02-05,2027-02-01,,Ski Schwarzer Prinz/Prinzessin,ski_schwarzer_prinz,1200f016-a50f-5ecc-8a05-48dc4ea9931e,cba3c8b6-200d-55d5-96d3-460fdf57f287|1200f016-a50f-5ecc-8a05-48dc4ea9931e,5253|5258|5267|5278|5284|5294,"{""1200f016-a50f-5ecc-8a05-48dc4ea9931e"": [1, 2, 3, 4, 5], ""cba3c8b6-200d-55d5-96d3-460fdf57f287"": [1]}",2027-02-01|2027-02-02|2027-02-03|2027-02-04|2027-02-05,10:00-12:00|14:00-16:00,13,,false,PREPARED_NOT_ACTIVE,b5db33ab54a9c9565edd6541461a3b982afc4a5f78ded6bbd833e99ee3f14d67
weekday,2027-02-01,2027-02-05,2027-02-01,,Ski Swiss Snow Academy,ski_academy,1200f016-a50f-5ecc-8a05-48dc4ea9931e,cba3c8b6-200d-55d5-96d3-460fdf57f287|1200f016-a50f-5ecc-8a05-48dc4ea9931e,5253|5258|5267|5278|5284|5294,"{""1200f016-a50f-5ecc-8a05-48dc4ea9931e"": [1, 2, 3, 4, 5], ""cba3c8b6-200d-55d5-96d3-460fdf57f287"": [1]}",2027-02-01|2027-02-02|2027-02-03|2027-02-04|2027-02-05,10:00-12:00|14:00-16:00,13,,false,PREPARED_NOT_ACTIVE,b5db33ab54a9c9565edd6541461a3b982afc4a5f78ded6bbd833e99ee3f14d67
weekday,2027-02-01,2027-02-05,2027-02-01,,Ski Swiss Snow Kids Village,ski_snow_kids,1200f016-a50f-5ecc-8a05-48dc4ea9931e,cba3c8b6-200d-55d5-96d3-460fdf57f287|6edc13ea-63a2-5d4c-b22e-54f43370e800|1200f016-a50f-5ecc-8a05-48dc4ea9931e,5253|5258|5267|5278|5284|5288|5294,"{""1200f016-a50f-5ecc-8a05-48dc4ea9931e"": [1, 2, 3, 4, 5], ""6edc13ea-63a2-5d4c-b22e-54f43370e800"": [5], ""cba3c8b6-200d-55d5-96d3-460fdf57f287"": [1]}",2027-02-01|2027-02-02|2027-02-03|2027-02-04|2027-02-05,10:00-12:00|14:00-16:00,8,,false,PREPARED_NOT_ACTIVE,b5db33ab54a9c9565edd6541461a3b982afc4a5f78ded6bbd833e99ee3f14d67
weekday,2027-02-01,2027-02-05,2027-02-01,,Ski Windel-Wedelkurs,ski_windel_wedel,6edc13ea-63a2-5d4c-b22e-54f43370e800,6edc13ea-63a2-5d4c-b22e-54f43370e800,5254|5263|5273|5281|5288,"{""6edc13ea-63a2-5d4c-b22e-54f43370e800"": [1, 2, 3, 4, 5]}",2027-02-01|2027-02-02|2027-02-03|2027-02-04|2027-02-05,10:00-12:00,8,,false,PREPARED_NOT_ACTIVE,b5db33ab54a9c9565edd6541461a3b982afc4a5f78ded6bbd833e99ee3f14d67
weekday,2027-02-01,2027-02-05,2027-02-01,,Snowboard Anfänger,REVIEW:sb_adult_green,ab4e4941-02fe-58b7-9ec8-d9b773a1d870,ab4e4941-02fe-58b7-9ec8-d9b773a1d870,5249|5262|5271|5279|5290,"{""ab4e4941-02fe-58b7-9ec8-d9b773a1d870"": [1, 2, 3, 4, 5]}",2027-02-01|2027-02-02|2027-02-03|2027-02-04|2027-02-05,10:00-12:00,10,,false,PREPARED_NOT_ACTIVE,b5db33ab54a9c9565edd6541461a3b982afc4a5f78ded6bbd833e99ee3f14d67
weekday,2027-02-01,2027-02-05,2027-02-01,,Snowboard Fortgeschritten,REVIEW:sb_adult_blue,ab4e4941-02fe-58b7-9ec8-d9b773a1d870,ab4e4941-02fe-58b7-9ec8-d9b773a1d870,5249|5262|5271|5279|5290,"{""ab4e4941-02fe-58b7-9ec8-d9b773a1d870"": [1, 2, 3, 4, 5]}",2027-02-01|2027-02-02|2027-02-03|2027-02-04|2027-02-05,10:00-12:00,10,,false,PREPARED_NOT_ACTIVE,b5db33ab54a9c9565edd6541461a3b982afc4a5f78ded6bbd833e99ee3f14d67
weekday,2027-02-08,2027-02-12,2027-02-08,,Ski Blauer König/Königin,ski_blauer_koenig,1200f016-a50f-5ecc-8a05-48dc4ea9931e,cba3c8b6-200d-55d5-96d3-460fdf57f287|1200f016-a50f-5ecc-8a05-48dc4ea9931e,5253|5258|5267|5278|5284|5294,"{""1200f016-a50f-5ecc-8a05-48dc4ea9931e"": [1, 2, 3, 4, 5], ""cba3c8b6-200d-55d5-96d3-460fdf57f287"": [1]}",2027-02-08|2027-02-09|2027-02-10|2027-02-11|2027-02-12,10:00-12:00|14:00-16:00,13,,false,PREPARED_NOT_ACTIVE,b5db33ab54a9c9565edd6541461a3b982afc4a5f78ded6bbd833e99ee3f14d67
weekday,2027-02-08,2027-02-12,2027-02-08,,Ski Blauer Prinz/Prinzessin,ski_blauer_prinz,1200f016-a50f-5ecc-8a05-48dc4ea9931e,cba3c8b6-200d-55d5-96d3-460fdf57f287|1200f016-a50f-5ecc-8a05-48dc4ea9931e,5253|5258|5267|5278|5284|5294,"{""1200f016-a50f-5ecc-8a05-48dc4ea9931e"": [1, 2, 3, 4, 5], ""cba3c8b6-200d-55d5-96d3-460fdf57f287"": [1]}",2027-02-08|2027-02-09|2027-02-10|2027-02-11|2027-02-12,10:00-12:00|14:00-16:00,13,,false,PREPARED_NOT_ACTIVE,b5db33ab54a9c9565edd6541461a3b982afc4a5f78ded6bbd833e99ee3f14d67
weekday,2027-02-08,2027-02-12,2027-02-08,,Ski Blauer Star,ski_blauer_star,1200f016-a50f-5ecc-8a05-48dc4ea9931e,cba3c8b6-200d-55d5-96d3-460fdf57f287|1200f016-a50f-5ecc-8a05-48dc4ea9931e,5253|5258|5267|5278|5284|5294,"{""1200f016-a50f-5ecc-8a05-48dc4ea9931e"": [1, 2, 3, 4, 5], ""cba3c8b6-200d-55d5-96d3-460fdf57f287"": [1]}",2027-02-08|2027-02-09|2027-02-10|2027-02-11|2027-02-12,10:00-12:00|14:00-16:00,13,,false,PREPARED_NOT_ACTIVE,b5db33ab54a9c9565edd6541461a3b982afc4a5f78ded6bbd833e99ee3f14d67
weekday,2027-02-08,2027-02-12,2027-02-08,,Ski Erwachsene Anfänger,ski_adult_green,c01d4420-a932-5560-8eb0-155c10a44b10,0e172a99-d3ee-50b2-94d4-48e135e5ee0d|c01d4420-a932-5560-8eb0-155c10a44b10,5247|5259|5269|5277|5287|5296,"{""0e172a99-d3ee-50b2-94d4-48e135e5ee0d"": [1], ""c01d4420-a932-5560-8eb0-155c10a44b10"": [1, 2, 3, 4, 5]}",2027-02-08|2027-02-09|2027-02-10|2027-02-11|2027-02-12,10:00-12:00|14:00-16:00,13,,false,PREPARED_NOT_ACTIVE,b5db33ab54a9c9565edd6541461a3b982afc4a5f78ded6bbd833e99ee3f14d67
weekday,2027-02-08,2027-02-12,2027-02-08,,Ski Erwachsene Fortgeschritten,ski_adult_blue,c01d4420-a932-5560-8eb0-155c10a44b10,0e172a99-d3ee-50b2-94d4-48e135e5ee0d|c01d4420-a932-5560-8eb0-155c10a44b10,5247|5259|5269|5277|5287|5296,"{""0e172a99-d3ee-50b2-94d4-48e135e5ee0d"": [1], ""c01d4420-a932-5560-8eb0-155c10a44b10"": [1, 2, 3, 4, 5]}",2027-02-08|2027-02-09|2027-02-10|2027-02-11|2027-02-12,10:00-12:00|14:00-16:00,13,,false,PREPARED_NOT_ACTIVE,b5db33ab54a9c9565edd6541461a3b982afc4a5f78ded6bbd833e99ee3f14d67
weekday,2027-02-08,2027-02-12,2027-02-08,,Ski Erwachsene Wiedereinsteiger,NEW:ski_adult_returners,53761b30-5b0b-504e-9a9b-83f7618f6620,53761b30-5b0b-504e-9a9b-83f7618f6620,5255,"{""53761b30-5b0b-504e-9a9b-83f7618f6620"": [1]}",2027-02-08|2027-02-09|2027-02-10|2027-02-11|2027-02-12,10:00-12:00,13,,false,PREPARED_NOT_ACTIVE,b5db33ab54a9c9565edd6541461a3b982afc4a5f78ded6bbd833e99ee3f14d67
weekday,2027-02-08,2027-02-12,2027-02-08,,Ski Kinder Fortgeschritten,NEW:ski_kids_advanced,1200f016-a50f-5ecc-8a05-48dc4ea9931e,1200f016-a50f-5ecc-8a05-48dc4ea9931e,5278,"{""1200f016-a50f-5ecc-8a05-48dc4ea9931e"": [3]}",2027-02-08|2027-02-09|2027-02-10|2027-02-11|2027-02-12,10:00-12:00|14:00-16:00,13,,false,PREPARED_NOT_ACTIVE,b5db33ab54a9c9565edd6541461a3b982afc4a5f78ded6bbd833e99ee3f14d67
weekday,2027-02-08,2027-02-12,2027-02-08,,Ski Roter König/Königin,ski_roter_koenig,1200f016-a50f-5ecc-8a05-48dc4ea9931e,cba3c8b6-200d-55d5-96d3-460fdf57f287|1200f016-a50f-5ecc-8a05-48dc4ea9931e,5253|5258|5267|5278|5284|5294,"{""1200f016-a50f-5ecc-8a05-48dc4ea9931e"": [1, 2, 3, 4, 5], ""cba3c8b6-200d-55d5-96d3-460fdf57f287"": [1]}",2027-02-08|2027-02-09|2027-02-10|2027-02-11|2027-02-12,10:00-12:00|14:00-16:00,13,,false,PREPARED_NOT_ACTIVE,b5db33ab54a9c9565edd6541461a3b982afc4a5f78ded6bbd833e99ee3f14d67
weekday,2027-02-08,2027-02-12,2027-02-08,,Ski Roter Prinz/Prinzessin,ski_roter_prinz,1200f016-a50f-5ecc-8a05-48dc4ea9931e,cba3c8b6-200d-55d5-96d3-460fdf57f287|1200f016-a50f-5ecc-8a05-48dc4ea9931e,5253|5258|5267|5278|5284|5294,"{""1200f016-a50f-5ecc-8a05-48dc4ea9931e"": [1, 2, 3, 4, 5], ""cba3c8b6-200d-55d5-96d3-460fdf57f287"": [1]}",2027-02-08|2027-02-09|2027-02-10|2027-02-11|2027-02-12,10:00-12:00|14:00-16:00,13,,false,PREPARED_NOT_ACTIVE,b5db33ab54a9c9565edd6541461a3b982afc4a5f78ded6bbd833e99ee3f14d67
weekday,2027-02-08,2027-02-12,2027-02-08,,Ski Roter Star,ski_roter_star,1200f016-a50f-5ecc-8a05-48dc4ea9931e,cba3c8b6-200d-55d5-96d3-460fdf57f287|1200f016-a50f-5ecc-8a05-48dc4ea9931e,5253|5258|5267|5278|5284|5294,"{""1200f016-a50f-5ecc-8a05-48dc4ea9931e"": [1, 2, 3, 4, 5], ""cba3c8b6-200d-55d5-96d3-460fdf57f287"": [1]}",2027-02-08|2027-02-09|2027-02-10|2027-02-11|2027-02-12,10:00-12:00|14:00-16:00,13,,false,PREPARED_NOT_ACTIVE,b5db33ab54a9c9565edd6541461a3b982afc4a5f78ded6bbd833e99ee3f14d67
weekday,2027-02-08,2027-02-12,2027-02-08,,Ski Schwarzer König/Königin,NEW:ski_schwarzer_koenig,1200f016-a50f-5ecc-8a05-48dc4ea9931e,1200f016-a50f-5ecc-8a05-48dc4ea9931e,5278,"{""1200f016-a50f-5ecc-8a05-48dc4ea9931e"": [3]}",2027-02-08|2027-02-09|2027-02-10|2027-02-11|2027-02-12,10:00-12:00|14:00-16:00,13,,false,PREPARED_NOT_ACTIVE,b5db33ab54a9c9565edd6541461a3b982afc4a5f78ded6bbd833e99ee3f14d67
weekday,2027-02-08,2027-02-12,2027-02-08,,Ski Schwarzer Prinz/Prinzessin,ski_schwarzer_prinz,1200f016-a50f-5ecc-8a05-48dc4ea9931e,cba3c8b6-200d-55d5-96d3-460fdf57f287|1200f016-a50f-5ecc-8a05-48dc4ea9931e,5253|5258|5267|5278|5284|5294,"{""1200f016-a50f-5ecc-8a05-48dc4ea9931e"": [1, 2, 3, 4, 5], ""cba3c8b6-200d-55d5-96d3-460fdf57f287"": [1]}",2027-02-08|2027-02-09|2027-02-10|2027-02-11|2027-02-12,10:00-12:00|14:00-16:00,13,,false,PREPARED_NOT_ACTIVE,b5db33ab54a9c9565edd6541461a3b982afc4a5f78ded6bbd833e99ee3f14d67
weekday,2027-02-08,2027-02-12,2027-02-08,,Ski Swiss Snow Academy,ski_academy,1200f016-a50f-5ecc-8a05-48dc4ea9931e,cba3c8b6-200d-55d5-96d3-460fdf57f287|1200f016-a50f-5ecc-8a05-48dc4ea9931e,5253|5258|5267|5278|5284|5294,"{""1200f016-a50f-5ecc-8a05-48dc4ea9931e"": [1, 2, 3, 4, 5], ""cba3c8b6-200d-55d5-96d3-460fdf57f287"": [1]}",2027-02-08|2027-02-09|2027-02-10|2027-02-11|2027-02-12,10:00-12:00|14:00-16:00,13,,false,PREPARED_NOT_ACTIVE,b5db33ab54a9c9565edd6541461a3b982afc4a5f78ded6bbd833e99ee3f14d67
weekday,2027-02-08,2027-02-12,2027-02-08,,Ski Swiss Snow Kids Village,ski_snow_kids,1200f016-a50f-5ecc-8a05-48dc4ea9931e,cba3c8b6-200d-55d5-96d3-460fdf57f287|6edc13ea-63a2-5d4c-b22e-54f43370e800|1200f016-a50f-5ecc-8a05-48dc4ea9931e,5253|5258|5267|5278|5284|5288|5294,"{""1200f016-a50f-5ecc-8a05-48dc4ea9931e"": [1, 2, 3, 4, 5], ""6edc13ea-63a2-5d4c-b22e-54f43370e800"": [5], ""cba3c8b6-200d-55d5-96d3-460fdf57f287"": [1]}",2027-02-08|2027-02-09|2027-02-10|2027-02-11|2027-02-12,10:00-12:00|14:00-16:00,8,,false,PREPARED_NOT_ACTIVE,b5db33ab54a9c9565edd6541461a3b982afc4a5f78ded6bbd833e99ee3f14d67
weekday,2027-02-08,2027-02-12,2027-02-08,,Ski Windel-Wedelkurs,ski_windel_wedel,6edc13ea-63a2-5d4c-b22e-54f43370e800,6edc13ea-63a2-5d4c-b22e-54f43370e800,5254|5263|5273|5281|5288,"{""6edc13ea-63a2-5d4c-b22e-54f43370e800"": [1, 2, 3, 4, 5]}",2027-02-08|2027-02-09|2027-02-10|2027-02-11|2027-02-12,10:00-12:00,8,,false,PREPARED_NOT_ACTIVE,b5db33ab54a9c9565edd6541461a3b982afc4a5f78ded6bbd833e99ee3f14d67
weekday,2027-02-08,2027-02-12,2027-02-08,,Snowboard Anfänger,REVIEW:sb_adult_green,ab4e4941-02fe-58b7-9ec8-d9b773a1d870,ab4e4941-02fe-58b7-9ec8-d9b773a1d870,5249|5262|5271|5279|5290,"{""ab4e4941-02fe-58b7-9ec8-d9b773a1d870"": [1, 2, 3, 4, 5]}",2027-02-08|2027-02-09|2027-02-10|2027-02-11|2027-02-12,10:00-12:00,10,,false,PREPARED_NOT_ACTIVE,b5db33ab54a9c9565edd6541461a3b982afc4a5f78ded6bbd833e99ee3f14d67
weekday,2027-02-08,2027-02-12,2027-02-08,,Snowboard Fortgeschritten,REVIEW:sb_adult_blue,ab4e4941-02fe-58b7-9ec8-d9b773a1d870,ab4e4941-02fe-58b7-9ec8-d9b773a1d870,5249|5262|5271|5279|5290,"{""ab4e4941-02fe-58b7-9ec8-d9b773a1d870"": [1, 2, 3, 4, 5]}",2027-02-08|2027-02-09|2027-02-10|2027-02-11|2027-02-12,10:00-12:00,10,,false,PREPARED_NOT_ACTIVE,b5db33ab54a9c9565edd6541461a3b982afc4a5f78ded6bbd833e99ee3f14d67
weekday,2027-02-15,2027-02-19,2027-02-15,,Ski Blauer König/Königin,ski_blauer_koenig,1200f016-a50f-5ecc-8a05-48dc4ea9931e,cba3c8b6-200d-55d5-96d3-460fdf57f287|1200f016-a50f-5ecc-8a05-48dc4ea9931e,5253|5258|5267|5278|5284|5294,"{""1200f016-a50f-5ecc-8a05-48dc4ea9931e"": [1, 2, 3, 4, 5], ""cba3c8b6-200d-55d5-96d3-460fdf57f287"": [1]}",2027-02-15|2027-02-16|2027-02-17|2027-02-18|2027-02-19,10:00-12:00|14:00-16:00,13,,false,PREPARED_NOT_ACTIVE,b5db33ab54a9c9565edd6541461a3b982afc4a5f78ded6bbd833e99ee3f14d67
weekday,2027-02-15,2027-02-19,2027-02-15,,Ski Blauer Prinz/Prinzessin,ski_blauer_prinz,1200f016-a50f-5ecc-8a05-48dc4ea9931e,cba3c8b6-200d-55d5-96d3-460fdf57f287|1200f016-a50f-5ecc-8a05-48dc4ea9931e,5253|5258|5267|5278|5284|5294,"{""1200f016-a50f-5ecc-8a05-48dc4ea9931e"": [1, 2, 3, 4, 5], ""cba3c8b6-200d-55d5-96d3-460fdf57f287"": [1]}",2027-02-15|2027-02-16|2027-02-17|2027-02-18|2027-02-19,10:00-12:00|14:00-16:00,13,,false,PREPARED_NOT_ACTIVE,b5db33ab54a9c9565edd6541461a3b982afc4a5f78ded6bbd833e99ee3f14d67
weekday,2027-02-15,2027-02-19,2027-02-15,,Ski Blauer Star,ski_blauer_star,1200f016-a50f-5ecc-8a05-48dc4ea9931e,cba3c8b6-200d-55d5-96d3-460fdf57f287|1200f016-a50f-5ecc-8a05-48dc4ea9931e,5253|5258|5267|5278|5284|5294,"{""1200f016-a50f-5ecc-8a05-48dc4ea9931e"": [1, 2, 3, 4, 5], ""cba3c8b6-200d-55d5-96d3-460fdf57f287"": [1]}",2027-02-15|2027-02-16|2027-02-17|2027-02-18|2027-02-19,10:00-12:00|14:00-16:00,13,,false,PREPARED_NOT_ACTIVE,b5db33ab54a9c9565edd6541461a3b982afc4a5f78ded6bbd833e99ee3f14d67
weekday,2027-02-15,2027-02-19,2027-02-15,,Ski Erwachsene Anfänger,ski_adult_green,c01d4420-a932-5560-8eb0-155c10a44b10,0e172a99-d3ee-50b2-94d4-48e135e5ee0d|c01d4420-a932-5560-8eb0-155c10a44b10,5247|5259|5269|5277|5287|5296,"{""0e172a99-d3ee-50b2-94d4-48e135e5ee0d"": [1], ""c01d4420-a932-5560-8eb0-155c10a44b10"": [1, 2, 3, 4, 5]}",2027-02-15|2027-02-16|2027-02-17|2027-02-18|2027-02-19,10:00-12:00|14:00-16:00,13,,false,PREPARED_NOT_ACTIVE,b5db33ab54a9c9565edd6541461a3b982afc4a5f78ded6bbd833e99ee3f14d67
weekday,2027-02-15,2027-02-19,2027-02-15,,Ski Erwachsene Fortgeschritten,ski_adult_blue,c01d4420-a932-5560-8eb0-155c10a44b10,0e172a99-d3ee-50b2-94d4-48e135e5ee0d|c01d4420-a932-5560-8eb0-155c10a44b10,5247|5259|5269|5277|5287|5296,"{""0e172a99-d3ee-50b2-94d4-48e135e5ee0d"": [1], ""c01d4420-a932-5560-8eb0-155c10a44b10"": [1, 2, 3, 4, 5]}",2027-02-15|2027-02-16|2027-02-17|2027-02-18|2027-02-19,10:00-12:00|14:00-16:00,13,,false,PREPARED_NOT_ACTIVE,b5db33ab54a9c9565edd6541461a3b982afc4a5f78ded6bbd833e99ee3f14d67
weekday,2027-02-15,2027-02-19,2027-02-15,,Ski Erwachsene Wiedereinsteiger,NEW:ski_adult_returners,53761b30-5b0b-504e-9a9b-83f7618f6620,53761b30-5b0b-504e-9a9b-83f7618f6620,5255,"{""53761b30-5b0b-504e-9a9b-83f7618f6620"": [1]}",2027-02-15|2027-02-16|2027-02-17|2027-02-18|2027-02-19,10:00-12:00,13,,false,PREPARED_NOT_ACTIVE,b5db33ab54a9c9565edd6541461a3b982afc4a5f78ded6bbd833e99ee3f14d67
weekday,2027-02-15,2027-02-19,2027-02-15,,Ski Kinder Fortgeschritten,NEW:ski_kids_advanced,1200f016-a50f-5ecc-8a05-48dc4ea9931e,1200f016-a50f-5ecc-8a05-48dc4ea9931e,5278,"{""1200f016-a50f-5ecc-8a05-48dc4ea9931e"": [3]}",2027-02-15|2027-02-16|2027-02-17|2027-02-18|2027-02-19,10:00-12:00|14:00-16:00,13,,false,PREPARED_NOT_ACTIVE,b5db33ab54a9c9565edd6541461a3b982afc4a5f78ded6bbd833e99ee3f14d67
weekday,2027-02-15,2027-02-19,2027-02-15,,Ski Roter König/Königin,ski_roter_koenig,1200f016-a50f-5ecc-8a05-48dc4ea9931e,cba3c8b6-200d-55d5-96d3-460fdf57f287|1200f016-a50f-5ecc-8a05-48dc4ea9931e,5253|5258|5267|5278|5284|5294,"{""1200f016-a50f-5ecc-8a05-48dc4ea9931e"": [1, 2, 3, 4, 5], ""cba3c8b6-200d-55d5-96d3-460fdf57f287"": [1]}",2027-02-15|2027-02-16|2027-02-17|2027-02-18|2027-02-19,10:00-12:00|14:00-16:00,13,,false,PREPARED_NOT_ACTIVE,b5db33ab54a9c9565edd6541461a3b982afc4a5f78ded6bbd833e99ee3f14d67
weekday,2027-02-15,2027-02-19,2027-02-15,,Ski Roter Prinz/Prinzessin,ski_roter_prinz,1200f016-a50f-5ecc-8a05-48dc4ea9931e,cba3c8b6-200d-55d5-96d3-460fdf57f287|1200f016-a50f-5ecc-8a05-48dc4ea9931e,5253|5258|5267|5278|5284|5294,"{""1200f016-a50f-5ecc-8a05-48dc4ea9931e"": [1, 2, 3, 4, 5], ""cba3c8b6-200d-55d5-96d3-460fdf57f287"": [1]}",2027-02-15|2027-02-16|2027-02-17|2027-02-18|2027-02-19,10:00-12:00|14:00-16:00,13,,false,PREPARED_NOT_ACTIVE,b5db33ab54a9c9565edd6541461a3b982afc4a5f78ded6bbd833e99ee3f14d67
weekday,2027-02-15,2027-02-19,2027-02-15,,Ski Roter Star,ski_roter_star,1200f016-a50f-5ecc-8a05-48dc4ea9931e,cba3c8b6-200d-55d5-96d3-460fdf57f287|1200f016-a50f-5ecc-8a05-48dc4ea9931e,5253|5258|5267|5278|5284|5294,"{""1200f016-a50f-5ecc-8a05-48dc4ea9931e"": [1, 2, 3, 4, 5], ""cba3c8b6-200d-55d5-96d3-460fdf57f287"": [1]}",2027-02-15|2027-02-16|2027-02-17|2027-02-18|2027-02-19,10:00-12:00|14:00-16:00,13,,false,PREPARED_NOT_ACTIVE,b5db33ab54a9c9565edd6541461a3b982afc4a5f78ded6bbd833e99ee3f14d67
weekday,2027-02-15,2027-02-19,2027-02-15,,Ski Schwarzer König/Königin,NEW:ski_schwarzer_koenig,1200f016-a50f-5ecc-8a05-48dc4ea9931e,1200f016-a50f-5ecc-8a05-48dc4ea9931e,5278,"{""1200f016-a50f-5ecc-8a05-48dc4ea9931e"": [3]}",2027-02-15|2027-02-16|2027-02-17|2027-02-18|2027-02-19,10:00-12:00|14:00-16:00,13,,false,PREPARED_NOT_ACTIVE,b5db33ab54a9c9565edd6541461a3b982afc4a5f78ded6bbd833e99ee3f14d67
weekday,2027-02-15,2027-02-19,2027-02-15,,Ski Schwarzer Prinz/Prinzessin,ski_schwarzer_prinz,1200f016-a50f-5ecc-8a05-48dc4ea9931e,cba3c8b6-200d-55d5-96d3-460fdf57f287|1200f016-a50f-5ecc-8a05-48dc4ea9931e,5253|5258|5267|5278|5284|5294,"{""1200f016-a50f-5ecc-8a05-48dc4ea9931e"": [1, 2, 3, 4, 5], ""cba3c8b6-200d-55d5-96d3-460fdf57f287"": [1]}",2027-02-15|2027-02-16|2027-02-17|2027-02-18|2027-02-19,10:00-12:00|14:00-16:00,13,,false,PREPARED_NOT_ACTIVE,b5db33ab54a9c9565edd6541461a3b982afc4a5f78ded6bbd833e99ee3f14d67
weekday,2027-02-15,2027-02-19,2027-02-15,,Ski Swiss Snow Academy,ski_academy,1200f016-a50f-5ecc-8a05-48dc4ea9931e,cba3c8b6-200d-55d5-96d3-460fdf57f287|1200f016-a50f-5ecc-8a05-48dc4ea9931e,5253|5258|5267|5278|5284|5294,"{""1200f016-a50f-5ecc-8a05-48dc4ea9931e"": [1, 2, 3, 4, 5], ""cba3c8b6-200d-55d5-96d3-460fdf57f287"": [1]}",2027-02-15|2027-02-16|2027-02-17|2027-02-18|2027-02-19,10:00-12:00|14:00-16:00,13,,false,PREPARED_NOT_ACTIVE,b5db33ab54a9c9565edd6541461a3b982afc4a5f78ded6bbd833e99ee3f14d67
weekday,2027-02-15,2027-02-19,2027-02-15,,Ski Swiss Snow Kids Village,ski_snow_kids,1200f016-a50f-5ecc-8a05-48dc4ea9931e,cba3c8b6-200d-55d5-96d3-460fdf57f287|6edc13ea-63a2-5d4c-b22e-54f43370e800|1200f016-a50f-5ecc-8a05-48dc4ea9931e,5253|5258|5267|5278|5284|5288|5294,"{""1200f016-a50f-5ecc-8a05-48dc4ea9931e"": [1, 2, 3, 4, 5], ""6edc13ea-63a2-5d4c-b22e-54f43370e800"": [5], ""cba3c8b6-200d-55d5-96d3-460fdf57f287"": [1]}",2027-02-15|2027-02-16|2027-02-17|2027-02-18|2027-02-19,10:00-12:00|14:00-16:00,8,,false,PREPARED_NOT_ACTIVE,b5db33ab54a9c9565edd6541461a3b982afc4a5f78ded6bbd833e99ee3f14d67
weekday,2027-02-15,2027-02-19,2027-02-15,,Ski Windel-Wedelkurs,ski_windel_wedel,6edc13ea-63a2-5d4c-b22e-54f43370e800,6edc13ea-63a2-5d4c-b22e-54f43370e800,5254|5263|5273|5281|5288,"{""6edc13ea-63a2-5d4c-b22e-54f43370e800"": [1, 2, 3, 4, 5]}",2027-02-15|2027-02-16|2027-02-17|2027-02-18|2027-02-19,10:00-12:00,8,,false,PREPARED_NOT_ACTIVE,b5db33ab54a9c9565edd6541461a3b982afc4a5f78ded6bbd833e99ee3f14d67
weekday,2027-02-15,2027-02-19,2027-02-15,,Snowboard Anfänger,REVIEW:sb_adult_green,ab4e4941-02fe-58b7-9ec8-d9b773a1d870,ab4e4941-02fe-58b7-9ec8-d9b773a1d870,5249|5262|5271|5279|5290,"{""ab4e4941-02fe-58b7-9ec8-d9b773a1d870"": [1, 2, 3, 4, 5]}",2027-02-15|2027-02-16|2027-02-17|2027-02-18|2027-02-19,10:00-12:00,10,,false,PREPARED_NOT_ACTIVE,b5db33ab54a9c9565edd6541461a3b982afc4a5f78ded6bbd833e99ee3f14d67
weekday,2027-02-15,2027-02-19,2027-02-15,,Snowboard Fortgeschritten,REVIEW:sb_adult_blue,ab4e4941-02fe-58b7-9ec8-d9b773a1d870,ab4e4941-02fe-58b7-9ec8-d9b773a1d870,5249|5262|5271|5279|5290,"{""ab4e4941-02fe-58b7-9ec8-d9b773a1d870"": [1, 2, 3, 4, 5]}",2027-02-15|2027-02-16|2027-02-17|2027-02-18|2027-02-19,10:00-12:00,10,,false,PREPARED_NOT_ACTIVE,b5db33ab54a9c9565edd6541461a3b982afc4a5f78ded6bbd833e99ee3f14d67
weekday,2027-02-22,2027-02-26,2027-02-22,,Ski Blauer König/Königin,ski_blauer_koenig,1200f016-a50f-5ecc-8a05-48dc4ea9931e,cba3c8b6-200d-55d5-96d3-460fdf57f287|1200f016-a50f-5ecc-8a05-48dc4ea9931e,5253|5258|5267|5278|5284|5294,"{""1200f016-a50f-5ecc-8a05-48dc4ea9931e"": [1, 2, 3, 4, 5], ""cba3c8b6-200d-55d5-96d3-460fdf57f287"": [1]}",2027-02-22|2027-02-23|2027-02-24|2027-02-25|2027-02-26,10:00-12:00|14:00-16:00,13,,false,PREPARED_NOT_ACTIVE,b5db33ab54a9c9565edd6541461a3b982afc4a5f78ded6bbd833e99ee3f14d67
weekday,2027-02-22,2027-02-26,2027-02-22,,Ski Blauer Prinz/Prinzessin,ski_blauer_prinz,1200f016-a50f-5ecc-8a05-48dc4ea9931e,cba3c8b6-200d-55d5-96d3-460fdf57f287|1200f016-a50f-5ecc-8a05-48dc4ea9931e,5253|5258|5267|5278|5284|5294,"{""1200f016-a50f-5ecc-8a05-48dc4ea9931e"": [1, 2, 3, 4, 5], ""cba3c8b6-200d-55d5-96d3-460fdf57f287"": [1]}",2027-02-22|2027-02-23|2027-02-24|2027-02-25|2027-02-26,10:00-12:00|14:00-16:00,13,,false,PREPARED_NOT_ACTIVE,b5db33ab54a9c9565edd6541461a3b982afc4a5f78ded6bbd833e99ee3f14d67
weekday,2027-02-22,2027-02-26,2027-02-22,,Ski Blauer Star,ski_blauer_star,1200f016-a50f-5ecc-8a05-48dc4ea9931e,cba3c8b6-200d-55d5-96d3-460fdf57f287|1200f016-a50f-5ecc-8a05-48dc4ea9931e,5253|5258|5267|5278|5284|5294,"{""1200f016-a50f-5ecc-8a05-48dc4ea9931e"": [1, 2, 3, 4, 5], ""cba3c8b6-200d-55d5-96d3-460fdf57f287"": [1]}",2027-02-22|2027-02-23|2027-02-24|2027-02-25|2027-02-26,10:00-12:00|14:00-16:00,13,,false,PREPARED_NOT_ACTIVE,b5db33ab54a9c9565edd6541461a3b982afc4a5f78ded6bbd833e99ee3f14d67
weekday,2027-02-22,2027-02-26,2027-02-22,,Ski Erwachsene Anfänger,ski_adult_green,c01d4420-a932-5560-8eb0-155c10a44b10,0e172a99-d3ee-50b2-94d4-48e135e5ee0d|c01d4420-a932-5560-8eb0-155c10a44b10,5247|5259|5269|5277|5287|5296,"{""0e172a99-d3ee-50b2-94d4-48e135e5ee0d"": [1], ""c01d4420-a932-5560-8eb0-155c10a44b10"": [1, 2, 3, 4, 5]}",2027-02-22|2027-02-23|2027-02-24|2027-02-25|2027-02-26,10:00-12:00|14:00-16:00,13,,false,PREPARED_NOT_ACTIVE,b5db33ab54a9c9565edd6541461a3b982afc4a5f78ded6bbd833e99ee3f14d67
weekday,2027-02-22,2027-02-26,2027-02-22,,Ski Erwachsene Fortgeschritten,ski_adult_blue,c01d4420-a932-5560-8eb0-155c10a44b10,0e172a99-d3ee-50b2-94d4-48e135e5ee0d|c01d4420-a932-5560-8eb0-155c10a44b10,5247|5259|5269|5277|5287|5296,"{""0e172a99-d3ee-50b2-94d4-48e135e5ee0d"": [1], ""c01d4420-a932-5560-8eb0-155c10a44b10"": [1, 2, 3, 4, 5]}",2027-02-22|2027-02-23|2027-02-24|2027-02-25|2027-02-26,10:00-12:00|14:00-16:00,13,,false,PREPARED_NOT_ACTIVE,b5db33ab54a9c9565edd6541461a3b982afc4a5f78ded6bbd833e99ee3f14d67
weekday,2027-02-22,2027-02-26,2027-02-22,,Ski Erwachsene Wiedereinsteiger,NEW:ski_adult_returners,53761b30-5b0b-504e-9a9b-83f7618f6620,53761b30-5b0b-504e-9a9b-83f7618f6620,5255,"{""53761b30-5b0b-504e-9a9b-83f7618f6620"": [1]}",2027-02-22|2027-02-23|2027-02-24|2027-02-25|2027-02-26,10:00-12:00,13,,false,PREPARED_NOT_ACTIVE,b5db33ab54a9c9565edd6541461a3b982afc4a5f78ded6bbd833e99ee3f14d67
weekday,2027-02-22,2027-02-26,2027-02-22,,Ski Kinder Fortgeschritten,NEW:ski_kids_advanced,1200f016-a50f-5ecc-8a05-48dc4ea9931e,1200f016-a50f-5ecc-8a05-48dc4ea9931e,5278,"{""1200f016-a50f-5ecc-8a05-48dc4ea9931e"": [3]}",2027-02-22|2027-02-23|2027-02-24|2027-02-25|2027-02-26,10:00-12:00|14:00-16:00,13,,false,PREPARED_NOT_ACTIVE,b5db33ab54a9c9565edd6541461a3b982afc4a5f78ded6bbd833e99ee3f14d67
weekday,2027-02-22,2027-02-26,2027-02-22,,Ski Roter König/Königin,ski_roter_koenig,1200f016-a50f-5ecc-8a05-48dc4ea9931e,cba3c8b6-200d-55d5-96d3-460fdf57f287|1200f016-a50f-5ecc-8a05-48dc4ea9931e,5253|5258|5267|5278|5284|5294,"{""1200f016-a50f-5ecc-8a05-48dc4ea9931e"": [1, 2, 3, 4, 5], ""cba3c8b6-200d-55d5-96d3-460fdf57f287"": [1]}",2027-02-22|2027-02-23|2027-02-24|2027-02-25|2027-02-26,10:00-12:00|14:00-16:00,13,,false,PREPARED_NOT_ACTIVE,b5db33ab54a9c9565edd6541461a3b982afc4a5f78ded6bbd833e99ee3f14d67
weekday,2027-02-22,2027-02-26,2027-02-22,,Ski Roter Prinz/Prinzessin,ski_roter_prinz,1200f016-a50f-5ecc-8a05-48dc4ea9931e,cba3c8b6-200d-55d5-96d3-460fdf57f287|1200f016-a50f-5ecc-8a05-48dc4ea9931e,5253|5258|5267|5278|5284|5294,"{""1200f016-a50f-5ecc-8a05-48dc4ea9931e"": [1, 2, 3, 4, 5], ""cba3c8b6-200d-55d5-96d3-460fdf57f287"": [1]}",2027-02-22|2027-02-23|2027-02-24|2027-02-25|2027-02-26,10:00-12:00|14:00-16:00,13,,false,PREPARED_NOT_ACTIVE,b5db33ab54a9c9565edd6541461a3b982afc4a5f78ded6bbd833e99ee3f14d67
weekday,2027-02-22,2027-02-26,2027-02-22,,Ski Roter Star,ski_roter_star,1200f016-a50f-5ecc-8a05-48dc4ea9931e,cba3c8b6-200d-55d5-96d3-460fdf57f287|1200f016-a50f-5ecc-8a05-48dc4ea9931e,5253|5258|5267|5278|5284|5294,"{""1200f016-a50f-5ecc-8a05-48dc4ea9931e"": [1, 2, 3, 4, 5], ""cba3c8b6-200d-55d5-96d3-460fdf57f287"": [1]}",2027-02-22|2027-02-23|2027-02-24|2027-02-25|2027-02-26,10:00-12:00|14:00-16:00,13,,false,PREPARED_NOT_ACTIVE,b5db33ab54a9c9565edd6541461a3b982afc4a5f78ded6bbd833e99ee3f14d67
weekday,2027-02-22,2027-02-26,2027-02-22,,Ski Schwarzer König/Königin,NEW:ski_schwarzer_koenig,1200f016-a50f-5ecc-8a05-48dc4ea9931e,1200f016-a50f-5ecc-8a05-48dc4ea9931e,5278,"{""1200f016-a50f-5ecc-8a05-48dc4ea9931e"": [3]}",2027-02-22|2027-02-23|2027-02-24|2027-02-25|2027-02-26,10:00-12:00|14:00-16:00,13,,false,PREPARED_NOT_ACTIVE,b5db33ab54a9c9565edd6541461a3b982afc4a5f78ded6bbd833e99ee3f14d67
weekday,2027-02-22,2027-02-26,2027-02-22,,Ski Schwarzer Prinz/Prinzessin,ski_schwarzer_prinz,1200f016-a50f-5ecc-8a05-48dc4ea9931e,cba3c8b6-200d-55d5-96d3-460fdf57f287|1200f016-a50f-5ecc-8a05-48dc4ea9931e,5253|5258|5267|5278|5284|5294,"{""1200f016-a50f-5ecc-8a05-48dc4ea9931e"": [1, 2, 3, 4, 5], ""cba3c8b6-200d-55d5-96d3-460fdf57f287"": [1]}",2027-02-22|2027-02-23|2027-02-24|2027-02-25|2027-02-26,10:00-12:00|14:00-16:00,13,,false,PREPARED_NOT_ACTIVE,b5db33ab54a9c9565edd6541461a3b982afc4a5f78ded6bbd833e99ee3f14d67
weekday,2027-02-22,2027-02-26,2027-02-22,,Ski Swiss Snow Academy,ski_academy,1200f016-a50f-5ecc-8a05-48dc4ea9931e,cba3c8b6-200d-55d5-96d3-460fdf57f287|1200f016-a50f-5ecc-8a05-48dc4ea9931e,5253|5258|5267|5278|5284|5294,"{""1200f016-a50f-5ecc-8a05-48dc4ea9931e"": [1, 2, 3, 4, 5], ""cba3c8b6-200d-55d5-96d3-460fdf57f287"": [1]}",2027-02-22|2027-02-23|2027-02-24|2027-02-25|2027-02-26,10:00-12:00|14:00-16:00,13,,false,PREPARED_NOT_ACTIVE,b5db33ab54a9c9565edd6541461a3b982afc4a5f78ded6bbd833e99ee3f14d67
weekday,2027-02-22,2027-02-26,2027-02-22,,Ski Swiss Snow Kids Village,ski_snow_kids,1200f016-a50f-5ecc-8a05-48dc4ea9931e,cba3c8b6-200d-55d5-96d3-460fdf57f287|6edc13ea-63a2-5d4c-b22e-54f43370e800|1200f016-a50f-5ecc-8a05-48dc4ea9931e,5253|5258|5267|5278|5284|5288|5294,"{""1200f016-a50f-5ecc-8a05-48dc4ea9931e"": [1, 2, 3, 4, 5], ""6edc13ea-63a2-5d4c-b22e-54f43370e800"": [5], ""cba3c8b6-200d-55d5-96d3-460fdf57f287"": [1]}",2027-02-22|2027-02-23|2027-02-24|2027-02-25|2027-02-26,10:00-12:00|14:00-16:00,8,,false,PREPARED_NOT_ACTIVE,b5db33ab54a9c9565edd6541461a3b982afc4a5f78ded6bbd833e99ee3f14d67
weekday,2027-02-22,2027-02-26,2027-02-22,,Ski Windel-Wedelkurs,ski_windel_wedel,6edc13ea-63a2-5d4c-b22e-54f43370e800,6edc13ea-63a2-5d4c-b22e-54f43370e800,5254|5263|5273|5281|5288,"{""6edc13ea-63a2-5d4c-b22e-54f43370e800"": [1, 2, 3, 4, 5]}",2027-02-22|2027-02-23|2027-02-24|2027-02-25|2027-02-26,10:00-12:00,8,,false,PREPARED_NOT_ACTIVE,b5db33ab54a9c9565edd6541461a3b982afc4a5f78ded6bbd833e99ee3f14d67
weekday,2027-02-22,2027-02-26,2027-02-22,,Snowboard Anfänger,REVIEW:sb_adult_green,ab4e4941-02fe-58b7-9ec8-d9b773a1d870,ab4e4941-02fe-58b7-9ec8-d9b773a1d870,5249|5262|5271|5279|5290,"{""ab4e4941-02fe-58b7-9ec8-d9b773a1d870"": [1, 2, 3, 4, 5]}",2027-02-22|2027-02-23|2027-02-24|2027-02-25|2027-02-26,10:00-12:00,10,,false,PREPARED_NOT_ACTIVE,b5db33ab54a9c9565edd6541461a3b982afc4a5f78ded6bbd833e99ee3f14d67
weekday,2027-02-22,2027-02-26,2027-02-22,,Snowboard Fortgeschritten,REVIEW:sb_adult_blue,ab4e4941-02fe-58b7-9ec8-d9b773a1d870,ab4e4941-02fe-58b7-9ec8-d9b773a1d870,5249|5262|5271|5279|5290,"{""ab4e4941-02fe-58b7-9ec8-d9b773a1d870"": [1, 2, 3, 4, 5]}",2027-02-22|2027-02-23|2027-02-24|2027-02-25|2027-02-26,10:00-12:00,10,,false,PREPARED_NOT_ACTIVE,b5db33ab54a9c9565edd6541461a3b982afc4a5f78ded6bbd833e99ee3f14d67
weekday,2027-03-01,2027-03-05,2027-03-01,,Ski Blauer König/Königin,ski_blauer_koenig,1200f016-a50f-5ecc-8a05-48dc4ea9931e,cba3c8b6-200d-55d5-96d3-460fdf57f287|1200f016-a50f-5ecc-8a05-48dc4ea9931e,5253|5258|5267|5278|5284|5294,"{""1200f016-a50f-5ecc-8a05-48dc4ea9931e"": [1, 2, 3, 4, 5], ""cba3c8b6-200d-55d5-96d3-460fdf57f287"": [1]}",2027-03-01|2027-03-02|2027-03-03|2027-03-04|2027-03-05,10:00-12:00|14:00-16:00,13,,false,PREPARED_NOT_ACTIVE,b5db33ab54a9c9565edd6541461a3b982afc4a5f78ded6bbd833e99ee3f14d67
weekday,2027-03-01,2027-03-05,2027-03-01,,Ski Blauer Prinz/Prinzessin,ski_blauer_prinz,1200f016-a50f-5ecc-8a05-48dc4ea9931e,cba3c8b6-200d-55d5-96d3-460fdf57f287|1200f016-a50f-5ecc-8a05-48dc4ea9931e,5253|5258|5267|5278|5284|5294,"{""1200f016-a50f-5ecc-8a05-48dc4ea9931e"": [1, 2, 3, 4, 5], ""cba3c8b6-200d-55d5-96d3-460fdf57f287"": [1]}",2027-03-01|2027-03-02|2027-03-03|2027-03-04|2027-03-05,10:00-12:00|14:00-16:00,13,,false,PREPARED_NOT_ACTIVE,b5db33ab54a9c9565edd6541461a3b982afc4a5f78ded6bbd833e99ee3f14d67
weekday,2027-03-01,2027-03-05,2027-03-01,,Ski Blauer Star,ski_blauer_star,1200f016-a50f-5ecc-8a05-48dc4ea9931e,cba3c8b6-200d-55d5-96d3-460fdf57f287|1200f016-a50f-5ecc-8a05-48dc4ea9931e,5253|5258|5267|5278|5284|5294,"{""1200f016-a50f-5ecc-8a05-48dc4ea9931e"": [1, 2, 3, 4, 5], ""cba3c8b6-200d-55d5-96d3-460fdf57f287"": [1]}",2027-03-01|2027-03-02|2027-03-03|2027-03-04|2027-03-05,10:00-12:00|14:00-16:00,13,,false,PREPARED_NOT_ACTIVE,b5db33ab54a9c9565edd6541461a3b982afc4a5f78ded6bbd833e99ee3f14d67
weekday,2027-03-01,2027-03-05,2027-03-01,,Ski Erwachsene Anfänger,ski_adult_green,c01d4420-a932-5560-8eb0-155c10a44b10,0e172a99-d3ee-50b2-94d4-48e135e5ee0d|c01d4420-a932-5560-8eb0-155c10a44b10,5247|5259|5269|5277|5287|5296,"{""0e172a99-d3ee-50b2-94d4-48e135e5ee0d"": [1], ""c01d4420-a932-5560-8eb0-155c10a44b10"": [1, 2, 3, 4, 5]}",2027-03-01|2027-03-02|2027-03-03|2027-03-04|2027-03-05,10:00-12:00|14:00-16:00,13,,false,PREPARED_NOT_ACTIVE,b5db33ab54a9c9565edd6541461a3b982afc4a5f78ded6bbd833e99ee3f14d67
weekday,2027-03-01,2027-03-05,2027-03-01,,Ski Erwachsene Fortgeschritten,ski_adult_blue,c01d4420-a932-5560-8eb0-155c10a44b10,0e172a99-d3ee-50b2-94d4-48e135e5ee0d|c01d4420-a932-5560-8eb0-155c10a44b10,5247|5259|5269|5277|5287|5296,"{""0e172a99-d3ee-50b2-94d4-48e135e5ee0d"": [1], ""c01d4420-a932-5560-8eb0-155c10a44b10"": [1, 2, 3, 4, 5]}",2027-03-01|2027-03-02|2027-03-03|2027-03-04|2027-03-05,10:00-12:00|14:00-16:00,13,,false,PREPARED_NOT_ACTIVE,b5db33ab54a9c9565edd6541461a3b982afc4a5f78ded6bbd833e99ee3f14d67
weekday,2027-03-01,2027-03-05,2027-03-01,,Ski Erwachsene Wiedereinsteiger,NEW:ski_adult_returners,53761b30-5b0b-504e-9a9b-83f7618f6620,53761b30-5b0b-504e-9a9b-83f7618f6620,5255,"{""53761b30-5b0b-504e-9a9b-83f7618f6620"": [1]}",2027-03-01|2027-03-02|2027-03-03|2027-03-04|2027-03-05,10:00-12:00,13,,false,PREPARED_NOT_ACTIVE,b5db33ab54a9c9565edd6541461a3b982afc4a5f78ded6bbd833e99ee3f14d67
weekday,2027-03-01,2027-03-05,2027-03-01,,Ski Kinder Fortgeschritten,NEW:ski_kids_advanced,1200f016-a50f-5ecc-8a05-48dc4ea9931e,1200f016-a50f-5ecc-8a05-48dc4ea9931e,5278,"{""1200f016-a50f-5ecc-8a05-48dc4ea9931e"": [3]}",2027-03-01|2027-03-02|2027-03-03|2027-03-04|2027-03-05,10:00-12:00|14:00-16:00,13,,false,PREPARED_NOT_ACTIVE,b5db33ab54a9c9565edd6541461a3b982afc4a5f78ded6bbd833e99ee3f14d67
weekday,2027-03-01,2027-03-05,2027-03-01,,Ski Roter König/Königin,ski_roter_koenig,1200f016-a50f-5ecc-8a05-48dc4ea9931e,cba3c8b6-200d-55d5-96d3-460fdf57f287|1200f016-a50f-5ecc-8a05-48dc4ea9931e,5253|5258|5267|5278|5284|5294,"{""1200f016-a50f-5ecc-8a05-48dc4ea9931e"": [1, 2, 3, 4, 5], ""cba3c8b6-200d-55d5-96d3-460fdf57f287"": [1]}",2027-03-01|2027-03-02|2027-03-03|2027-03-04|2027-03-05,10:00-12:00|14:00-16:00,13,,false,PREPARED_NOT_ACTIVE,b5db33ab54a9c9565edd6541461a3b982afc4a5f78ded6bbd833e99ee3f14d67
weekday,2027-03-01,2027-03-05,2027-03-01,,Ski Roter Prinz/Prinzessin,ski_roter_prinz,1200f016-a50f-5ecc-8a05-48dc4ea9931e,cba3c8b6-200d-55d5-96d3-460fdf57f287|1200f016-a50f-5ecc-8a05-48dc4ea9931e,5253|5258|5267|5278|5284|5294,"{""1200f016-a50f-5ecc-8a05-48dc4ea9931e"": [1, 2, 3, 4, 5], ""cba3c8b6-200d-55d5-96d3-460fdf57f287"": [1]}",2027-03-01|2027-03-02|2027-03-03|2027-03-04|2027-03-05,10:00-12:00|14:00-16:00,13,,false,PREPARED_NOT_ACTIVE,b5db33ab54a9c9565edd6541461a3b982afc4a5f78ded6bbd833e99ee3f14d67
weekday,2027-03-01,2027-03-05,2027-03-01,,Ski Roter Star,ski_roter_star,1200f016-a50f-5ecc-8a05-48dc4ea9931e,cba3c8b6-200d-55d5-96d3-460fdf57f287|1200f016-a50f-5ecc-8a05-48dc4ea9931e,5253|5258|5267|5278|5284|5294,"{""1200f016-a50f-5ecc-8a05-48dc4ea9931e"": [1, 2, 3, 4, 5], ""cba3c8b6-200d-55d5-96d3-460fdf57f287"": [1]}",2027-03-01|2027-03-02|2027-03-03|2027-03-04|2027-03-05,10:00-12:00|14:00-16:00,13,,false,PREPARED_NOT_ACTIVE,b5db33ab54a9c9565edd6541461a3b982afc4a5f78ded6bbd833e99ee3f14d67
weekday,2027-03-01,2027-03-05,2027-03-01,,Ski Schwarzer König/Königin,NEW:ski_schwarzer_koenig,1200f016-a50f-5ecc-8a05-48dc4ea9931e,1200f016-a50f-5ecc-8a05-48dc4ea9931e,5278,"{""1200f016-a50f-5ecc-8a05-48dc4ea9931e"": [3]}",2027-03-01|2027-03-02|2027-03-03|2027-03-04|2027-03-05,10:00-12:00|14:00-16:00,13,,false,PREPARED_NOT_ACTIVE,b5db33ab54a9c9565edd6541461a3b982afc4a5f78ded6bbd833e99ee3f14d67
weekday,2027-03-01,2027-03-05,2027-03-01,,Ski Schwarzer Prinz/Prinzessin,ski_schwarzer_prinz,1200f016-a50f-5ecc-8a05-48dc4ea9931e,cba3c8b6-200d-55d5-96d3-460fdf57f287|1200f016-a50f-5ecc-8a05-48dc4ea9931e,5253|5258|5267|5278|5284|5294,"{""1200f016-a50f-5ecc-8a05-48dc4ea9931e"": [1, 2, 3, 4, 5], ""cba3c8b6-200d-55d5-96d3-460fdf57f287"": [1]}",2027-03-01|2027-03-02|2027-03-03|2027-03-04|2027-03-05,10:00-12:00|14:00-16:00,13,,false,PREPARED_NOT_ACTIVE,b5db33ab54a9c9565edd6541461a3b982afc4a5f78ded6bbd833e99ee3f14d67
weekday,2027-03-01,2027-03-05,2027-03-01,,Ski Swiss Snow Academy,ski_academy,1200f016-a50f-5ecc-8a05-48dc4ea9931e,cba3c8b6-200d-55d5-96d3-460fdf57f287|1200f016-a50f-5ecc-8a05-48dc4ea9931e,5253|5258|5267|5278|5284|5294,"{""1200f016-a50f-5ecc-8a05-48dc4ea9931e"": [1, 2, 3, 4, 5], ""cba3c8b6-200d-55d5-96d3-460fdf57f287"": [1]}",2027-03-01|2027-03-02|2027-03-03|2027-03-04|2027-03-05,10:00-12:00|14:00-16:00,13,,false,PREPARED_NOT_ACTIVE,b5db33ab54a9c9565edd6541461a3b982afc4a5f78ded6bbd833e99ee3f14d67
weekday,2027-03-01,2027-03-05,2027-03-01,,Ski Swiss Snow Kids Village,ski_snow_kids,1200f016-a50f-5ecc-8a05-48dc4ea9931e,cba3c8b6-200d-55d5-96d3-460fdf57f287|6edc13ea-63a2-5d4c-b22e-54f43370e800|1200f016-a50f-5ecc-8a05-48dc4ea9931e,5253|5258|5267|5278|5284|5288|5294,"{""1200f016-a50f-5ecc-8a05-48dc4ea9931e"": [1, 2, 3, 4, 5], ""6edc13ea-63a2-5d4c-b22e-54f43370e800"": [5], ""cba3c8b6-200d-55d5-96d3-460fdf57f287"": [1]}",2027-03-01|2027-03-02|2027-03-03|2027-03-04|2027-03-05,10:00-12:00|14:00-16:00,8,,false,PREPARED_NOT_ACTIVE,b5db33ab54a9c9565edd6541461a3b982afc4a5f78ded6bbd833e99ee3f14d67
weekday,2027-03-01,2027-03-05,2027-03-01,,Ski Windel-Wedelkurs,ski_windel_wedel,6edc13ea-63a2-5d4c-b22e-54f43370e800,6edc13ea-63a2-5d4c-b22e-54f43370e800,5254|5263|5273|5281|5288,"{""6edc13ea-63a2-5d4c-b22e-54f43370e800"": [1, 2, 3, 4, 5]}",2027-03-01|2027-03-02|2027-03-03|2027-03-04|2027-03-05,10:00-12:00,8,,false,PREPARED_NOT_ACTIVE,b5db33ab54a9c9565edd6541461a3b982afc4a5f78ded6bbd833e99ee3f14d67
weekday,2027-03-01,2027-03-05,2027-03-01,,Snowboard Anfänger,REVIEW:sb_adult_green,ab4e4941-02fe-58b7-9ec8-d9b773a1d870,ab4e4941-02fe-58b7-9ec8-d9b773a1d870,5249|5262|5271|5279|5290,"{""ab4e4941-02fe-58b7-9ec8-d9b773a1d870"": [1, 2, 3, 4, 5]}",2027-03-01|2027-03-02|2027-03-03|2027-03-04|2027-03-05,10:00-12:00,10,,false,PREPARED_NOT_ACTIVE,b5db33ab54a9c9565edd6541461a3b982afc4a5f78ded6bbd833e99ee3f14d67
weekday,2027-03-01,2027-03-05,2027-03-01,,Snowboard Fortgeschritten,REVIEW:sb_adult_blue,ab4e4941-02fe-58b7-9ec8-d9b773a1d870,ab4e4941-02fe-58b7-9ec8-d9b773a1d870,5249|5262|5271|5279|5290,"{""ab4e4941-02fe-58b7-9ec8-d9b773a1d870"": [1, 2, 3, 4, 5]}",2027-03-01|2027-03-02|2027-03-03|2027-03-04|2027-03-05,10:00-12:00,10,,false,PREPARED_NOT_ACTIVE,b5db33ab54a9c9565edd6541461a3b982afc4a5f78ded6bbd833e99ee3f14d67
weekday,2027-03-08,2027-03-12,2027-03-08,,Ski Blauer König/Königin,ski_blauer_koenig,1200f016-a50f-5ecc-8a05-48dc4ea9931e,cba3c8b6-200d-55d5-96d3-460fdf57f287|1200f016-a50f-5ecc-8a05-48dc4ea9931e,5253|5258|5267|5278|5284|5294,"{""1200f016-a50f-5ecc-8a05-48dc4ea9931e"": [1, 2, 3, 4, 5], ""cba3c8b6-200d-55d5-96d3-460fdf57f287"": [1]}",2027-03-08|2027-03-09|2027-03-10|2027-03-11|2027-03-12,10:00-12:00|14:00-16:00,13,,false,PREPARED_NOT_ACTIVE,b5db33ab54a9c9565edd6541461a3b982afc4a5f78ded6bbd833e99ee3f14d67
weekday,2027-03-08,2027-03-12,2027-03-08,,Ski Blauer Prinz/Prinzessin,ski_blauer_prinz,1200f016-a50f-5ecc-8a05-48dc4ea9931e,cba3c8b6-200d-55d5-96d3-460fdf57f287|1200f016-a50f-5ecc-8a05-48dc4ea9931e,5253|5258|5267|5278|5284|5294,"{""1200f016-a50f-5ecc-8a05-48dc4ea9931e"": [1, 2, 3, 4, 5], ""cba3c8b6-200d-55d5-96d3-460fdf57f287"": [1]}",2027-03-08|2027-03-09|2027-03-10|2027-03-11|2027-03-12,10:00-12:00|14:00-16:00,13,,false,PREPARED_NOT_ACTIVE,b5db33ab54a9c9565edd6541461a3b982afc4a5f78ded6bbd833e99ee3f14d67
weekday,2027-03-08,2027-03-12,2027-03-08,,Ski Blauer Star,ski_blauer_star,1200f016-a50f-5ecc-8a05-48dc4ea9931e,cba3c8b6-200d-55d5-96d3-460fdf57f287|1200f016-a50f-5ecc-8a05-48dc4ea9931e,5253|5258|5267|5278|5284|5294,"{""1200f016-a50f-5ecc-8a05-48dc4ea9931e"": [1, 2, 3, 4, 5], ""cba3c8b6-200d-55d5-96d3-460fdf57f287"": [1]}",2027-03-08|2027-03-09|2027-03-10|2027-03-11|2027-03-12,10:00-12:00|14:00-16:00,13,,false,PREPARED_NOT_ACTIVE,b5db33ab54a9c9565edd6541461a3b982afc4a5f78ded6bbd833e99ee3f14d67
weekday,2027-03-08,2027-03-12,2027-03-08,,Ski Erwachsene Anfänger,ski_adult_green,c01d4420-a932-5560-8eb0-155c10a44b10,0e172a99-d3ee-50b2-94d4-48e135e5ee0d|c01d4420-a932-5560-8eb0-155c10a44b10,5247|5259|5269|5277|5287|5296,"{""0e172a99-d3ee-50b2-94d4-48e135e5ee0d"": [1], ""c01d4420-a932-5560-8eb0-155c10a44b10"": [1, 2, 3, 4, 5]}",2027-03-08|2027-03-09|2027-03-10|2027-03-11|2027-03-12,10:00-12:00|14:00-16:00,13,,false,PREPARED_NOT_ACTIVE,b5db33ab54a9c9565edd6541461a3b982afc4a5f78ded6bbd833e99ee3f14d67
weekday,2027-03-08,2027-03-12,2027-03-08,,Ski Erwachsene Fortgeschritten,ski_adult_blue,c01d4420-a932-5560-8eb0-155c10a44b10,0e172a99-d3ee-50b2-94d4-48e135e5ee0d|c01d4420-a932-5560-8eb0-155c10a44b10,5247|5259|5269|5277|5287|5296,"{""0e172a99-d3ee-50b2-94d4-48e135e5ee0d"": [1], ""c01d4420-a932-5560-8eb0-155c10a44b10"": [1, 2, 3, 4, 5]}",2027-03-08|2027-03-09|2027-03-10|2027-03-11|2027-03-12,10:00-12:00|14:00-16:00,13,,false,PREPARED_NOT_ACTIVE,b5db33ab54a9c9565edd6541461a3b982afc4a5f78ded6bbd833e99ee3f14d67
weekday,2027-03-08,2027-03-12,2027-03-08,,Ski Erwachsene Wiedereinsteiger,NEW:ski_adult_returners,53761b30-5b0b-504e-9a9b-83f7618f6620,53761b30-5b0b-504e-9a9b-83f7618f6620,5255,"{""53761b30-5b0b-504e-9a9b-83f7618f6620"": [1]}",2027-03-08|2027-03-09|2027-03-10|2027-03-11|2027-03-12,10:00-12:00,13,,false,PREPARED_NOT_ACTIVE,b5db33ab54a9c9565edd6541461a3b982afc4a5f78ded6bbd833e99ee3f14d67
weekday,2027-03-08,2027-03-12,2027-03-08,,Ski Kinder Fortgeschritten,NEW:ski_kids_advanced,1200f016-a50f-5ecc-8a05-48dc4ea9931e,1200f016-a50f-5ecc-8a05-48dc4ea9931e,5278,"{""1200f016-a50f-5ecc-8a05-48dc4ea9931e"": [3]}",2027-03-08|2027-03-09|2027-03-10|2027-03-11|2027-03-12,10:00-12:00|14:00-16:00,13,,false,PREPARED_NOT_ACTIVE,b5db33ab54a9c9565edd6541461a3b982afc4a5f78ded6bbd833e99ee3f14d67
weekday,2027-03-08,2027-03-12,2027-03-08,,Ski Roter König/Königin,ski_roter_koenig,1200f016-a50f-5ecc-8a05-48dc4ea9931e,cba3c8b6-200d-55d5-96d3-460fdf57f287|1200f016-a50f-5ecc-8a05-48dc4ea9931e,5253|5258|5267|5278|5284|5294,"{""1200f016-a50f-5ecc-8a05-48dc4ea9931e"": [1, 2, 3, 4, 5], ""cba3c8b6-200d-55d5-96d3-460fdf57f287"": [1]}",2027-03-08|2027-03-09|2027-03-10|2027-03-11|2027-03-12,10:00-12:00|14:00-16:00,13,,false,PREPARED_NOT_ACTIVE,b5db33ab54a9c9565edd6541461a3b982afc4a5f78ded6bbd833e99ee3f14d67
weekday,2027-03-08,2027-03-12,2027-03-08,,Ski Roter Prinz/Prinzessin,ski_roter_prinz,1200f016-a50f-5ecc-8a05-48dc4ea9931e,cba3c8b6-200d-55d5-96d3-460fdf57f287|1200f016-a50f-5ecc-8a05-48dc4ea9931e,5253|5258|5267|5278|5284|5294,"{""1200f016-a50f-5ecc-8a05-48dc4ea9931e"": [1, 2, 3, 4, 5], ""cba3c8b6-200d-55d5-96d3-460fdf57f287"": [1]}",2027-03-08|2027-03-09|2027-03-10|2027-03-11|2027-03-12,10:00-12:00|14:00-16:00,13,,false,PREPARED_NOT_ACTIVE,b5db33ab54a9c9565edd6541461a3b982afc4a5f78ded6bbd833e99ee3f14d67
weekday,2027-03-08,2027-03-12,2027-03-08,,Ski Roter Star,ski_roter_star,1200f016-a50f-5ecc-8a05-48dc4ea9931e,cba3c8b6-200d-55d5-96d3-460fdf57f287|1200f016-a50f-5ecc-8a05-48dc4ea9931e,5253|5258|5267|5278|5284|5294,"{""1200f016-a50f-5ecc-8a05-48dc4ea9931e"": [1, 2, 3, 4, 5], ""cba3c8b6-200d-55d5-96d3-460fdf57f287"": [1]}",2027-03-08|2027-03-09|2027-03-10|2027-03-11|2027-03-12,10:00-12:00|14:00-16:00,13,,false,PREPARED_NOT_ACTIVE,b5db33ab54a9c9565edd6541461a3b982afc4a5f78ded6bbd833e99ee3f14d67
weekday,2027-03-08,2027-03-12,2027-03-08,,Ski Schwarzer König/Königin,NEW:ski_schwarzer_koenig,1200f016-a50f-5ecc-8a05-48dc4ea9931e,1200f016-a50f-5ecc-8a05-48dc4ea9931e,5278,"{""1200f016-a50f-5ecc-8a05-48dc4ea9931e"": [3]}",2027-03-08|2027-03-09|2027-03-10|2027-03-11|2027-03-12,10:00-12:00|14:00-16:00,13,,false,PREPARED_NOT_ACTIVE,b5db33ab54a9c9565edd6541461a3b982afc4a5f78ded6bbd833e99ee3f14d67
weekday,2027-03-08,2027-03-12,2027-03-08,,Ski Schwarzer Prinz/Prinzessin,ski_schwarzer_prinz,1200f016-a50f-5ecc-8a05-48dc4ea9931e,cba3c8b6-200d-55d5-96d3-460fdf57f287|1200f016-a50f-5ecc-8a05-48dc4ea9931e,5253|5258|5267|5278|5284|5294,"{""1200f016-a50f-5ecc-8a05-48dc4ea9931e"": [1, 2, 3, 4, 5], ""cba3c8b6-200d-55d5-96d3-460fdf57f287"": [1]}",2027-03-08|2027-03-09|2027-03-10|2027-03-11|2027-03-12,10:00-12:00|14:00-16:00,13,,false,PREPARED_NOT_ACTIVE,b5db33ab54a9c9565edd6541461a3b982afc4a5f78ded6bbd833e99ee3f14d67
weekday,2027-03-08,2027-03-12,2027-03-08,,Ski Swiss Snow Academy,ski_academy,1200f016-a50f-5ecc-8a05-48dc4ea9931e,cba3c8b6-200d-55d5-96d3-460fdf57f287|1200f016-a50f-5ecc-8a05-48dc4ea9931e,5253|5258|5267|5278|5284|5294,"{""1200f016-a50f-5ecc-8a05-48dc4ea9931e"": [1, 2, 3, 4, 5], ""cba3c8b6-200d-55d5-96d3-460fdf57f287"": [1]}",2027-03-08|2027-03-09|2027-03-10|2027-03-11|2027-03-12,10:00-12:00|14:00-16:00,13,,false,PREPARED_NOT_ACTIVE,b5db33ab54a9c9565edd6541461a3b982afc4a5f78ded6bbd833e99ee3f14d67
weekday,2027-03-08,2027-03-12,2027-03-08,,Ski Swiss Snow Kids Village,ski_snow_kids,1200f016-a50f-5ecc-8a05-48dc4ea9931e,cba3c8b6-200d-55d5-96d3-460fdf57f287|6edc13ea-63a2-5d4c-b22e-54f43370e800|1200f016-a50f-5ecc-8a05-48dc4ea9931e,5253|5258|5267|5278|5284|5288|5294,"{""1200f016-a50f-5ecc-8a05-48dc4ea9931e"": [1, 2, 3, 4, 5], ""6edc13ea-63a2-5d4c-b22e-54f43370e800"": [5], ""cba3c8b6-200d-55d5-96d3-460fdf57f287"": [1]}",2027-03-08|2027-03-09|2027-03-10|2027-03-11|2027-03-12,10:00-12:00|14:00-16:00,8,,false,PREPARED_NOT_ACTIVE,b5db33ab54a9c9565edd6541461a3b982afc4a5f78ded6bbd833e99ee3f14d67
weekday,2027-03-08,2027-03-12,2027-03-08,,Ski Windel-Wedelkurs,ski_windel_wedel,6edc13ea-63a2-5d4c-b22e-54f43370e800,6edc13ea-63a2-5d4c-b22e-54f43370e800,5254|5263|5273|5281|5288,"{""6edc13ea-63a2-5d4c-b22e-54f43370e800"": [1, 2, 3, 4, 5]}",2027-03-08|2027-03-09|2027-03-10|2027-03-11|2027-03-12,10:00-12:00,8,,false,PREPARED_NOT_ACTIVE,b5db33ab54a9c9565edd6541461a3b982afc4a5f78ded6bbd833e99ee3f14d67
weekday,2027-03-08,2027-03-12,2027-03-08,,Snowboard Anfänger,REVIEW:sb_adult_green,ab4e4941-02fe-58b7-9ec8-d9b773a1d870,ab4e4941-02fe-58b7-9ec8-d9b773a1d870,5249|5262|5271|5279|5290,"{""ab4e4941-02fe-58b7-9ec8-d9b773a1d870"": [1, 2, 3, 4, 5]}",2027-03-08|2027-03-09|2027-03-10|2027-03-11|2027-03-12,10:00-12:00,10,,false,PREPARED_NOT_ACTIVE,b5db33ab54a9c9565edd6541461a3b982afc4a5f78ded6bbd833e99ee3f14d67
weekday,2027-03-08,2027-03-12,2027-03-08,,Snowboard Fortgeschritten,REVIEW:sb_adult_blue,ab4e4941-02fe-58b7-9ec8-d9b773a1d870,ab4e4941-02fe-58b7-9ec8-d9b773a1d870,5249|5262|5271|5279|5290,"{""ab4e4941-02fe-58b7-9ec8-d9b773a1d870"": [1, 2, 3, 4, 5]}",2027-03-08|2027-03-09|2027-03-10|2027-03-11|2027-03-12,10:00-12:00,10,,false,PREPARED_NOT_ACTIVE,b5db33ab54a9c9565edd6541461a3b982afc4a5f78ded6bbd833e99ee3f14d67
weekday,2027-03-15,2027-03-19,2027-03-15,,Ski Blauer König/Königin,ski_blauer_koenig,1200f016-a50f-5ecc-8a05-48dc4ea9931e,cba3c8b6-200d-55d5-96d3-460fdf57f287|1200f016-a50f-5ecc-8a05-48dc4ea9931e,5253|5258|5267|5278|5284|5294,"{""1200f016-a50f-5ecc-8a05-48dc4ea9931e"": [1, 2, 3, 4, 5], ""cba3c8b6-200d-55d5-96d3-460fdf57f287"": [1]}",2027-03-15|2027-03-16|2027-03-17|2027-03-18|2027-03-19,10:00-12:00|14:00-16:00,13,,false,PREPARED_NOT_ACTIVE,b5db33ab54a9c9565edd6541461a3b982afc4a5f78ded6bbd833e99ee3f14d67
weekday,2027-03-15,2027-03-19,2027-03-15,,Ski Blauer Prinz/Prinzessin,ski_blauer_prinz,1200f016-a50f-5ecc-8a05-48dc4ea9931e,cba3c8b6-200d-55d5-96d3-460fdf57f287|1200f016-a50f-5ecc-8a05-48dc4ea9931e,5253|5258|5267|5278|5284|5294,"{""1200f016-a50f-5ecc-8a05-48dc4ea9931e"": [1, 2, 3, 4, 5], ""cba3c8b6-200d-55d5-96d3-460fdf57f287"": [1]}",2027-03-15|2027-03-16|2027-03-17|2027-03-18|2027-03-19,10:00-12:00|14:00-16:00,13,,false,PREPARED_NOT_ACTIVE,b5db33ab54a9c9565edd6541461a3b982afc4a5f78ded6bbd833e99ee3f14d67
weekday,2027-03-15,2027-03-19,2027-03-15,,Ski Blauer Star,ski_blauer_star,1200f016-a50f-5ecc-8a05-48dc4ea9931e,cba3c8b6-200d-55d5-96d3-460fdf57f287|1200f016-a50f-5ecc-8a05-48dc4ea9931e,5253|5258|5267|5278|5284|5294,"{""1200f016-a50f-5ecc-8a05-48dc4ea9931e"": [1, 2, 3, 4, 5], ""cba3c8b6-200d-55d5-96d3-460fdf57f287"": [1]}",2027-03-15|2027-03-16|2027-03-17|2027-03-18|2027-03-19,10:00-12:00|14:00-16:00,13,,false,PREPARED_NOT_ACTIVE,b5db33ab54a9c9565edd6541461a3b982afc4a5f78ded6bbd833e99ee3f14d67
weekday,2027-03-15,2027-03-19,2027-03-15,,Ski Erwachsene Anfänger,ski_adult_green,c01d4420-a932-5560-8eb0-155c10a44b10,0e172a99-d3ee-50b2-94d4-48e135e5ee0d|c01d4420-a932-5560-8eb0-155c10a44b10,5247|5259|5269|5277|5287|5296,"{""0e172a99-d3ee-50b2-94d4-48e135e5ee0d"": [1], ""c01d4420-a932-5560-8eb0-155c10a44b10"": [1, 2, 3, 4, 5]}",2027-03-15|2027-03-16|2027-03-17|2027-03-18|2027-03-19,10:00-12:00|14:00-16:00,13,,false,PREPARED_NOT_ACTIVE,b5db33ab54a9c9565edd6541461a3b982afc4a5f78ded6bbd833e99ee3f14d67
weekday,2027-03-15,2027-03-19,2027-03-15,,Ski Erwachsene Fortgeschritten,ski_adult_blue,c01d4420-a932-5560-8eb0-155c10a44b10,0e172a99-d3ee-50b2-94d4-48e135e5ee0d|c01d4420-a932-5560-8eb0-155c10a44b10,5247|5259|5269|5277|5287|5296,"{""0e172a99-d3ee-50b2-94d4-48e135e5ee0d"": [1], ""c01d4420-a932-5560-8eb0-155c10a44b10"": [1, 2, 3, 4, 5]}",2027-03-15|2027-03-16|2027-03-17|2027-03-18|2027-03-19,10:00-12:00|14:00-16:00,13,,false,PREPARED_NOT_ACTIVE,b5db33ab54a9c9565edd6541461a3b982afc4a5f78ded6bbd833e99ee3f14d67
weekday,2027-03-15,2027-03-19,2027-03-15,,Ski Erwachsene Wiedereinsteiger,NEW:ski_adult_returners,53761b30-5b0b-504e-9a9b-83f7618f6620,53761b30-5b0b-504e-9a9b-83f7618f6620,5255,"{""53761b30-5b0b-504e-9a9b-83f7618f6620"": [1]}",2027-03-15|2027-03-16|2027-03-17|2027-03-18|2027-03-19,10:00-12:00,13,,false,PREPARED_NOT_ACTIVE,b5db33ab54a9c9565edd6541461a3b982afc4a5f78ded6bbd833e99ee3f14d67
weekday,2027-03-15,2027-03-19,2027-03-15,,Ski Kinder Fortgeschritten,NEW:ski_kids_advanced,1200f016-a50f-5ecc-8a05-48dc4ea9931e,1200f016-a50f-5ecc-8a05-48dc4ea9931e,5278,"{""1200f016-a50f-5ecc-8a05-48dc4ea9931e"": [3]}",2027-03-15|2027-03-16|2027-03-17|2027-03-18|2027-03-19,10:00-12:00|14:00-16:00,13,,false,PREPARED_NOT_ACTIVE,b5db33ab54a9c9565edd6541461a3b982afc4a5f78ded6bbd833e99ee3f14d67
weekday,2027-03-15,2027-03-19,2027-03-15,,Ski Roter König/Königin,ski_roter_koenig,1200f016-a50f-5ecc-8a05-48dc4ea9931e,cba3c8b6-200d-55d5-96d3-460fdf57f287|1200f016-a50f-5ecc-8a05-48dc4ea9931e,5253|5258|5267|5278|5284|5294,"{""1200f016-a50f-5ecc-8a05-48dc4ea9931e"": [1, 2, 3, 4, 5], ""cba3c8b6-200d-55d5-96d3-460fdf57f287"": [1]}",2027-03-15|2027-03-16|2027-03-17|2027-03-18|2027-03-19,10:00-12:00|14:00-16:00,13,,false,PREPARED_NOT_ACTIVE,b5db33ab54a9c9565edd6541461a3b982afc4a5f78ded6bbd833e99ee3f14d67
weekday,2027-03-15,2027-03-19,2027-03-15,,Ski Roter Prinz/Prinzessin,ski_roter_prinz,1200f016-a50f-5ecc-8a05-48dc4ea9931e,cba3c8b6-200d-55d5-96d3-460fdf57f287|1200f016-a50f-5ecc-8a05-48dc4ea9931e,5253|5258|5267|5278|5284|5294,"{""1200f016-a50f-5ecc-8a05-48dc4ea9931e"": [1, 2, 3, 4, 5], ""cba3c8b6-200d-55d5-96d3-460fdf57f287"": [1]}",2027-03-15|2027-03-16|2027-03-17|2027-03-18|2027-03-19,10:00-12:00|14:00-16:00,13,,false,PREPARED_NOT_ACTIVE,b5db33ab54a9c9565edd6541461a3b982afc4a5f78ded6bbd833e99ee3f14d67
weekday,2027-03-15,2027-03-19,2027-03-15,,Ski Roter Star,ski_roter_star,1200f016-a50f-5ecc-8a05-48dc4ea9931e,cba3c8b6-200d-55d5-96d3-460fdf57f287|1200f016-a50f-5ecc-8a05-48dc4ea9931e,5253|5258|5267|5278|5284|5294,"{""1200f016-a50f-5ecc-8a05-48dc4ea9931e"": [1, 2, 3, 4, 5], ""cba3c8b6-200d-55d5-96d3-460fdf57f287"": [1]}",2027-03-15|2027-03-16|2027-03-17|2027-03-18|2027-03-19,10:00-12:00|14:00-16:00,13,,false,PREPARED_NOT_ACTIVE,b5db33ab54a9c9565edd6541461a3b982afc4a5f78ded6bbd833e99ee3f14d67
weekday,2027-03-15,2027-03-19,2027-03-15,,Ski Schwarzer König/Königin,NEW:ski_schwarzer_koenig,1200f016-a50f-5ecc-8a05-48dc4ea9931e,1200f016-a50f-5ecc-8a05-48dc4ea9931e,5278,"{""1200f016-a50f-5ecc-8a05-48dc4ea9931e"": [3]}",2027-03-15|2027-03-16|2027-03-17|2027-03-18|2027-03-19,10:00-12:00|14:00-16:00,13,,false,PREPARED_NOT_ACTIVE,b5db33ab54a9c9565edd6541461a3b982afc4a5f78ded6bbd833e99ee3f14d67
weekday,2027-03-15,2027-03-19,2027-03-15,,Ski Schwarzer Prinz/Prinzessin,ski_schwarzer_prinz,1200f016-a50f-5ecc-8a05-48dc4ea9931e,cba3c8b6-200d-55d5-96d3-460fdf57f287|1200f016-a50f-5ecc-8a05-48dc4ea9931e,5253|5258|5267|5278|5284|5294,"{""1200f016-a50f-5ecc-8a05-48dc4ea9931e"": [1, 2, 3, 4, 5], ""cba3c8b6-200d-55d5-96d3-460fdf57f287"": [1]}",2027-03-15|2027-03-16|2027-03-17|2027-03-18|2027-03-19,10:00-12:00|14:00-16:00,13,,false,PREPARED_NOT_ACTIVE,b5db33ab54a9c9565edd6541461a3b982afc4a5f78ded6bbd833e99ee3f14d67
weekday,2027-03-15,2027-03-19,2027-03-15,,Ski Swiss Snow Academy,ski_academy,1200f016-a50f-5ecc-8a05-48dc4ea9931e,cba3c8b6-200d-55d5-96d3-460fdf57f287|1200f016-a50f-5ecc-8a05-48dc4ea9931e,5253|5258|5267|5278|5284|5294,"{""1200f016-a50f-5ecc-8a05-48dc4ea9931e"": [1, 2, 3, 4, 5], ""cba3c8b6-200d-55d5-96d3-460fdf57f287"": [1]}",2027-03-15|2027-03-16|2027-03-17|2027-03-18|2027-03-19,10:00-12:00|14:00-16:00,13,,false,PREPARED_NOT_ACTIVE,b5db33ab54a9c9565edd6541461a3b982afc4a5f78ded6bbd833e99ee3f14d67
weekday,2027-03-15,2027-03-19,2027-03-15,,Ski Swiss Snow Kids Village,ski_snow_kids,1200f016-a50f-5ecc-8a05-48dc4ea9931e,cba3c8b6-200d-55d5-96d3-460fdf57f287|6edc13ea-63a2-5d4c-b22e-54f43370e800|1200f016-a50f-5ecc-8a05-48dc4ea9931e,5253|5258|5267|5278|5284|5288|5294,"{""1200f016-a50f-5ecc-8a05-48dc4ea9931e"": [1, 2, 3, 4, 5], ""6edc13ea-63a2-5d4c-b22e-54f43370e800"": [5], ""cba3c8b6-200d-55d5-96d3-460fdf57f287"": [1]}",2027-03-15|2027-03-16|2027-03-17|2027-03-18|2027-03-19,10:00-12:00|14:00-16:00,8,,false,PREPARED_NOT_ACTIVE,b5db33ab54a9c9565edd6541461a3b982afc4a5f78ded6bbd833e99ee3f14d67
weekday,2027-03-15,2027-03-19,2027-03-15,,Ski Windel-Wedelkurs,ski_windel_wedel,6edc13ea-63a2-5d4c-b22e-54f43370e800,6edc13ea-63a2-5d4c-b22e-54f43370e800,5254|5263|5273|5281|5288,"{""6edc13ea-63a2-5d4c-b22e-54f43370e800"": [1, 2, 3, 4, 5]}",2027-03-15|2027-03-16|2027-03-17|2027-03-18|2027-03-19,10:00-12:00,8,,false,PREPARED_NOT_ACTIVE,b5db33ab54a9c9565edd6541461a3b982afc4a5f78ded6bbd833e99ee3f14d67
weekday,2027-03-15,2027-03-19,2027-03-15,,Snowboard Anfänger,REVIEW:sb_adult_green,ab4e4941-02fe-58b7-9ec8-d9b773a1d870,ab4e4941-02fe-58b7-9ec8-d9b773a1d870,5249|5262|5271|5279|5290,"{""ab4e4941-02fe-58b7-9ec8-d9b773a1d870"": [1, 2, 3, 4, 5]}",2027-03-15|2027-03-16|2027-03-17|2027-03-18|2027-03-19,10:00-12:00,10,,false,PREPARED_NOT_ACTIVE,b5db33ab54a9c9565edd6541461a3b982afc4a5f78ded6bbd833e99ee3f14d67
weekday,2027-03-15,2027-03-19,2027-03-15,,Snowboard Fortgeschritten,REVIEW:sb_adult_blue,ab4e4941-02fe-58b7-9ec8-d9b773a1d870,ab4e4941-02fe-58b7-9ec8-d9b773a1d870,5249|5262|5271|5279|5290,"{""ab4e4941-02fe-58b7-9ec8-d9b773a1d870"": [1, 2, 3, 4, 5]}",2027-03-15|2027-03-16|2027-03-17|2027-03-18|2027-03-19,10:00-12:00,10,,false,PREPARED_NOT_ACTIVE,b5db33ab54a9c9565edd6541461a3b982afc4a5f78ded6bbd833e99ee3f14d67
weekday,2027-03-22,2027-03-26,2027-03-22,,Ski Blauer König/Königin,ski_blauer_koenig,1200f016-a50f-5ecc-8a05-48dc4ea9931e,cba3c8b6-200d-55d5-96d3-460fdf57f287|1200f016-a50f-5ecc-8a05-48dc4ea9931e,5253|5258|5267|5278|5284|5294,"{""1200f016-a50f-5ecc-8a05-48dc4ea9931e"": [1, 2, 3, 4, 5], ""cba3c8b6-200d-55d5-96d3-460fdf57f287"": [1]}",2027-03-22|2027-03-23|2027-03-24|2027-03-25|2027-03-26,10:00-12:00|14:00-16:00,13,,false,PREPARED_NOT_ACTIVE,b5db33ab54a9c9565edd6541461a3b982afc4a5f78ded6bbd833e99ee3f14d67
weekday,2027-03-22,2027-03-26,2027-03-22,,Ski Blauer Prinz/Prinzessin,ski_blauer_prinz,1200f016-a50f-5ecc-8a05-48dc4ea9931e,cba3c8b6-200d-55d5-96d3-460fdf57f287|1200f016-a50f-5ecc-8a05-48dc4ea9931e,5253|5258|5267|5278|5284|5294,"{""1200f016-a50f-5ecc-8a05-48dc4ea9931e"": [1, 2, 3, 4, 5], ""cba3c8b6-200d-55d5-96d3-460fdf57f287"": [1]}",2027-03-22|2027-03-23|2027-03-24|2027-03-25|2027-03-26,10:00-12:00|14:00-16:00,13,,false,PREPARED_NOT_ACTIVE,b5db33ab54a9c9565edd6541461a3b982afc4a5f78ded6bbd833e99ee3f14d67
weekday,2027-03-22,2027-03-26,2027-03-22,,Ski Blauer Star,ski_blauer_star,1200f016-a50f-5ecc-8a05-48dc4ea9931e,cba3c8b6-200d-55d5-96d3-460fdf57f287|1200f016-a50f-5ecc-8a05-48dc4ea9931e,5253|5258|5267|5278|5284|5294,"{""1200f016-a50f-5ecc-8a05-48dc4ea9931e"": [1, 2, 3, 4, 5], ""cba3c8b6-200d-55d5-96d3-460fdf57f287"": [1]}",2027-03-22|2027-03-23|2027-03-24|2027-03-25|2027-03-26,10:00-12:00|14:00-16:00,13,,false,PREPARED_NOT_ACTIVE,b5db33ab54a9c9565edd6541461a3b982afc4a5f78ded6bbd833e99ee3f14d67
weekday,2027-03-22,2027-03-26,2027-03-22,,Ski Erwachsene Anfänger,ski_adult_green,c01d4420-a932-5560-8eb0-155c10a44b10,0e172a99-d3ee-50b2-94d4-48e135e5ee0d|c01d4420-a932-5560-8eb0-155c10a44b10,5247|5259|5269|5277|5287|5296,"{""0e172a99-d3ee-50b2-94d4-48e135e5ee0d"": [1], ""c01d4420-a932-5560-8eb0-155c10a44b10"": [1, 2, 3, 4, 5]}",2027-03-22|2027-03-23|2027-03-24|2027-03-25|2027-03-26,10:00-12:00|14:00-16:00,13,,false,PREPARED_NOT_ACTIVE,b5db33ab54a9c9565edd6541461a3b982afc4a5f78ded6bbd833e99ee3f14d67
weekday,2027-03-22,2027-03-26,2027-03-22,,Ski Erwachsene Fortgeschritten,ski_adult_blue,c01d4420-a932-5560-8eb0-155c10a44b10,0e172a99-d3ee-50b2-94d4-48e135e5ee0d|c01d4420-a932-5560-8eb0-155c10a44b10,5247|5259|5269|5277|5287|5296,"{""0e172a99-d3ee-50b2-94d4-48e135e5ee0d"": [1], ""c01d4420-a932-5560-8eb0-155c10a44b10"": [1, 2, 3, 4, 5]}",2027-03-22|2027-03-23|2027-03-24|2027-03-25|2027-03-26,10:00-12:00|14:00-16:00,13,,false,PREPARED_NOT_ACTIVE,b5db33ab54a9c9565edd6541461a3b982afc4a5f78ded6bbd833e99ee3f14d67
weekday,2027-03-22,2027-03-26,2027-03-22,,Ski Erwachsene Wiedereinsteiger,NEW:ski_adult_returners,53761b30-5b0b-504e-9a9b-83f7618f6620,53761b30-5b0b-504e-9a9b-83f7618f6620,5255,"{""53761b30-5b0b-504e-9a9b-83f7618f6620"": [1]}",2027-03-22|2027-03-23|2027-03-24|2027-03-25|2027-03-26,10:00-12:00,13,,false,PREPARED_NOT_ACTIVE,b5db33ab54a9c9565edd6541461a3b982afc4a5f78ded6bbd833e99ee3f14d67
weekday,2027-03-22,2027-03-26,2027-03-22,,Ski Kinder Fortgeschritten,NEW:ski_kids_advanced,1200f016-a50f-5ecc-8a05-48dc4ea9931e,1200f016-a50f-5ecc-8a05-48dc4ea9931e,5278,"{""1200f016-a50f-5ecc-8a05-48dc4ea9931e"": [3]}",2027-03-22|2027-03-23|2027-03-24|2027-03-25|2027-03-26,10:00-12:00|14:00-16:00,13,,false,PREPARED_NOT_ACTIVE,b5db33ab54a9c9565edd6541461a3b982afc4a5f78ded6bbd833e99ee3f14d67
weekday,2027-03-22,2027-03-26,2027-03-22,,Ski Roter König/Königin,ski_roter_koenig,1200f016-a50f-5ecc-8a05-48dc4ea9931e,cba3c8b6-200d-55d5-96d3-460fdf57f287|1200f016-a50f-5ecc-8a05-48dc4ea9931e,5253|5258|5267|5278|5284|5294,"{""1200f016-a50f-5ecc-8a05-48dc4ea9931e"": [1, 2, 3, 4, 5], ""cba3c8b6-200d-55d5-96d3-460fdf57f287"": [1]}",2027-03-22|2027-03-23|2027-03-24|2027-03-25|2027-03-26,10:00-12:00|14:00-16:00,13,,false,PREPARED_NOT_ACTIVE,b5db33ab54a9c9565edd6541461a3b982afc4a5f78ded6bbd833e99ee3f14d67
weekday,2027-03-22,2027-03-26,2027-03-22,,Ski Roter Prinz/Prinzessin,ski_roter_prinz,1200f016-a50f-5ecc-8a05-48dc4ea9931e,cba3c8b6-200d-55d5-96d3-460fdf57f287|1200f016-a50f-5ecc-8a05-48dc4ea9931e,5253|5258|5267|5278|5284|5294,"{""1200f016-a50f-5ecc-8a05-48dc4ea9931e"": [1, 2, 3, 4, 5], ""cba3c8b6-200d-55d5-96d3-460fdf57f287"": [1]}",2027-03-22|2027-03-23|2027-03-24|2027-03-25|2027-03-26,10:00-12:00|14:00-16:00,13,,false,PREPARED_NOT_ACTIVE,b5db33ab54a9c9565edd6541461a3b982afc4a5f78ded6bbd833e99ee3f14d67
weekday,2027-03-22,2027-03-26,2027-03-22,,Ski Roter Star,ski_roter_star,1200f016-a50f-5ecc-8a05-48dc4ea9931e,cba3c8b6-200d-55d5-96d3-460fdf57f287|1200f016-a50f-5ecc-8a05-48dc4ea9931e,5253|5258|5267|5278|5284|5294,"{""1200f016-a50f-5ecc-8a05-48dc4ea9931e"": [1, 2, 3, 4, 5], ""cba3c8b6-200d-55d5-96d3-460fdf57f287"": [1]}",2027-03-22|2027-03-23|2027-03-24|2027-03-25|2027-03-26,10:00-12:00|14:00-16:00,13,,false,PREPARED_NOT_ACTIVE,b5db33ab54a9c9565edd6541461a3b982afc4a5f78ded6bbd833e99ee3f14d67
weekday,2027-03-22,2027-03-26,2027-03-22,,Ski Schwarzer König/Königin,NEW:ski_schwarzer_koenig,1200f016-a50f-5ecc-8a05-48dc4ea9931e,1200f016-a50f-5ecc-8a05-48dc4ea9931e,5278,"{""1200f016-a50f-5ecc-8a05-48dc4ea9931e"": [3]}",2027-03-22|2027-03-23|2027-03-24|2027-03-25|2027-03-26,10:00-12:00|14:00-16:00,13,,false,PREPARED_NOT_ACTIVE,b5db33ab54a9c9565edd6541461a3b982afc4a5f78ded6bbd833e99ee3f14d67
weekday,2027-03-22,2027-03-26,2027-03-22,,Ski Schwarzer Prinz/Prinzessin,ski_schwarzer_prinz,1200f016-a50f-5ecc-8a05-48dc4ea9931e,cba3c8b6-200d-55d5-96d3-460fdf57f287|1200f016-a50f-5ecc-8a05-48dc4ea9931e,5253|5258|5267|5278|5284|5294,"{""1200f016-a50f-5ecc-8a05-48dc4ea9931e"": [1, 2, 3, 4, 5], ""cba3c8b6-200d-55d5-96d3-460fdf57f287"": [1]}",2027-03-22|2027-03-23|2027-03-24|2027-03-25|2027-03-26,10:00-12:00|14:00-16:00,13,,false,PREPARED_NOT_ACTIVE,b5db33ab54a9c9565edd6541461a3b982afc4a5f78ded6bbd833e99ee3f14d67
weekday,2027-03-22,2027-03-26,2027-03-22,,Ski Swiss Snow Academy,ski_academy,1200f016-a50f-5ecc-8a05-48dc4ea9931e,cba3c8b6-200d-55d5-96d3-460fdf57f287|1200f016-a50f-5ecc-8a05-48dc4ea9931e,5253|5258|5267|5278|5284|5294,"{""1200f016-a50f-5ecc-8a05-48dc4ea9931e"": [1, 2, 3, 4, 5], ""cba3c8b6-200d-55d5-96d3-460fdf57f287"": [1]}",2027-03-22|2027-03-23|2027-03-24|2027-03-25|2027-03-26,10:00-12:00|14:00-16:00,13,,false,PREPARED_NOT_ACTIVE,b5db33ab54a9c9565edd6541461a3b982afc4a5f78ded6bbd833e99ee3f14d67
weekday,2027-03-22,2027-03-26,2027-03-22,,Ski Swiss Snow Kids Village,ski_snow_kids,1200f016-a50f-5ecc-8a05-48dc4ea9931e,cba3c8b6-200d-55d5-96d3-460fdf57f287|6edc13ea-63a2-5d4c-b22e-54f43370e800|1200f016-a50f-5ecc-8a05-48dc4ea9931e,5253|5258|5267|5278|5284|5288|5294,"{""1200f016-a50f-5ecc-8a05-48dc4ea9931e"": [1, 2, 3, 4, 5], ""6edc13ea-63a2-5d4c-b22e-54f43370e800"": [5], ""cba3c8b6-200d-55d5-96d3-460fdf57f287"": [1]}",2027-03-22|2027-03-23|2027-03-24|2027-03-25|2027-03-26,10:00-12:00|14:00-16:00,8,,false,PREPARED_NOT_ACTIVE,b5db33ab54a9c9565edd6541461a3b982afc4a5f78ded6bbd833e99ee3f14d67
weekday,2027-03-22,2027-03-26,2027-03-22,,Ski Windel-Wedelkurs,ski_windel_wedel,6edc13ea-63a2-5d4c-b22e-54f43370e800,6edc13ea-63a2-5d4c-b22e-54f43370e800,5254|5263|5273|5281|5288,"{""6edc13ea-63a2-5d4c-b22e-54f43370e800"": [1, 2, 3, 4, 5]}",2027-03-22|2027-03-23|2027-03-24|2027-03-25|2027-03-26,10:00-12:00,8,,false,PREPARED_NOT_ACTIVE,b5db33ab54a9c9565edd6541461a3b982afc4a5f78ded6bbd833e99ee3f14d67
weekday,2027-03-22,2027-03-26,2027-03-22,,Snowboard Anfänger,REVIEW:sb_adult_green,ab4e4941-02fe-58b7-9ec8-d9b773a1d870,ab4e4941-02fe-58b7-9ec8-d9b773a1d870,5249|5262|5271|5279|5290,"{""ab4e4941-02fe-58b7-9ec8-d9b773a1d870"": [1, 2, 3, 4, 5]}",2027-03-22|2027-03-23|2027-03-24|2027-03-25|2027-03-26,10:00-12:00,10,,false,PREPARED_NOT_ACTIVE,b5db33ab54a9c9565edd6541461a3b982afc4a5f78ded6bbd833e99ee3f14d67
weekday,2027-03-22,2027-03-26,2027-03-22,,Snowboard Fortgeschritten,REVIEW:sb_adult_blue,ab4e4941-02fe-58b7-9ec8-d9b773a1d870,ab4e4941-02fe-58b7-9ec8-d9b773a1d870,5249|5262|5271|5279|5290,"{""ab4e4941-02fe-58b7-9ec8-d9b773a1d870"": [1, 2, 3, 4, 5]}",2027-03-22|2027-03-23|2027-03-24|2027-03-25|2027-03-26,10:00-12:00,10,,false,PREPARED_NOT_ACTIVE,b5db33ab54a9c9565edd6541461a3b982afc4a5f78ded6bbd833e99ee3f14d67
weekday,2027-03-29,2027-04-02,2027-03-29,,Ski Blauer König/Königin,ski_blauer_koenig,1200f016-a50f-5ecc-8a05-48dc4ea9931e,cba3c8b6-200d-55d5-96d3-460fdf57f287|1200f016-a50f-5ecc-8a05-48dc4ea9931e,5253|5258|5267|5278|5284|5294,"{""1200f016-a50f-5ecc-8a05-48dc4ea9931e"": [1, 2, 3, 4, 5], ""cba3c8b6-200d-55d5-96d3-460fdf57f287"": [1]}",2027-03-29|2027-03-30|2027-03-31|2027-04-01|2027-04-02,10:00-12:00|14:00-16:00,13,,false,PREPARED_NOT_ACTIVE,b5db33ab54a9c9565edd6541461a3b982afc4a5f78ded6bbd833e99ee3f14d67
weekday,2027-03-29,2027-04-02,2027-03-29,,Ski Blauer Prinz/Prinzessin,ski_blauer_prinz,1200f016-a50f-5ecc-8a05-48dc4ea9931e,cba3c8b6-200d-55d5-96d3-460fdf57f287|1200f016-a50f-5ecc-8a05-48dc4ea9931e,5253|5258|5267|5278|5284|5294,"{""1200f016-a50f-5ecc-8a05-48dc4ea9931e"": [1, 2, 3, 4, 5], ""cba3c8b6-200d-55d5-96d3-460fdf57f287"": [1]}",2027-03-29|2027-03-30|2027-03-31|2027-04-01|2027-04-02,10:00-12:00|14:00-16:00,13,,false,PREPARED_NOT_ACTIVE,b5db33ab54a9c9565edd6541461a3b982afc4a5f78ded6bbd833e99ee3f14d67
weekday,2027-03-29,2027-04-02,2027-03-29,,Ski Blauer Star,ski_blauer_star,1200f016-a50f-5ecc-8a05-48dc4ea9931e,cba3c8b6-200d-55d5-96d3-460fdf57f287|1200f016-a50f-5ecc-8a05-48dc4ea9931e,5253|5258|5267|5278|5284|5294,"{""1200f016-a50f-5ecc-8a05-48dc4ea9931e"": [1, 2, 3, 4, 5], ""cba3c8b6-200d-55d5-96d3-460fdf57f287"": [1]}",2027-03-29|2027-03-30|2027-03-31|2027-04-01|2027-04-02,10:00-12:00|14:00-16:00,13,,false,PREPARED_NOT_ACTIVE,b5db33ab54a9c9565edd6541461a3b982afc4a5f78ded6bbd833e99ee3f14d67
weekday,2027-03-29,2027-04-02,2027-03-29,,Ski Erwachsene Anfänger,ski_adult_green,c01d4420-a932-5560-8eb0-155c10a44b10,0e172a99-d3ee-50b2-94d4-48e135e5ee0d|c01d4420-a932-5560-8eb0-155c10a44b10,5247|5259|5269|5277|5287|5296,"{""0e172a99-d3ee-50b2-94d4-48e135e5ee0d"": [1], ""c01d4420-a932-5560-8eb0-155c10a44b10"": [1, 2, 3, 4, 5]}",2027-03-29|2027-03-30|2027-03-31|2027-04-01|2027-04-02,10:00-12:00|14:00-16:00,13,,false,PREPARED_NOT_ACTIVE,b5db33ab54a9c9565edd6541461a3b982afc4a5f78ded6bbd833e99ee3f14d67
weekday,2027-03-29,2027-04-02,2027-03-29,,Ski Erwachsene Fortgeschritten,ski_adult_blue,c01d4420-a932-5560-8eb0-155c10a44b10,0e172a99-d3ee-50b2-94d4-48e135e5ee0d|c01d4420-a932-5560-8eb0-155c10a44b10,5247|5259|5269|5277|5287|5296,"{""0e172a99-d3ee-50b2-94d4-48e135e5ee0d"": [1], ""c01d4420-a932-5560-8eb0-155c10a44b10"": [1, 2, 3, 4, 5]}",2027-03-29|2027-03-30|2027-03-31|2027-04-01|2027-04-02,10:00-12:00|14:00-16:00,13,,false,PREPARED_NOT_ACTIVE,b5db33ab54a9c9565edd6541461a3b982afc4a5f78ded6bbd833e99ee3f14d67
weekday,2027-03-29,2027-04-02,2027-03-29,,Ski Erwachsene Wiedereinsteiger,NEW:ski_adult_returners,53761b30-5b0b-504e-9a9b-83f7618f6620,53761b30-5b0b-504e-9a9b-83f7618f6620,5255,"{""53761b30-5b0b-504e-9a9b-83f7618f6620"": [1]}",2027-03-29|2027-03-30|2027-03-31|2027-04-01|2027-04-02,10:00-12:00,13,,false,PREPARED_NOT_ACTIVE,b5db33ab54a9c9565edd6541461a3b982afc4a5f78ded6bbd833e99ee3f14d67
weekday,2027-03-29,2027-04-02,2027-03-29,,Ski Kinder Fortgeschritten,NEW:ski_kids_advanced,1200f016-a50f-5ecc-8a05-48dc4ea9931e,1200f016-a50f-5ecc-8a05-48dc4ea9931e,5278,"{""1200f016-a50f-5ecc-8a05-48dc4ea9931e"": [3]}",2027-03-29|2027-03-30|2027-03-31|2027-04-01|2027-04-02,10:00-12:00|14:00-16:00,13,,false,PREPARED_NOT_ACTIVE,b5db33ab54a9c9565edd6541461a3b982afc4a5f78ded6bbd833e99ee3f14d67
weekday,2027-03-29,2027-04-02,2027-03-29,,Ski Roter König/Königin,ski_roter_koenig,1200f016-a50f-5ecc-8a05-48dc4ea9931e,cba3c8b6-200d-55d5-96d3-460fdf57f287|1200f016-a50f-5ecc-8a05-48dc4ea9931e,5253|5258|5267|5278|5284|5294,"{""1200f016-a50f-5ecc-8a05-48dc4ea9931e"": [1, 2, 3, 4, 5], ""cba3c8b6-200d-55d5-96d3-460fdf57f287"": [1]}",2027-03-29|2027-03-30|2027-03-31|2027-04-01|2027-04-02,10:00-12:00|14:00-16:00,13,,false,PREPARED_NOT_ACTIVE,b5db33ab54a9c9565edd6541461a3b982afc4a5f78ded6bbd833e99ee3f14d67
weekday,2027-03-29,2027-04-02,2027-03-29,,Ski Roter Prinz/Prinzessin,ski_roter_prinz,1200f016-a50f-5ecc-8a05-48dc4ea9931e,cba3c8b6-200d-55d5-96d3-460fdf57f287|1200f016-a50f-5ecc-8a05-48dc4ea9931e,5253|5258|5267|5278|5284|5294,"{""1200f016-a50f-5ecc-8a05-48dc4ea9931e"": [1, 2, 3, 4, 5], ""cba3c8b6-200d-55d5-96d3-460fdf57f287"": [1]}",2027-03-29|2027-03-30|2027-03-31|2027-04-01|2027-04-02,10:00-12:00|14:00-16:00,13,,false,PREPARED_NOT_ACTIVE,b5db33ab54a9c9565edd6541461a3b982afc4a5f78ded6bbd833e99ee3f14d67
weekday,2027-03-29,2027-04-02,2027-03-29,,Ski Roter Star,ski_roter_star,1200f016-a50f-5ecc-8a05-48dc4ea9931e,cba3c8b6-200d-55d5-96d3-460fdf57f287|1200f016-a50f-5ecc-8a05-48dc4ea9931e,5253|5258|5267|5278|5284|5294,"{""1200f016-a50f-5ecc-8a05-48dc4ea9931e"": [1, 2, 3, 4, 5], ""cba3c8b6-200d-55d5-96d3-460fdf57f287"": [1]}",2027-03-29|2027-03-30|2027-03-31|2027-04-01|2027-04-02,10:00-12:00|14:00-16:00,13,,false,PREPARED_NOT_ACTIVE,b5db33ab54a9c9565edd6541461a3b982afc4a5f78ded6bbd833e99ee3f14d67
weekday,2027-03-29,2027-04-02,2027-03-29,,Ski Schwarzer König/Königin,NEW:ski_schwarzer_koenig,1200f016-a50f-5ecc-8a05-48dc4ea9931e,1200f016-a50f-5ecc-8a05-48dc4ea9931e,5278,"{""1200f016-a50f-5ecc-8a05-48dc4ea9931e"": [3]}",2027-03-29|2027-03-30|2027-03-31|2027-04-01|2027-04-02,10:00-12:00|14:00-16:00,13,,false,PREPARED_NOT_ACTIVE,b5db33ab54a9c9565edd6541461a3b982afc4a5f78ded6bbd833e99ee3f14d67
weekday,2027-03-29,2027-04-02,2027-03-29,,Ski Schwarzer Prinz/Prinzessin,ski_schwarzer_prinz,1200f016-a50f-5ecc-8a05-48dc4ea9931e,cba3c8b6-200d-55d5-96d3-460fdf57f287|1200f016-a50f-5ecc-8a05-48dc4ea9931e,5253|5258|5267|5278|5284|5294,"{""1200f016-a50f-5ecc-8a05-48dc4ea9931e"": [1, 2, 3, 4, 5], ""cba3c8b6-200d-55d5-96d3-460fdf57f287"": [1]}",2027-03-29|2027-03-30|2027-03-31|2027-04-01|2027-04-02,10:00-12:00|14:00-16:00,13,,false,PREPARED_NOT_ACTIVE,b5db33ab54a9c9565edd6541461a3b982afc4a5f78ded6bbd833e99ee3f14d67
weekday,2027-03-29,2027-04-02,2027-03-29,,Ski Swiss Snow Academy,ski_academy,1200f016-a50f-5ecc-8a05-48dc4ea9931e,cba3c8b6-200d-55d5-96d3-460fdf57f287|1200f016-a50f-5ecc-8a05-48dc4ea9931e,5253|5258|5267|5278|5284|5294,"{""1200f016-a50f-5ecc-8a05-48dc4ea9931e"": [1, 2, 3, 4, 5], ""cba3c8b6-200d-55d5-96d3-460fdf57f287"": [1]}",2027-03-29|2027-03-30|2027-03-31|2027-04-01|2027-04-02,10:00-12:00|14:00-16:00,13,,false,PREPARED_NOT_ACTIVE,b5db33ab54a9c9565edd6541461a3b982afc4a5f78ded6bbd833e99ee3f14d67
weekday,2027-03-29,2027-04-02,2027-03-29,,Ski Swiss Snow Kids Village,ski_snow_kids,1200f016-a50f-5ecc-8a05-48dc4ea9931e,cba3c8b6-200d-55d5-96d3-460fdf57f287|6edc13ea-63a2-5d4c-b22e-54f43370e800|1200f016-a50f-5ecc-8a05-48dc4ea9931e,5253|5258|5267|5278|5284|5288|5294,"{""1200f016-a50f-5ecc-8a05-48dc4ea9931e"": [1, 2, 3, 4, 5], ""6edc13ea-63a2-5d4c-b22e-54f43370e800"": [5], ""cba3c8b6-200d-55d5-96d3-460fdf57f287"": [1]}",2027-03-29|2027-03-30|2027-03-31|2027-04-01|2027-04-02,10:00-12:00|14:00-16:00,8,,false,PREPARED_NOT_ACTIVE,b5db33ab54a9c9565edd6541461a3b982afc4a5f78ded6bbd833e99ee3f14d67
weekday,2027-03-29,2027-04-02,2027-03-29,,Ski Windel-Wedelkurs,ski_windel_wedel,6edc13ea-63a2-5d4c-b22e-54f43370e800,6edc13ea-63a2-5d4c-b22e-54f43370e800,5254|5263|5273|5281|5288,"{""6edc13ea-63a2-5d4c-b22e-54f43370e800"": [1, 2, 3, 4, 5]}",2027-03-29|2027-03-30|2027-03-31|2027-04-01|2027-04-02,10:00-12:00,8,,false,PREPARED_NOT_ACTIVE,b5db33ab54a9c9565edd6541461a3b982afc4a5f78ded6bbd833e99ee3f14d67
weekday,2027-03-29,2027-04-02,2027-03-29,,Snowboard Anfänger,REVIEW:sb_adult_green,ab4e4941-02fe-58b7-9ec8-d9b773a1d870,ab4e4941-02fe-58b7-9ec8-d9b773a1d870,5249|5262|5271|5279|5290,"{""ab4e4941-02fe-58b7-9ec8-d9b773a1d870"": [1, 2, 3, 4, 5]}",2027-03-29|2027-03-30|2027-03-31|2027-04-01|2027-04-02,10:00-12:00,10,,false,PREPARED_NOT_ACTIVE,b5db33ab54a9c9565edd6541461a3b982afc4a5f78ded6bbd833e99ee3f14d67
weekday,2027-03-29,2027-04-02,2027-03-29,,Snowboard Fortgeschritten,REVIEW:sb_adult_blue,ab4e4941-02fe-58b7-9ec8-d9b773a1d870,ab4e4941-02fe-58b7-9ec8-d9b773a1d870,5249|5262|5271|5279|5290,"{""ab4e4941-02fe-58b7-9ec8-d9b773a1d870"": [1, 2, 3, 4, 5]}",2027-03-29|2027-03-30|2027-03-31|2027-04-01|2027-04-02,10:00-12:00,10,,false,PREPARED_NOT_ACTIVE,b5db33ab54a9c9565edd6541461a3b982afc4a5f78ded6bbd833e99ee3f14d67
weekday,2027-04-05,2027-04-09,2027-04-05,,Ski Blauer König/Königin,ski_blauer_koenig,1200f016-a50f-5ecc-8a05-48dc4ea9931e,cba3c8b6-200d-55d5-96d3-460fdf57f287|1200f016-a50f-5ecc-8a05-48dc4ea9931e,5253|5258|5267|5278|5284|5294,"{""1200f016-a50f-5ecc-8a05-48dc4ea9931e"": [1, 2, 3, 4, 5], ""cba3c8b6-200d-55d5-96d3-460fdf57f287"": [1]}",2027-04-05|2027-04-06|2027-04-07|2027-04-08|2027-04-09,10:00-12:00|14:00-16:00,13,,false,PREPARED_NOT_ACTIVE,b5db33ab54a9c9565edd6541461a3b982afc4a5f78ded6bbd833e99ee3f14d67
weekday,2027-04-05,2027-04-09,2027-04-05,,Ski Blauer Prinz/Prinzessin,ski_blauer_prinz,1200f016-a50f-5ecc-8a05-48dc4ea9931e,cba3c8b6-200d-55d5-96d3-460fdf57f287|1200f016-a50f-5ecc-8a05-48dc4ea9931e,5253|5258|5267|5278|5284|5294,"{""1200f016-a50f-5ecc-8a05-48dc4ea9931e"": [1, 2, 3, 4, 5], ""cba3c8b6-200d-55d5-96d3-460fdf57f287"": [1]}",2027-04-05|2027-04-06|2027-04-07|2027-04-08|2027-04-09,10:00-12:00|14:00-16:00,13,,false,PREPARED_NOT_ACTIVE,b5db33ab54a9c9565edd6541461a3b982afc4a5f78ded6bbd833e99ee3f14d67
weekday,2027-04-05,2027-04-09,2027-04-05,,Ski Blauer Star,ski_blauer_star,1200f016-a50f-5ecc-8a05-48dc4ea9931e,cba3c8b6-200d-55d5-96d3-460fdf57f287|1200f016-a50f-5ecc-8a05-48dc4ea9931e,5253|5258|5267|5278|5284|5294,"{""1200f016-a50f-5ecc-8a05-48dc4ea9931e"": [1, 2, 3, 4, 5], ""cba3c8b6-200d-55d5-96d3-460fdf57f287"": [1]}",2027-04-05|2027-04-06|2027-04-07|2027-04-08|2027-04-09,10:00-12:00|14:00-16:00,13,,false,PREPARED_NOT_ACTIVE,b5db33ab54a9c9565edd6541461a3b982afc4a5f78ded6bbd833e99ee3f14d67
weekday,2027-04-05,2027-04-09,2027-04-05,,Ski Erwachsene Anfänger,ski_adult_green,c01d4420-a932-5560-8eb0-155c10a44b10,0e172a99-d3ee-50b2-94d4-48e135e5ee0d|c01d4420-a932-5560-8eb0-155c10a44b10,5247|5259|5269|5277|5287|5296,"{""0e172a99-d3ee-50b2-94d4-48e135e5ee0d"": [1], ""c01d4420-a932-5560-8eb0-155c10a44b10"": [1, 2, 3, 4, 5]}",2027-04-05|2027-04-06|2027-04-07|2027-04-08|2027-04-09,10:00-12:00|14:00-16:00,13,,false,PREPARED_NOT_ACTIVE,b5db33ab54a9c9565edd6541461a3b982afc4a5f78ded6bbd833e99ee3f14d67
weekday,2027-04-05,2027-04-09,2027-04-05,,Ski Erwachsene Fortgeschritten,ski_adult_blue,c01d4420-a932-5560-8eb0-155c10a44b10,0e172a99-d3ee-50b2-94d4-48e135e5ee0d|c01d4420-a932-5560-8eb0-155c10a44b10,5247|5259|5269|5277|5287|5296,"{""0e172a99-d3ee-50b2-94d4-48e135e5ee0d"": [1], ""c01d4420-a932-5560-8eb0-155c10a44b10"": [1, 2, 3, 4, 5]}",2027-04-05|2027-04-06|2027-04-07|2027-04-08|2027-04-09,10:00-12:00|14:00-16:00,13,,false,PREPARED_NOT_ACTIVE,b5db33ab54a9c9565edd6541461a3b982afc4a5f78ded6bbd833e99ee3f14d67
weekday,2027-04-05,2027-04-09,2027-04-05,,Ski Erwachsene Wiedereinsteiger,NEW:ski_adult_returners,53761b30-5b0b-504e-9a9b-83f7618f6620,53761b30-5b0b-504e-9a9b-83f7618f6620,5255,"{""53761b30-5b0b-504e-9a9b-83f7618f6620"": [1]}",2027-04-05|2027-04-06|2027-04-07|2027-04-08|2027-04-09,10:00-12:00,13,,false,PREPARED_NOT_ACTIVE,b5db33ab54a9c9565edd6541461a3b982afc4a5f78ded6bbd833e99ee3f14d67
weekday,2027-04-05,2027-04-09,2027-04-05,,Ski Kinder Fortgeschritten,NEW:ski_kids_advanced,1200f016-a50f-5ecc-8a05-48dc4ea9931e,1200f016-a50f-5ecc-8a05-48dc4ea9931e,5278,"{""1200f016-a50f-5ecc-8a05-48dc4ea9931e"": [3]}",2027-04-05|2027-04-06|2027-04-07|2027-04-08|2027-04-09,10:00-12:00|14:00-16:00,13,,false,PREPARED_NOT_ACTIVE,b5db33ab54a9c9565edd6541461a3b982afc4a5f78ded6bbd833e99ee3f14d67
weekday,2027-04-05,2027-04-09,2027-04-05,,Ski Roter König/Königin,ski_roter_koenig,1200f016-a50f-5ecc-8a05-48dc4ea9931e,cba3c8b6-200d-55d5-96d3-460fdf57f287|1200f016-a50f-5ecc-8a05-48dc4ea9931e,5253|5258|5267|5278|5284|5294,"{""1200f016-a50f-5ecc-8a05-48dc4ea9931e"": [1, 2, 3, 4, 5], ""cba3c8b6-200d-55d5-96d3-460fdf57f287"": [1]}",2027-04-05|2027-04-06|2027-04-07|2027-04-08|2027-04-09,10:00-12:00|14:00-16:00,13,,false,PREPARED_NOT_ACTIVE,b5db33ab54a9c9565edd6541461a3b982afc4a5f78ded6bbd833e99ee3f14d67
weekday,2027-04-05,2027-04-09,2027-04-05,,Ski Roter Prinz/Prinzessin,ski_roter_prinz,1200f016-a50f-5ecc-8a05-48dc4ea9931e,cba3c8b6-200d-55d5-96d3-460fdf57f287|1200f016-a50f-5ecc-8a05-48dc4ea9931e,5253|5258|5267|5278|5284|5294,"{""1200f016-a50f-5ecc-8a05-48dc4ea9931e"": [1, 2, 3, 4, 5], ""cba3c8b6-200d-55d5-96d3-460fdf57f287"": [1]}",2027-04-05|2027-04-06|2027-04-07|2027-04-08|2027-04-09,10:00-12:00|14:00-16:00,13,,false,PREPARED_NOT_ACTIVE,b5db33ab54a9c9565edd6541461a3b982afc4a5f78ded6bbd833e99ee3f14d67
weekday,2027-04-05,2027-04-09,2027-04-05,,Ski Roter Star,ski_roter_star,1200f016-a50f-5ecc-8a05-48dc4ea9931e,cba3c8b6-200d-55d5-96d3-460fdf57f287|1200f016-a50f-5ecc-8a05-48dc4ea9931e,5253|5258|5267|5278|5284|5294,"{""1200f016-a50f-5ecc-8a05-48dc4ea9931e"": [1, 2, 3, 4, 5], ""cba3c8b6-200d-55d5-96d3-460fdf57f287"": [1]}",2027-04-05|2027-04-06|2027-04-07|2027-04-08|2027-04-09,10:00-12:00|14:00-16:00,13,,false,PREPARED_NOT_ACTIVE,b5db33ab54a9c9565edd6541461a3b982afc4a5f78ded6bbd833e99ee3f14d67
weekday,2027-04-05,2027-04-09,2027-04-05,,Ski Schwarzer König/Königin,NEW:ski_schwarzer_koenig,1200f016-a50f-5ecc-8a05-48dc4ea9931e,1200f016-a50f-5ecc-8a05-48dc4ea9931e,5278,"{""1200f016-a50f-5ecc-8a05-48dc4ea9931e"": [3]}",2027-04-05|2027-04-06|2027-04-07|2027-04-08|2027-04-09,10:00-12:00|14:00-16:00,13,,false,PREPARED_NOT_ACTIVE,b5db33ab54a9c9565edd6541461a3b982afc4a5f78ded6bbd833e99ee3f14d67
weekday,2027-04-05,2027-04-09,2027-04-05,,Ski Schwarzer Prinz/Prinzessin,ski_schwarzer_prinz,1200f016-a50f-5ecc-8a05-48dc4ea9931e,cba3c8b6-200d-55d5-96d3-460fdf57f287|1200f016-a50f-5ecc-8a05-48dc4ea9931e,5253|5258|5267|5278|5284|5294,"{""1200f016-a50f-5ecc-8a05-48dc4ea9931e"": [1, 2, 3, 4, 5], ""cba3c8b6-200d-55d5-96d3-460fdf57f287"": [1]}",2027-04-05|2027-04-06|2027-04-07|2027-04-08|2027-04-09,10:00-12:00|14:00-16:00,13,,false,PREPARED_NOT_ACTIVE,b5db33ab54a9c9565edd6541461a3b982afc4a5f78ded6bbd833e99ee3f14d67
weekday,2027-04-05,2027-04-09,2027-04-05,,Ski Swiss Snow Academy,ski_academy,1200f016-a50f-5ecc-8a05-48dc4ea9931e,cba3c8b6-200d-55d5-96d3-460fdf57f287|1200f016-a50f-5ecc-8a05-48dc4ea9931e,5253|5258|5267|5278|5284|5294,"{""1200f016-a50f-5ecc-8a05-48dc4ea9931e"": [1, 2, 3, 4, 5], ""cba3c8b6-200d-55d5-96d3-460fdf57f287"": [1]}",2027-04-05|2027-04-06|2027-04-07|2027-04-08|2027-04-09,10:00-12:00|14:00-16:00,13,,false,PREPARED_NOT_ACTIVE,b5db33ab54a9c9565edd6541461a3b982afc4a5f78ded6bbd833e99ee3f14d67
weekday,2027-04-05,2027-04-09,2027-04-05,,Ski Swiss Snow Kids Village,ski_snow_kids,1200f016-a50f-5ecc-8a05-48dc4ea9931e,cba3c8b6-200d-55d5-96d3-460fdf57f287|6edc13ea-63a2-5d4c-b22e-54f43370e800|1200f016-a50f-5ecc-8a05-48dc4ea9931e,5253|5258|5267|5278|5284|5288|5294,"{""1200f016-a50f-5ecc-8a05-48dc4ea9931e"": [1, 2, 3, 4, 5], ""6edc13ea-63a2-5d4c-b22e-54f43370e800"": [5], ""cba3c8b6-200d-55d5-96d3-460fdf57f287"": [1]}",2027-04-05|2027-04-06|2027-04-07|2027-04-08|2027-04-09,10:00-12:00|14:00-16:00,8,,false,PREPARED_NOT_ACTIVE,b5db33ab54a9c9565edd6541461a3b982afc4a5f78ded6bbd833e99ee3f14d67
weekday,2027-04-05,2027-04-09,2027-04-05,,Ski Windel-Wedelkurs,ski_windel_wedel,6edc13ea-63a2-5d4c-b22e-54f43370e800,6edc13ea-63a2-5d4c-b22e-54f43370e800,5254|5263|5273|5281|5288,"{""6edc13ea-63a2-5d4c-b22e-54f43370e800"": [1, 2, 3, 4, 5]}",2027-04-05|2027-04-06|2027-04-07|2027-04-08|2027-04-09,10:00-12:00,8,,false,PREPARED_NOT_ACTIVE,b5db33ab54a9c9565edd6541461a3b982afc4a5f78ded6bbd833e99ee3f14d67
weekday,2027-04-05,2027-04-09,2027-04-05,,Snowboard Anfänger,REVIEW:sb_adult_green,ab4e4941-02fe-58b7-9ec8-d9b773a1d870,ab4e4941-02fe-58b7-9ec8-d9b773a1d870,5249|5262|5271|5279|5290,"{""ab4e4941-02fe-58b7-9ec8-d9b773a1d870"": [1, 2, 3, 4, 5]}",2027-04-05|2027-04-06|2027-04-07|2027-04-08|2027-04-09,10:00-12:00,10,,false,PREPARED_NOT_ACTIVE,b5db33ab54a9c9565edd6541461a3b982afc4a5f78ded6bbd833e99ee3f14d67
weekday,2027-04-05,2027-04-09,2027-04-05,,Snowboard Fortgeschritten,REVIEW:sb_adult_blue,ab4e4941-02fe-58b7-9ec8-d9b773a1d870,ab4e4941-02fe-58b7-9ec8-d9b773a1d870,5249|5262|5271|5279|5290,"{""ab4e4941-02fe-58b7-9ec8-d9b773a1d870"": [1, 2, 3, 4, 5]}",2027-04-05|2027-04-06|2027-04-07|2027-04-08|2027-04-09,10:00-12:00,10,,false,PREPARED_NOT_ACTIVE,b5db33ab54a9c9565edd6541461a3b982afc4a5f78ded6bbd833e99ee3f14d67
weekday,2027-04-12,2027-04-15,2027-04-12,,Ski Blauer König/Königin,ski_blauer_koenig,1200f016-a50f-5ecc-8a05-48dc4ea9931e,cba3c8b6-200d-55d5-96d3-460fdf57f287|1200f016-a50f-5ecc-8a05-48dc4ea9931e,5253|5258|5267|5278|5284|5294,"{""1200f016-a50f-5ecc-8a05-48dc4ea9931e"": [1, 2, 3, 4, 5], ""cba3c8b6-200d-55d5-96d3-460fdf57f287"": [1]}",2027-04-12|2027-04-13|2027-04-14|2027-04-15,10:00-12:00|14:00-16:00,13,,false,PREPARED_NOT_ACTIVE,b5db33ab54a9c9565edd6541461a3b982afc4a5f78ded6bbd833e99ee3f14d67
weekday,2027-04-12,2027-04-15,2027-04-12,,Ski Blauer Prinz/Prinzessin,ski_blauer_prinz,1200f016-a50f-5ecc-8a05-48dc4ea9931e,cba3c8b6-200d-55d5-96d3-460fdf57f287|1200f016-a50f-5ecc-8a05-48dc4ea9931e,5253|5258|5267|5278|5284|5294,"{""1200f016-a50f-5ecc-8a05-48dc4ea9931e"": [1, 2, 3, 4, 5], ""cba3c8b6-200d-55d5-96d3-460fdf57f287"": [1]}",2027-04-12|2027-04-13|2027-04-14|2027-04-15,10:00-12:00|14:00-16:00,13,,false,PREPARED_NOT_ACTIVE,b5db33ab54a9c9565edd6541461a3b982afc4a5f78ded6bbd833e99ee3f14d67
weekday,2027-04-12,2027-04-15,2027-04-12,,Ski Blauer Star,ski_blauer_star,1200f016-a50f-5ecc-8a05-48dc4ea9931e,cba3c8b6-200d-55d5-96d3-460fdf57f287|1200f016-a50f-5ecc-8a05-48dc4ea9931e,5253|5258|5267|5278|5284|5294,"{""1200f016-a50f-5ecc-8a05-48dc4ea9931e"": [1, 2, 3, 4, 5], ""cba3c8b6-200d-55d5-96d3-460fdf57f287"": [1]}",2027-04-12|2027-04-13|2027-04-14|2027-04-15,10:00-12:00|14:00-16:00,13,,false,PREPARED_NOT_ACTIVE,b5db33ab54a9c9565edd6541461a3b982afc4a5f78ded6bbd833e99ee3f14d67
weekday,2027-04-12,2027-04-15,2027-04-12,,Ski Erwachsene Anfänger,ski_adult_green,c01d4420-a932-5560-8eb0-155c10a44b10,0e172a99-d3ee-50b2-94d4-48e135e5ee0d|c01d4420-a932-5560-8eb0-155c10a44b10,5247|5259|5269|5277|5287|5296,"{""0e172a99-d3ee-50b2-94d4-48e135e5ee0d"": [1], ""c01d4420-a932-5560-8eb0-155c10a44b10"": [1, 2, 3, 4, 5]}",2027-04-12|2027-04-13|2027-04-14|2027-04-15,10:00-12:00|14:00-16:00,13,,false,PREPARED_NOT_ACTIVE,b5db33ab54a9c9565edd6541461a3b982afc4a5f78ded6bbd833e99ee3f14d67
weekday,2027-04-12,2027-04-15,2027-04-12,,Ski Erwachsene Fortgeschritten,ski_adult_blue,c01d4420-a932-5560-8eb0-155c10a44b10,0e172a99-d3ee-50b2-94d4-48e135e5ee0d|c01d4420-a932-5560-8eb0-155c10a44b10,5247|5259|5269|5277|5287|5296,"{""0e172a99-d3ee-50b2-94d4-48e135e5ee0d"": [1], ""c01d4420-a932-5560-8eb0-155c10a44b10"": [1, 2, 3, 4, 5]}",2027-04-12|2027-04-13|2027-04-14|2027-04-15,10:00-12:00|14:00-16:00,13,,false,PREPARED_NOT_ACTIVE,b5db33ab54a9c9565edd6541461a3b982afc4a5f78ded6bbd833e99ee3f14d67
weekday,2027-04-12,2027-04-15,2027-04-12,,Ski Erwachsene Wiedereinsteiger,NEW:ski_adult_returners,53761b30-5b0b-504e-9a9b-83f7618f6620,53761b30-5b0b-504e-9a9b-83f7618f6620,5255,"{""53761b30-5b0b-504e-9a9b-83f7618f6620"": [1]}",2027-04-12|2027-04-13|2027-04-14|2027-04-15,10:00-12:00,13,,false,PREPARED_NOT_ACTIVE,b5db33ab54a9c9565edd6541461a3b982afc4a5f78ded6bbd833e99ee3f14d67
weekday,2027-04-12,2027-04-15,2027-04-12,,Ski Kinder Fortgeschritten,NEW:ski_kids_advanced,1200f016-a50f-5ecc-8a05-48dc4ea9931e,1200f016-a50f-5ecc-8a05-48dc4ea9931e,5278,"{""1200f016-a50f-5ecc-8a05-48dc4ea9931e"": [3]}",2027-04-12|2027-04-13|2027-04-14|2027-04-15,10:00-12:00|14:00-16:00,13,,false,PREPARED_NOT_ACTIVE,b5db33ab54a9c9565edd6541461a3b982afc4a5f78ded6bbd833e99ee3f14d67
weekday,2027-04-12,2027-04-15,2027-04-12,,Ski Roter König/Königin,ski_roter_koenig,1200f016-a50f-5ecc-8a05-48dc4ea9931e,cba3c8b6-200d-55d5-96d3-460fdf57f287|1200f016-a50f-5ecc-8a05-48dc4ea9931e,5253|5258|5267|5278|5284|5294,"{""1200f016-a50f-5ecc-8a05-48dc4ea9931e"": [1, 2, 3, 4, 5], ""cba3c8b6-200d-55d5-96d3-460fdf57f287"": [1]}",2027-04-12|2027-04-13|2027-04-14|2027-04-15,10:00-12:00|14:00-16:00,13,,false,PREPARED_NOT_ACTIVE,b5db33ab54a9c9565edd6541461a3b982afc4a5f78ded6bbd833e99ee3f14d67
weekday,2027-04-12,2027-04-15,2027-04-12,,Ski Roter Prinz/Prinzessin,ski_roter_prinz,1200f016-a50f-5ecc-8a05-48dc4ea9931e,cba3c8b6-200d-55d5-96d3-460fdf57f287|1200f016-a50f-5ecc-8a05-48dc4ea9931e,5253|5258|5267|5278|5284|5294,"{""1200f016-a50f-5ecc-8a05-48dc4ea9931e"": [1, 2, 3, 4, 5], ""cba3c8b6-200d-55d5-96d3-460fdf57f287"": [1]}",2027-04-12|2027-04-13|2027-04-14|2027-04-15,10:00-12:00|14:00-16:00,13,,false,PREPARED_NOT_ACTIVE,b5db33ab54a9c9565edd6541461a3b982afc4a5f78ded6bbd833e99ee3f14d67
weekday,2027-04-12,2027-04-15,2027-04-12,,Ski Roter Star,ski_roter_star,1200f016-a50f-5ecc-8a05-48dc4ea9931e,cba3c8b6-200d-55d5-96d3-460fdf57f287|1200f016-a50f-5ecc-8a05-48dc4ea9931e,5253|5258|5267|5278|5284|5294,"{""1200f016-a50f-5ecc-8a05-48dc4ea9931e"": [1, 2, 3, 4, 5], ""cba3c8b6-200d-55d5-96d3-460fdf57f287"": [1]}",2027-04-12|2027-04-13|2027-04-14|2027-04-15,10:00-12:00|14:00-16:00,13,,false,PREPARED_NOT_ACTIVE,b5db33ab54a9c9565edd6541461a3b982afc4a5f78ded6bbd833e99ee3f14d67
weekday,2027-04-12,2027-04-15,2027-04-12,,Ski Schwarzer König/Königin,NEW:ski_schwarzer_koenig,1200f016-a50f-5ecc-8a05-48dc4ea9931e,1200f016-a50f-5ecc-8a05-48dc4ea9931e,5278,"{""1200f016-a50f-5ecc-8a05-48dc4ea9931e"": [3]}",2027-04-12|2027-04-13|2027-04-14|2027-04-15,10:00-12:00|14:00-16:00,13,,false,PREPARED_NOT_ACTIVE,b5db33ab54a9c9565edd6541461a3b982afc4a5f78ded6bbd833e99ee3f14d67
weekday,2027-04-12,2027-04-15,2027-04-12,,Ski Schwarzer Prinz/Prinzessin,ski_schwarzer_prinz,1200f016-a50f-5ecc-8a05-48dc4ea9931e,cba3c8b6-200d-55d5-96d3-460fdf57f287|1200f016-a50f-5ecc-8a05-48dc4ea9931e,5253|5258|5267|5278|5284|5294,"{""1200f016-a50f-5ecc-8a05-48dc4ea9931e"": [1, 2, 3, 4, 5], ""cba3c8b6-200d-55d5-96d3-460fdf57f287"": [1]}",2027-04-12|2027-04-13|2027-04-14|2027-04-15,10:00-12:00|14:00-16:00,13,,false,PREPARED_NOT_ACTIVE,b5db33ab54a9c9565edd6541461a3b982afc4a5f78ded6bbd833e99ee3f14d67
weekday,2027-04-12,2027-04-15,2027-04-12,,Ski Swiss Snow Academy,ski_academy,1200f016-a50f-5ecc-8a05-48dc4ea9931e,cba3c8b6-200d-55d5-96d3-460fdf57f287|1200f016-a50f-5ecc-8a05-48dc4ea9931e,5253|5258|5267|5278|5284|5294,"{""1200f016-a50f-5ecc-8a05-48dc4ea9931e"": [1, 2, 3, 4, 5], ""cba3c8b6-200d-55d5-96d3-460fdf57f287"": [1]}",2027-04-12|2027-04-13|2027-04-14|2027-04-15,10:00-12:00|14:00-16:00,13,,false,PREPARED_NOT_ACTIVE,b5db33ab54a9c9565edd6541461a3b982afc4a5f78ded6bbd833e99ee3f14d67
weekday,2027-04-12,2027-04-15,2027-04-12,,Ski Swiss Snow Kids Village,ski_snow_kids,1200f016-a50f-5ecc-8a05-48dc4ea9931e,cba3c8b6-200d-55d5-96d3-460fdf57f287|6edc13ea-63a2-5d4c-b22e-54f43370e800|1200f016-a50f-5ecc-8a05-48dc4ea9931e,5253|5258|5267|5278|5284|5288|5294,"{""1200f016-a50f-5ecc-8a05-48dc4ea9931e"": [1, 2, 3, 4, 5], ""6edc13ea-63a2-5d4c-b22e-54f43370e800"": [5], ""cba3c8b6-200d-55d5-96d3-460fdf57f287"": [1]}",2027-04-12|2027-04-13|2027-04-14|2027-04-15,10:00-12:00|14:00-16:00,8,,false,PREPARED_NOT_ACTIVE,b5db33ab54a9c9565edd6541461a3b982afc4a5f78ded6bbd833e99ee3f14d67
weekday,2027-04-12,2027-04-15,2027-04-12,,Ski Windel-Wedelkurs,ski_windel_wedel,6edc13ea-63a2-5d4c-b22e-54f43370e800,6edc13ea-63a2-5d4c-b22e-54f43370e800,5254|5263|5273|5281|5288,"{""6edc13ea-63a2-5d4c-b22e-54f43370e800"": [1, 2, 3, 4, 5]}",2027-04-12|2027-04-13|2027-04-14|2027-04-15,10:00-12:00,8,,false,PREPARED_NOT_ACTIVE,b5db33ab54a9c9565edd6541461a3b982afc4a5f78ded6bbd833e99ee3f14d67
weekday,2027-04-12,2027-04-15,2027-04-12,,Snowboard Anfänger,REVIEW:sb_adult_green,ab4e4941-02fe-58b7-9ec8-d9b773a1d870,ab4e4941-02fe-58b7-9ec8-d9b773a1d870,5249|5262|5271|5279|5290,"{""ab4e4941-02fe-58b7-9ec8-d9b773a1d870"": [1, 2, 3, 4, 5]}",2027-04-12|2027-04-13|2027-04-14|2027-04-15,10:00-12:00,10,,false,PREPARED_NOT_ACTIVE,b5db33ab54a9c9565edd6541461a3b982afc4a5f78ded6bbd833e99ee3f14d67
weekday,2027-04-12,2027-04-15,2027-04-12,,Snowboard Fortgeschritten,REVIEW:sb_adult_blue,ab4e4941-02fe-58b7-9ec8-d9b773a1d870,ab4e4941-02fe-58b7-9ec8-d9b773a1d870,5249|5262|5271|5279|5290,"{""ab4e4941-02fe-58b7-9ec8-d9b773a1d870"": [1, 2, 3, 4, 5]}",2027-04-12|2027-04-13|2027-04-14|2027-04-15,10:00-12:00,10,,false,PREPARED_NOT_ACTIVE,b5db33ab54a9c9565edd6541461a3b982afc4a5f78ded6bbd833e99ee3f14d67
saturday_series,2027-01-09,2027-02-06,2027-01-04,S1,Ski Blauer König/Königin,ski_blauer_koenig,8657e2e8-0fe1-5ed2-8f18-9255a05b1a21,ceea6bdc-9bc4-57f4-af87-5a5233979246|8657e2e8-0fe1-5ed2-8f18-9255a05b1a21,5252|5257|5266|5275|5286|5295,"{""8657e2e8-0fe1-5ed2-8f18-9255a05b1a21"": [1, 2, 3, 4, 5], ""ceea6bdc-9bc4-57f4-af87-5a5233979246"": [1]}",2027-01-09|2027-01-16|2027-01-23|2027-01-30|2027-02-06,10:00-12:00|14:00-16:00,13,,false,PREPARED_NOT_ACTIVE,b5db33ab54a9c9565edd6541461a3b982afc4a5f78ded6bbd833e99ee3f14d67
saturday_series,2027-01-09,2027-02-06,2027-01-04,S1,Ski Blauer Prinz/Prinzessin,ski_blauer_prinz,8657e2e8-0fe1-5ed2-8f18-9255a05b1a21,ceea6bdc-9bc4-57f4-af87-5a5233979246|8657e2e8-0fe1-5ed2-8f18-9255a05b1a21,5252|5257|5266|5275|5286|5295,"{""8657e2e8-0fe1-5ed2-8f18-9255a05b1a21"": [1, 2, 3, 4, 5], ""ceea6bdc-9bc4-57f4-af87-5a5233979246"": [1]}",2027-01-09|2027-01-16|2027-01-23|2027-01-30|2027-02-06,10:00-12:00|14:00-16:00,13,,false,PREPARED_NOT_ACTIVE,b5db33ab54a9c9565edd6541461a3b982afc4a5f78ded6bbd833e99ee3f14d67
saturday_series,2027-01-09,2027-02-06,2027-01-04,S1,Ski Blauer Star,ski_blauer_star,8657e2e8-0fe1-5ed2-8f18-9255a05b1a21,ceea6bdc-9bc4-57f4-af87-5a5233979246|8657e2e8-0fe1-5ed2-8f18-9255a05b1a21,5252|5257|5266|5275|5286|5295,"{""8657e2e8-0fe1-5ed2-8f18-9255a05b1a21"": [1, 2, 3, 4, 5], ""ceea6bdc-9bc4-57f4-af87-5a5233979246"": [1]}",2027-01-09|2027-01-16|2027-01-23|2027-01-30|2027-02-06,10:00-12:00|14:00-16:00,13,,false,PREPARED_NOT_ACTIVE,b5db33ab54a9c9565edd6541461a3b982afc4a5f78ded6bbd833e99ee3f14d67
saturday_series,2027-01-09,2027-02-06,2027-01-04,S1,Ski Erwachsene Anfänger,ski_adult_green,571e0dd1-d467-5965-893d-9ce3e0054b09,46b22b2f-618f-5d08-ac42-b9777aea8eee|571e0dd1-d467-5965-893d-9ce3e0054b09,5250|5260|5268|5276|5285|5293,"{""46b22b2f-618f-5d08-ac42-b9777aea8eee"": [1], ""571e0dd1-d467-5965-893d-9ce3e0054b09"": [1, 2, 3, 4, 5]}",2027-01-09|2027-01-16|2027-01-23|2027-01-30|2027-02-06,10:00-12:00|14:00-16:00,13,,false,PREPARED_NOT_ACTIVE,b5db33ab54a9c9565edd6541461a3b982afc4a5f78ded6bbd833e99ee3f14d67
saturday_series,2027-01-09,2027-02-06,2027-01-04,S1,Ski Erwachsene Fortgeschritten,ski_adult_blue,571e0dd1-d467-5965-893d-9ce3e0054b09,46b22b2f-618f-5d08-ac42-b9777aea8eee|571e0dd1-d467-5965-893d-9ce3e0054b09,5250|5260|5268|5276|5285|5293,"{""46b22b2f-618f-5d08-ac42-b9777aea8eee"": [1], ""571e0dd1-d467-5965-893d-9ce3e0054b09"": [1, 2, 3, 4, 5]}",2027-01-09|2027-01-16|2027-01-23|2027-01-30|2027-02-06,10:00-12:00|14:00-16:00,13,,false,PREPARED_NOT_ACTIVE,b5db33ab54a9c9565edd6541461a3b982afc4a5f78ded6bbd833e99ee3f14d67
saturday_series,2027-01-09,2027-02-06,2027-01-04,S1,Ski Roter König/Königin,ski_roter_koenig,8657e2e8-0fe1-5ed2-8f18-9255a05b1a21,ceea6bdc-9bc4-57f4-af87-5a5233979246|8657e2e8-0fe1-5ed2-8f18-9255a05b1a21,5252|5257|5266|5275|5286|5295,"{""8657e2e8-0fe1-5ed2-8f18-9255a05b1a21"": [1, 2, 3, 4, 5], ""ceea6bdc-9bc4-57f4-af87-5a5233979246"": [1]}",2027-01-09|2027-01-16|2027-01-23|2027-01-30|2027-02-06,10:00-12:00|14:00-16:00,13,,false,PREPARED_NOT_ACTIVE,b5db33ab54a9c9565edd6541461a3b982afc4a5f78ded6bbd833e99ee3f14d67
saturday_series,2027-01-09,2027-02-06,2027-01-04,S1,Ski Roter Prinz/Prinzessin,ski_roter_prinz,8657e2e8-0fe1-5ed2-8f18-9255a05b1a21,ceea6bdc-9bc4-57f4-af87-5a5233979246|8657e2e8-0fe1-5ed2-8f18-9255a05b1a21,5252|5257|5266|5275|5286|5295,"{""8657e2e8-0fe1-5ed2-8f18-9255a05b1a21"": [1, 2, 3, 4, 5], ""ceea6bdc-9bc4-57f4-af87-5a5233979246"": [1]}",2027-01-09|2027-01-16|2027-01-23|2027-01-30|2027-02-06,10:00-12:00|14:00-16:00,13,,false,PREPARED_NOT_ACTIVE,b5db33ab54a9c9565edd6541461a3b982afc4a5f78ded6bbd833e99ee3f14d67
saturday_series,2027-01-09,2027-02-06,2027-01-04,S1,Ski Roter Star,ski_roter_star,8657e2e8-0fe1-5ed2-8f18-9255a05b1a21,ceea6bdc-9bc4-57f4-af87-5a5233979246|8657e2e8-0fe1-5ed2-8f18-9255a05b1a21,5252|5257|5266|5275|5286|5295,"{""8657e2e8-0fe1-5ed2-8f18-9255a05b1a21"": [1, 2, 3, 4, 5], ""ceea6bdc-9bc4-57f4-af87-5a5233979246"": [1]}",2027-01-09|2027-01-16|2027-01-23|2027-01-30|2027-02-06,10:00-12:00|14:00-16:00,13,,false,PREPARED_NOT_ACTIVE,b5db33ab54a9c9565edd6541461a3b982afc4a5f78ded6bbd833e99ee3f14d67
saturday_series,2027-01-09,2027-02-06,2027-01-04,S1,Ski Schwarzer König/Königin,NEW:ski_schwarzer_koenig,8657e2e8-0fe1-5ed2-8f18-9255a05b1a21,8657e2e8-0fe1-5ed2-8f18-9255a05b1a21,5295,"{""8657e2e8-0fe1-5ed2-8f18-9255a05b1a21"": [5]}",2027-01-09|2027-01-16|2027-01-23|2027-01-30|2027-02-06,10:00-12:00|14:00-16:00,13,,false,PREPARED_NOT_ACTIVE,b5db33ab54a9c9565edd6541461a3b982afc4a5f78ded6bbd833e99ee3f14d67
saturday_series,2027-01-09,2027-02-06,2027-01-04,S1,Ski Schwarzer Prinz/Prinzessin,ski_schwarzer_prinz,8657e2e8-0fe1-5ed2-8f18-9255a05b1a21,ceea6bdc-9bc4-57f4-af87-5a5233979246|8657e2e8-0fe1-5ed2-8f18-9255a05b1a21,5252|5257|5266|5275|5286|5295,"{""8657e2e8-0fe1-5ed2-8f18-9255a05b1a21"": [1, 2, 3, 4, 5], ""ceea6bdc-9bc4-57f4-af87-5a5233979246"": [1]}",2027-01-09|2027-01-16|2027-01-23|2027-01-30|2027-02-06,10:00-12:00|14:00-16:00,13,,false,PREPARED_NOT_ACTIVE,b5db33ab54a9c9565edd6541461a3b982afc4a5f78ded6bbd833e99ee3f14d67
saturday_series,2027-01-09,2027-02-06,2027-01-04,S1,Ski Swiss Snow Academy,ski_academy,8657e2e8-0fe1-5ed2-8f18-9255a05b1a21,ceea6bdc-9bc4-57f4-af87-5a5233979246|8657e2e8-0fe1-5ed2-8f18-9255a05b1a21,5252|5257|5266|5275|5286|5295,"{""8657e2e8-0fe1-5ed2-8f18-9255a05b1a21"": [1, 2, 3, 4, 5], ""ceea6bdc-9bc4-57f4-af87-5a5233979246"": [1]}",2027-01-09|2027-01-16|2027-01-23|2027-01-30|2027-02-06,10:00-12:00|14:00-16:00,13,,false,PREPARED_NOT_ACTIVE,b5db33ab54a9c9565edd6541461a3b982afc4a5f78ded6bbd833e99ee3f14d67
saturday_series,2027-01-09,2027-02-06,2027-01-04,S1,Ski Swiss Snow Kids Village,ski_snow_kids,8657e2e8-0fe1-5ed2-8f18-9255a05b1a21,ceea6bdc-9bc4-57f4-af87-5a5233979246|8657e2e8-0fe1-5ed2-8f18-9255a05b1a21,5252|5257|5266|5275|5286|5295,"{""8657e2e8-0fe1-5ed2-8f18-9255a05b1a21"": [1, 2, 3, 4, 5], ""ceea6bdc-9bc4-57f4-af87-5a5233979246"": [1]}",2027-01-09|2027-01-16|2027-01-23|2027-01-30|2027-02-06,10:00-12:00|14:00-16:00,13,,false,PREPARED_NOT_ACTIVE,b5db33ab54a9c9565edd6541461a3b982afc4a5f78ded6bbd833e99ee3f14d67
saturday_series,2027-01-09,2027-02-06,2027-01-04,S1,Ski Windel-Wedelkurs,ski_windel_wedel,e25c5f7c-939a-54d5-b355-102ad585dd54,e25c5f7c-939a-54d5-b355-102ad585dd54,5251|5261|5270|5280|5289,"{""e25c5f7c-939a-54d5-b355-102ad585dd54"": [1, 2, 3, 4, 5]}",2027-01-09|2027-01-16|2027-01-23|2027-01-30|2027-02-06,10:00-12:00,13,,false,PREPARED_NOT_ACTIVE,b5db33ab54a9c9565edd6541461a3b982afc4a5f78ded6bbd833e99ee3f14d67
saturday_series,2027-01-09,2027-02-06,2027-01-04,S1,Snowboard Anfänger,REVIEW:sb_adult_green,f8a69024-478a-5c9d-bfaa-5e9cb8170c0b,f8a69024-478a-5c9d-bfaa-5e9cb8170c0b,5248|5264|5272|5282|5291,"{""f8a69024-478a-5c9d-bfaa-5e9cb8170c0b"": [1, 2, 3, 4, 5]}",2027-01-09|2027-01-16|2027-01-23|2027-01-30|2027-02-06,10:00-12:00,13,,false,PREPARED_NOT_ACTIVE,b5db33ab54a9c9565edd6541461a3b982afc4a5f78ded6bbd833e99ee3f14d67
saturday_series,2027-01-09,2027-02-06,2027-01-04,S1,Snowboard Fortgeschritten,REVIEW:sb_adult_blue,f8a69024-478a-5c9d-bfaa-5e9cb8170c0b,f8a69024-478a-5c9d-bfaa-5e9cb8170c0b,5248|5264|5272|5282|5291,"{""f8a69024-478a-5c9d-bfaa-5e9cb8170c0b"": [1, 2, 3, 4, 5]}",2027-01-09|2027-01-16|2027-01-23|2027-01-30|2027-02-06,10:00-12:00,13,,false,PREPARED_NOT_ACTIVE,b5db33ab54a9c9565edd6541461a3b982afc4a5f78ded6bbd833e99ee3f14d67
saturday_series,2027-02-20,2027-03-20,2027-02-15,S2,Ski Blauer König/Königin,ski_blauer_koenig,8657e2e8-0fe1-5ed2-8f18-9255a05b1a21,ceea6bdc-9bc4-57f4-af87-5a5233979246|8657e2e8-0fe1-5ed2-8f18-9255a05b1a21,5252|5257|5266|5275|5286|5295,"{""8657e2e8-0fe1-5ed2-8f18-9255a05b1a21"": [1, 2, 3, 4, 5], ""ceea6bdc-9bc4-57f4-af87-5a5233979246"": [1]}",2027-02-20|2027-02-27|2027-03-06|2027-03-13|2027-03-20,10:00-12:00|14:00-16:00,13,,false,PREPARED_NOT_ACTIVE,b5db33ab54a9c9565edd6541461a3b982afc4a5f78ded6bbd833e99ee3f14d67
saturday_series,2027-02-20,2027-03-20,2027-02-15,S2,Ski Blauer Prinz/Prinzessin,ski_blauer_prinz,8657e2e8-0fe1-5ed2-8f18-9255a05b1a21,ceea6bdc-9bc4-57f4-af87-5a5233979246|8657e2e8-0fe1-5ed2-8f18-9255a05b1a21,5252|5257|5266|5275|5286|5295,"{""8657e2e8-0fe1-5ed2-8f18-9255a05b1a21"": [1, 2, 3, 4, 5], ""ceea6bdc-9bc4-57f4-af87-5a5233979246"": [1]}",2027-02-20|2027-02-27|2027-03-06|2027-03-13|2027-03-20,10:00-12:00|14:00-16:00,13,,false,PREPARED_NOT_ACTIVE,b5db33ab54a9c9565edd6541461a3b982afc4a5f78ded6bbd833e99ee3f14d67
saturday_series,2027-02-20,2027-03-20,2027-02-15,S2,Ski Blauer Star,ski_blauer_star,8657e2e8-0fe1-5ed2-8f18-9255a05b1a21,ceea6bdc-9bc4-57f4-af87-5a5233979246|8657e2e8-0fe1-5ed2-8f18-9255a05b1a21,5252|5257|5266|5275|5286|5295,"{""8657e2e8-0fe1-5ed2-8f18-9255a05b1a21"": [1, 2, 3, 4, 5], ""ceea6bdc-9bc4-57f4-af87-5a5233979246"": [1]}",2027-02-20|2027-02-27|2027-03-06|2027-03-13|2027-03-20,10:00-12:00|14:00-16:00,13,,false,PREPARED_NOT_ACTIVE,b5db33ab54a9c9565edd6541461a3b982afc4a5f78ded6bbd833e99ee3f14d67
saturday_series,2027-02-20,2027-03-20,2027-02-15,S2,Ski Erwachsene Anfänger,ski_adult_green,571e0dd1-d467-5965-893d-9ce3e0054b09,46b22b2f-618f-5d08-ac42-b9777aea8eee|571e0dd1-d467-5965-893d-9ce3e0054b09,5250|5260|5268|5276|5285|5293,"{""46b22b2f-618f-5d08-ac42-b9777aea8eee"": [1], ""571e0dd1-d467-5965-893d-9ce3e0054b09"": [1, 2, 3, 4, 5]}",2027-02-20|2027-02-27|2027-03-06|2027-03-13|2027-03-20,10:00-12:00|14:00-16:00,13,,false,PREPARED_NOT_ACTIVE,b5db33ab54a9c9565edd6541461a3b982afc4a5f78ded6bbd833e99ee3f14d67
saturday_series,2027-02-20,2027-03-20,2027-02-15,S2,Ski Erwachsene Fortgeschritten,ski_adult_blue,571e0dd1-d467-5965-893d-9ce3e0054b09,46b22b2f-618f-5d08-ac42-b9777aea8eee|571e0dd1-d467-5965-893d-9ce3e0054b09,5250|5260|5268|5276|5285|5293,"{""46b22b2f-618f-5d08-ac42-b9777aea8eee"": [1], ""571e0dd1-d467-5965-893d-9ce3e0054b09"": [1, 2, 3, 4, 5]}",2027-02-20|2027-02-27|2027-03-06|2027-03-13|2027-03-20,10:00-12:00|14:00-16:00,13,,false,PREPARED_NOT_ACTIVE,b5db33ab54a9c9565edd6541461a3b982afc4a5f78ded6bbd833e99ee3f14d67
saturday_series,2027-02-20,2027-03-20,2027-02-15,S2,Ski Roter König/Königin,ski_roter_koenig,8657e2e8-0fe1-5ed2-8f18-9255a05b1a21,ceea6bdc-9bc4-57f4-af87-5a5233979246|8657e2e8-0fe1-5ed2-8f18-9255a05b1a21,5252|5257|5266|5275|5286|5295,"{""8657e2e8-0fe1-5ed2-8f18-9255a05b1a21"": [1, 2, 3, 4, 5], ""ceea6bdc-9bc4-57f4-af87-5a5233979246"": [1]}",2027-02-20|2027-02-27|2027-03-06|2027-03-13|2027-03-20,10:00-12:00|14:00-16:00,13,,false,PREPARED_NOT_ACTIVE,b5db33ab54a9c9565edd6541461a3b982afc4a5f78ded6bbd833e99ee3f14d67
saturday_series,2027-02-20,2027-03-20,2027-02-15,S2,Ski Roter Prinz/Prinzessin,ski_roter_prinz,8657e2e8-0fe1-5ed2-8f18-9255a05b1a21,ceea6bdc-9bc4-57f4-af87-5a5233979246|8657e2e8-0fe1-5ed2-8f18-9255a05b1a21,5252|5257|5266|5275|5286|5295,"{""8657e2e8-0fe1-5ed2-8f18-9255a05b1a21"": [1, 2, 3, 4, 5], ""ceea6bdc-9bc4-57f4-af87-5a5233979246"": [1]}",2027-02-20|2027-02-27|2027-03-06|2027-03-13|2027-03-20,10:00-12:00|14:00-16:00,13,,false,PREPARED_NOT_ACTIVE,b5db33ab54a9c9565edd6541461a3b982afc4a5f78ded6bbd833e99ee3f14d67
saturday_series,2027-02-20,2027-03-20,2027-02-15,S2,Ski Roter Star,ski_roter_star,8657e2e8-0fe1-5ed2-8f18-9255a05b1a21,ceea6bdc-9bc4-57f4-af87-5a5233979246|8657e2e8-0fe1-5ed2-8f18-9255a05b1a21,5252|5257|5266|5275|5286|5295,"{""8657e2e8-0fe1-5ed2-8f18-9255a05b1a21"": [1, 2, 3, 4, 5], ""ceea6bdc-9bc4-57f4-af87-5a5233979246"": [1]}",2027-02-20|2027-02-27|2027-03-06|2027-03-13|2027-03-20,10:00-12:00|14:00-16:00,13,,false,PREPARED_NOT_ACTIVE,b5db33ab54a9c9565edd6541461a3b982afc4a5f78ded6bbd833e99ee3f14d67
saturday_series,2027-02-20,2027-03-20,2027-02-15,S2,Ski Schwarzer König/Königin,NEW:ski_schwarzer_koenig,8657e2e8-0fe1-5ed2-8f18-9255a05b1a21,8657e2e8-0fe1-5ed2-8f18-9255a05b1a21,5295,"{""8657e2e8-0fe1-5ed2-8f18-9255a05b1a21"": [5]}",2027-02-20|2027-02-27|2027-03-06|2027-03-13|2027-03-20,10:00-12:00|14:00-16:00,13,,false,PREPARED_NOT_ACTIVE,b5db33ab54a9c9565edd6541461a3b982afc4a5f78ded6bbd833e99ee3f14d67
saturday_series,2027-02-20,2027-03-20,2027-02-15,S2,Ski Schwarzer Prinz/Prinzessin,ski_schwarzer_prinz,8657e2e8-0fe1-5ed2-8f18-9255a05b1a21,ceea6bdc-9bc4-57f4-af87-5a5233979246|8657e2e8-0fe1-5ed2-8f18-9255a05b1a21,5252|5257|5266|5275|5286|5295,"{""8657e2e8-0fe1-5ed2-8f18-9255a05b1a21"": [1, 2, 3, 4, 5], ""ceea6bdc-9bc4-57f4-af87-5a5233979246"": [1]}",2027-02-20|2027-02-27|2027-03-06|2027-03-13|2027-03-20,10:00-12:00|14:00-16:00,13,,false,PREPARED_NOT_ACTIVE,b5db33ab54a9c9565edd6541461a3b982afc4a5f78ded6bbd833e99ee3f14d67
saturday_series,2027-02-20,2027-03-20,2027-02-15,S2,Ski Swiss Snow Academy,ski_academy,8657e2e8-0fe1-5ed2-8f18-9255a05b1a21,ceea6bdc-9bc4-57f4-af87-5a5233979246|8657e2e8-0fe1-5ed2-8f18-9255a05b1a21,5252|5257|5266|5275|5286|5295,"{""8657e2e8-0fe1-5ed2-8f18-9255a05b1a21"": [1, 2, 3, 4, 5], ""ceea6bdc-9bc4-57f4-af87-5a5233979246"": [1]}",2027-02-20|2027-02-27|2027-03-06|2027-03-13|2027-03-20,10:00-12:00|14:00-16:00,13,,false,PREPARED_NOT_ACTIVE,b5db33ab54a9c9565edd6541461a3b982afc4a5f78ded6bbd833e99ee3f14d67
saturday_series,2027-02-20,2027-03-20,2027-02-15,S2,Ski Swiss Snow Kids Village,ski_snow_kids,8657e2e8-0fe1-5ed2-8f18-9255a05b1a21,ceea6bdc-9bc4-57f4-af87-5a5233979246|8657e2e8-0fe1-5ed2-8f18-9255a05b1a21,5252|5257|5266|5275|5286|5295,"{""8657e2e8-0fe1-5ed2-8f18-9255a05b1a21"": [1, 2, 3, 4, 5], ""ceea6bdc-9bc4-57f4-af87-5a5233979246"": [1]}",2027-02-20|2027-02-27|2027-03-06|2027-03-13|2027-03-20,10:00-12:00|14:00-16:00,13,,false,PREPARED_NOT_ACTIVE,b5db33ab54a9c9565edd6541461a3b982afc4a5f78ded6bbd833e99ee3f14d67
saturday_series,2027-02-20,2027-03-20,2027-02-15,S2,Ski Windel-Wedelkurs,ski_windel_wedel,e25c5f7c-939a-54d5-b355-102ad585dd54,e25c5f7c-939a-54d5-b355-102ad585dd54,5251|5261|5270|5280|5289,"{""e25c5f7c-939a-54d5-b355-102ad585dd54"": [1, 2, 3, 4, 5]}",2027-02-20|2027-02-27|2027-03-06|2027-03-13|2027-03-20,10:00-12:00,13,,false,PREPARED_NOT_ACTIVE,b5db33ab54a9c9565edd6541461a3b982afc4a5f78ded6bbd833e99ee3f14d67
saturday_series,2027-02-20,2027-03-20,2027-02-15,S2,Snowboard Anfänger,REVIEW:sb_adult_green,f8a69024-478a-5c9d-bfaa-5e9cb8170c0b,f8a69024-478a-5c9d-bfaa-5e9cb8170c0b,5248|5264|5272|5282|5291,"{""f8a69024-478a-5c9d-bfaa-5e9cb8170c0b"": [1, 2, 3, 4, 5]}",2027-02-20|2027-02-27|2027-03-06|2027-03-13|2027-03-20,10:00-12:00,13,,false,PREPARED_NOT_ACTIVE,b5db33ab54a9c9565edd6541461a3b982afc4a5f78ded6bbd833e99ee3f14d67
saturday_series,2027-02-20,2027-03-20,2027-02-15,S2,Snowboard Fortgeschritten,REVIEW:sb_adult_blue,f8a69024-478a-5c9d-bfaa-5e9cb8170c0b,f8a69024-478a-5c9d-bfaa-5e9cb8170c0b,5248|5264|5272|5282|5291,"{""f8a69024-478a-5c9d-bfaa-5e9cb8170c0b"": [1, 2, 3, 4, 5]}",2027-02-20|2027-02-27|2027-03-06|2027-03-13|2027-03-20,10:00-12:00,13,,false,PREPARED_NOT_ACTIVE,b5db33ab54a9c9565edd6541461a3b982afc4a5f78ded6bbd833e99ee3f14d67
