period_type,week_start,period_start,period_end,series,booking_activity_label,source_tariff_ids,source_duration_capacity_options,schedule_time_blocks,selected_product_variant,planning_status,source_snapshot,source_snapshot_sha256,source_sport,source_allowed_weekdays,source_time_options_not_selected,time_evidence,operational_selection_status
weekday,2026-11-30,2026-12-01,2026-12-04,,Ski Blauer König/Königin,5253|5258|5267|5278|5284|5294,120min:13;240min:13,UNMAPPED,UNMAPPED,CANDIDATE_NOT_LIVE_NOT_BOOKABLE,2026-09-30,b5db33ab54a9c9565edd6541461a3b982afc4a5f78ded6bbd833e99ee3f14d67,Ski,Mo-Fr,10:00-12:00|14:00-16:00,30.09 screenshot 20-38-37 Ski main period; individual activity not selected,UNMAPPED_NOT_LIVE_NOT_BOOKABLE
weekday,2026-11-30,2026-12-01,2026-12-04,,Ski Blauer Prinz/Prinzessin,5253|5258|5267|5278|5284|5294,120min:13;240min:13,UNMAPPED,UNMAPPED,CANDIDATE_NOT_LIVE_NOT_BOOKABLE,2026-09-30,b5db33ab54a9c9565edd6541461a3b982afc4a5f78ded6bbd833e99ee3f14d67,Ski,Mo-Fr,10:00-12:00|14:00-16:00,30.09 screenshot 20-38-37 Ski main period; individual activity not selected,UNMAPPED_NOT_LIVE_NOT_BOOKABLE
weekday,2026-11-30,2026-12-01,2026-12-04,,Ski Blauer Star,5253|5258|5267|5278|5284|5294,120min:13;240min:13,UNMAPPED,UNMAPPED,CANDIDATE_NOT_LIVE_NOT_BOOKABLE,2026-09-30,b5db33ab54a9c9565edd6541461a3b982afc4a5f78ded6bbd833e99ee3f14d67,Ski,Mo-Fr,10:00-12:00|14:00-16:00,30.09 screenshot 20-38-37 Ski main period; individual activity not selected,UNMAPPED_NOT_LIVE_NOT_BOOKABLE
weekday,2026-11-30,2026-12-01,2026-12-04,,Ski Erwachsene Anfänger,5247|5259|5269|5277|5287|5296,120min:13;240min:13,UNMAPPED,UNMAPPED,CANDIDATE_NOT_LIVE_NOT_BOOKABLE,2026-09-30,b5db33ab54a9c9565edd6541461a3b982afc4a5f78ded6bbd833e99ee3f14d67,Ski,Mo-Fr,10:00-12:00|14:00-16:00,30.09 screenshot 20-38-37 Ski main period; individual activity not selected,UNMAPPED_NOT_LIVE_NOT_BOOKABLE
weekday,2026-11-30,2026-12-01,2026-12-04,,Ski Erwachsene Fortgeschritten,5247|5259|5269|5277|5287|5296,120min:13;240min:13,UNMAPPED,UNMAPPED,CANDIDATE_NOT_LIVE_NOT_BOOKABLE,2026-09-30,b5db33ab54a9c9565edd6541461a3b982afc4a5f78ded6bbd833e99ee3f14d67,Ski,Mo-Fr,10:00-12:00|14:00-16:00,30.09 screenshot 20-38-37 Ski main period; individual activity not selected,UNMAPPED_NOT_LIVE_NOT_BOOKABLE
weekday,2026-11-30,2026-12-01,2026-12-04,,Ski Erwachsene Wiedereinsteiger,5255,120min:13,UNMAPPED,UNMAPPED,CANDIDATE_NOT_LIVE_NOT_BOOKABLE,2026-09-30,b5db33ab54a9c9565edd6541461a3b982afc4a5f78ded6bbd833e99ee3f14d67,Ski,Mo-Fr,10:00-12:00|14:00-16:00,30.09 screenshot 20-38-37 Ski main period; individual activity not selected,UNMAPPED_NOT_LIVE_NOT_BOOKABLE
weekday,2026-11-30,2026-12-01,2026-12-04,,Ski Kinder Fortgeschritten,5278,240min:13,UNMAPPED,UNMAPPED,CANDIDATE_NOT_LIVE_NOT_BOOKABLE,2026-09-30,b5db33ab54a9c9565edd6541461a3b982afc4a5f78ded6bbd833e99ee3f14d67,Ski,Mo-Fr,10:00-12:00|14:00-16:00,30.09 screenshot 20-38-37 Ski main period; individual activity not selected,UNMAPPED_NOT_LIVE_NOT_BOOKABLE
weekday,2026-11-30,2026-12-01,2026-12-04,,Ski Roter König/Königin,5253|5258|5267|5278|5284|5294,120min:13;240min:13,UNMAPPED,UNMAPPED,CANDIDATE_NOT_LIVE_NOT_BOOKABLE,2026-09-30,b5db33ab54a9c9565edd6541461a3b982afc4a5f78ded6bbd833e99ee3f14d67,Ski,Mo-Fr,10:00-12:00|14:00-16:00,30.09 screenshot 20-38-37 Ski main period; individual activity not selected,UNMAPPED_NOT_LIVE_NOT_BOOKABLE
weekday,2026-11-30,2026-12-01,2026-12-04,,Ski Roter Prinz/Prinzessin,5253|5258|5267|5278|5284|5294,120min:13;240min:13,UNMAPPED,UNMAPPED,CANDIDATE_NOT_LIVE_NOT_BOOKABLE,2026-09-30,b5db33ab54a9c9565edd6541461a3b982afc4a5f78ded6bbd833e99ee3f14d67,Ski,Mo-Fr,10:00-12:00|14:00-16:00,30.09 screenshot 20-38-37 Ski main period; individual activity not selected,UNMAPPED_NOT_LIVE_NOT_BOOKABLE
weekday,2026-11-30,2026-12-01,2026-12-04,,Ski Roter Star,5253|5258|5267|5278|5284|5294,120min:13;240min:13,UNMAPPED,UNMAPPED,CANDIDATE_NOT_LIVE_NOT_BOOKABLE,2026-09-30,b5db33ab54a9c9565edd6541461a3b982afc4a5f78ded6bbd833e99ee3f14d67,Ski,Mo-Fr,10:00-12:00|14:00-16:00,30.09 screenshot 20-38-37 Ski main period; individual activity not selected,UNMAPPED_NOT_LIVE_NOT_BOOKABLE
weekday,2026-11-30,2026-12-01,2026-12-04,,Ski Schwarzer König/Königin,5278,240min:13,UNMAPPED,UNMAPPED,CANDIDATE_NOT_LIVE_NOT_BOOKABLE,2026-09-30,b5db33ab54a9c9565edd6541461a3b982afc4a5f78ded6bbd833e99ee3f14d67,Ski,Mo-Fr,10:00-12:00|14:00-16:00,30.09 screenshot 20-38-37 Ski main period; individual activity not selected,UNMAPPED_NOT_LIVE_NOT_BOOKABLE
weekday,2026-11-30,2026-12-01,2026-12-04,,Ski Schwarzer Prinz/Prinzessin,5253|5258|5267|5278|5284|5294,120min:13;240min:13,UNMAPPED,UNMAPPED,CANDIDATE_NOT_LIVE_NOT_BOOKABLE,2026-09-30,b5db33ab54a9c9565edd6541461a3b982afc4a5f78ded6bbd833e99ee3f14d67,Ski,Mo-Fr,10:00-12:00|14:00-16:00,30.09 screenshot 20-38-37 Ski main period; individual activity not selected,UNMAPPED_NOT_LIVE_NOT_BOOKABLE
weekday,2026-11-30,2026-12-01,2026-12-04,,Ski Swiss Snow Academy,5253|5258|5267|5278|5284|5294,120min:13;240min:13,UNMAPPED,UNMAPPED,CANDIDATE_NOT_LIVE_NOT_BOOKABLE,2026-09-30,b5db33ab54a9c9565edd6541461a3b982afc4a5f78ded6bbd833e99ee3f14d67,Ski,Mo-Fr,10:00-12:00|14:00-16:00,30.09 screenshot 20-38-37 Ski main period; individual activity not selected,UNMAPPED_NOT_LIVE_NOT_BOOKABLE
weekday,2026-11-30,2026-12-01,2026-12-04,,Ski Swiss Snow Kids Village,5253|5258|5267|5278|5284|5288|5294,120min:13/8;240min:13,UNMAPPED,UNMAPPED,CANDIDATE_NOT_LIVE_NOT_BOOKABLE,2026-09-30,b5db33ab54a9c9565edd6541461a3b982afc4a5f78ded6bbd833e99ee3f14d67,Ski,Mo-Fr,10:00-12:00|14:00-16:00,30.09 screenshot 20-38-37 Ski main period; individual activity not selected,UNMAPPED_NOT_LIVE_NOT_BOOKABLE
weekday,2026-11-30,2026-12-01,2026-12-04,,Ski Windel-Wedelkurs,5254|5263|5273|5281|5288,120min:8,UNMAPPED,UNMAPPED,CANDIDATE_NOT_LIVE_NOT_BOOKABLE,2026-09-30,b5db33ab54a9c9565edd6541461a3b982afc4a5f78ded6bbd833e99ee3f14d67,Ski,Mo-Fr,10:00-12:00,30.09 screenshot 20-38-11 exact activity,UNMAPPED_NOT_LIVE_NOT_BOOKABLE
weekday,2026-11-30,2026-12-01,2026-12-04,,Snowboard Anfänger,5249|5262|5271|5279|5290,120min:10,UNMAPPED,UNMAPPED,CANDIDATE_NOT_LIVE_NOT_BOOKABLE,2026-09-30,b5db33ab54a9c9565edd6541461a3b982afc4a5f78ded6bbd833e99ee3f14d67,Snowboard,Ohne Beschraenkung (Betriebstage nicht bestaetigt),10:00-12:00|14:00-16:00,30.09 screenshot 20-38-46 exact beginner/advanced period; variant not selected,UNMAPPED_NOT_LIVE_NOT_BOOKABLE
weekday,2026-11-30,2026-12-01,2026-12-04,,Snowboard Fortgeschritten,5249|5262|5271|5279|5290,120min:10,UNMAPPED,UNMAPPED,CANDIDATE_NOT_LIVE_NOT_BOOKABLE,2026-09-30,b5db33ab54a9c9565edd6541461a3b982afc4a5f78ded6bbd833e99ee3f14d67,Snowboard,Ohne Beschraenkung (Betriebstage nicht bestaetigt),10:00-12:00|14:00-16:00,30.09 screenshot 20-38-46 exact beginner/advanced period; variant not selected,UNMAPPED_NOT_LIVE_NOT_BOOKABLE
weekday,2026-12-07,2026-12-07,2026-12-11,,Ski Blauer König/Königin,5253|5258|5267|5278|5284|5294,120min:13;240min:13,UNMAPPED,UNMAPPED,CANDIDATE_NOT_LIVE_NOT_BOOKABLE,2026-09-30,b5db33ab54a9c9565edd6541461a3b982afc4a5f78ded6bbd833e99ee3f14d67,Ski,Mo-Fr,10:00-12:00|14:00-16:00,30.09 screenshot 20-38-37 Ski main period; individual activity not selected,UNMAPPED_NOT_LIVE_NOT_BOOKABLE
weekday,2026-12-07,2026-12-07,2026-12-11,,Ski Blauer Prinz/Prinzessin,5253|5258|5267|5278|5284|5294,120min:13;240min:13,UNMAPPED,UNMAPPED,CANDIDATE_NOT_LIVE_NOT_BOOKABLE,2026-09-30,b5db33ab54a9c9565edd6541461a3b982afc4a5f78ded6bbd833e99ee3f14d67,Ski,Mo-Fr,10:00-12:00|14:00-16:00,30.09 screenshot 20-38-37 Ski main period; individual activity not selected,UNMAPPED_NOT_LIVE_NOT_BOOKABLE
weekday,2026-12-07,2026-12-07,2026-12-11,,Ski Blauer Star,5253|5258|5267|5278|5284|5294,120min:13;240min:13,UNMAPPED,UNMAPPED,CANDIDATE_NOT_LIVE_NOT_BOOKABLE,2026-09-30,b5db33ab54a9c9565edd6541461a3b982afc4a5f78ded6bbd833e99ee3f14d67,Ski,Mo-Fr,10:00-12:00|14:00-16:00,30.09 screenshot 20-38-37 Ski main period; individual activity not selected,UNMAPPED_NOT_LIVE_NOT_BOOKABLE
weekday,2026-12-07,2026-12-07,2026-12-11,,Ski Erwachsene Anfänger,5247|5259|5269|5277|5287|5296,120min:13;240min:13,UNMAPPED,UNMAPPED,CANDIDATE_NOT_LIVE_NOT_BOOKABLE,2026-09-30,b5db33ab54a9c9565edd6541461a3b982afc4a5f78ded6bbd833e99ee3f14d67,Ski,Mo-Fr,10:00-12:00|14:00-16:00,30.09 screenshot 20-38-37 Ski main period; individual activity not selected,UNMAPPED_NOT_LIVE_NOT_BOOKABLE
weekday,2026-12-07,2026-12-07,2026-12-11,,Ski Erwachsene Fortgeschritten,5247|5259|5269|5277|5287|5296,120min:13;240min:13,UNMAPPED,UNMAPPED,CANDIDATE_NOT_LIVE_NOT_BOOKABLE,2026-09-30,b5db33ab54a9c9565edd6541461a3b982afc4a5f78ded6bbd833e99ee3f14d67,Ski,Mo-Fr,10:00-12:00|14:00-16:00,30.09 screenshot 20-38-37 Ski main period; individual activity not selected,UNMAPPED_NOT_LIVE_NOT_BOOKABLE
weekday,2026-12-07,2026-12-07,2026-12-11,,Ski Erwachsene Wiedereinsteiger,5255,120min:13,UNMAPPED,UNMAPPED,CANDIDATE_NOT_LIVE_NOT_BOOKABLE,2026-09-30,b5db33ab54a9c9565edd6541461a3b982afc4a5f78ded6bbd833e99ee3f14d67,Ski,Mo-Fr,10:00-12:00|14:00-16:00,30.09 screenshot 20-38-37 Ski main period; individual activity not selected,UNMAPPED_NOT_LIVE_NOT_BOOKABLE
weekday,2026-12-07,2026-12-07,2026-12-11,,Ski Kinder Fortgeschritten,5278,240min:13,UNMAPPED,UNMAPPED,CANDIDATE_NOT_LIVE_NOT_BOOKABLE,2026-09-30,b5db33ab54a9c9565edd6541461a3b982afc4a5f78ded6bbd833e99ee3f14d67,Ski,Mo-Fr,10:00-12:00|14:00-16:00,30.09 screenshot 20-38-37 Ski main period; individual activity not selected,UNMAPPED_NOT_LIVE_NOT_BOOKABLE
weekday,2026-12-07,2026-12-07,2026-12-11,,Ski Roter König/Königin,5253|5258|5267|5278|5284|5294,120min:13;240min:13,UNMAPPED,UNMAPPED,CANDIDATE_NOT_LIVE_NOT_BOOKABLE,2026-09-30,b5db33ab54a9c9565edd6541461a3b982afc4a5f78ded6bbd833e99ee3f14d67,Ski,Mo-Fr,10:00-12:00|14:00-16:00,30.09 screenshot 20-38-37 Ski main period; individual activity not selected,UNMAPPED_NOT_LIVE_NOT_BOOKABLE
weekday,2026-12-07,2026-12-07,2026-12-11,,Ski Roter Prinz/Prinzessin,5253|5258|5267|5278|5284|5294,120min:13;240min:13,UNMAPPED,UNMAPPED,CANDIDATE_NOT_LIVE_NOT_BOOKABLE,2026-09-30,b5db33ab54a9c9565edd6541461a3b982afc4a5f78ded6bbd833e99ee3f14d67,Ski,Mo-Fr,10:00-12:00|14:00-16:00,30.09 screenshot 20-38-37 Ski main period; individual activity not selected,UNMAPPED_NOT_LIVE_NOT_BOOKABLE
weekday,2026-12-07,2026-12-07,2026-12-11,,Ski Roter Star,5253|5258|5267|5278|5284|5294,120min:13;240min:13,UNMAPPED,UNMAPPED,CANDIDATE_NOT_LIVE_NOT_BOOKABLE,2026-09-30,b5db33ab54a9c9565edd6541461a3b982afc4a5f78ded6bbd833e99ee3f14d67,Ski,Mo-Fr,10:00-12:00|14:00-16:00,30.09 screenshot 20-38-37 Ski main period; individual activity not selected,UNMAPPED_NOT_LIVE_NOT_BOOKABLE
weekday,2026-12-07,2026-12-07,2026-12-11,,Ski Schwarzer König/Königin,5278,240min:13,UNMAPPED,UNMAPPED,CANDIDATE_NOT_LIVE_NOT_BOOKABLE,2026-09-30,b5db33ab54a9c9565edd6541461a3b982afc4a5f78ded6bbd833e99ee3f14d67,Ski,Mo-Fr,10:00-12:00|14:00-16:00,30.09 screenshot 20-38-37 Ski main period; individual activity not selected,UNMAPPED_NOT_LIVE_NOT_BOOKABLE
weekday,2026-12-07,2026-12-07,2026-12-11,,Ski Schwarzer Prinz/Prinzessin,5253|5258|5267|5278|5284|5294,120min:13;240min:13,UNMAPPED,UNMAPPED,CANDIDATE_NOT_LIVE_NOT_BOOKABLE,2026-09-30,b5db33ab54a9c9565edd6541461a3b982afc4a5f78ded6bbd833e99ee3f14d67,Ski,Mo-Fr,10:00-12:00|14:00-16:00,30.09 screenshot 20-38-37 Ski main period; individual activity not selected,UNMAPPED_NOT_LIVE_NOT_BOOKABLE
weekday,2026-12-07,2026-12-07,2026-12-11,,Ski Swiss Snow Academy,5253|5258|5267|5278|5284|5294,120min:13;240min:13,UNMAPPED,UNMAPPED,CANDIDATE_NOT_LIVE_NOT_BOOKABLE,2026-09-30,b5db33ab54a9c9565edd6541461a3b982afc4a5f78ded6bbd833e99ee3f14d67,Ski,Mo-Fr,10:00-12:00|14:00-16:00,30.09 screenshot 20-38-37 Ski main period; individual activity not selected,UNMAPPED_NOT_LIVE_NOT_BOOKABLE
weekday,2026-12-07,2026-12-07,2026-12-11,,Ski Swiss Snow Kids Village,5253|5258|5267|5278|5284|5288|5294,120min:13/8;240min:13,UNMAPPED,UNMAPPED,CANDIDATE_NOT_LIVE_NOT_BOOKABLE,2026-09-30,b5db33ab54a9c9565edd6541461a3b982afc4a5f78ded6bbd833e99ee3f14d67,Ski,Mo-Fr,10:00-12:00|14:00-16:00,30.09 screenshot 20-38-37 Ski main period; individual activity not selected,UNMAPPED_NOT_LIVE_NOT_BOOKABLE
weekday,2026-12-07,2026-12-07,2026-12-11,,Ski Windel-Wedelkurs,5254|5263|5273|5281|5288,120min:8,UNMAPPED,UNMAPPED,CANDIDATE_NOT_LIVE_NOT_BOOKABLE,2026-09-30,b5db33ab54a9c9565edd6541461a3b982afc4a5f78ded6bbd833e99ee3f14d67,Ski,Mo-Fr,10:00-12:00,30.09 screenshot 20-38-11 exact activity,UNMAPPED_NOT_LIVE_NOT_BOOKABLE
weekday,2026-12-07,2026-12-07,2026-12-11,,Snowboard Anfänger,5249|5262|5271|5279|5290,120min:10,UNMAPPED,UNMAPPED,CANDIDATE_NOT_LIVE_NOT_BOOKABLE,2026-09-30,b5db33ab54a9c9565edd6541461a3b982afc4a5f78ded6bbd833e99ee3f14d67,Snowboard,Ohne Beschraenkung (Betriebstage nicht bestaetigt),10:00-12:00|14:00-16:00,30.09 screenshot 20-38-46 exact beginner/advanced period; variant not selected,UNMAPPED_NOT_LIVE_NOT_BOOKABLE
weekday,2026-12-07,2026-12-07,2026-12-11,,Snowboard Fortgeschritten,5249|5262|5271|5279|5290,120min:10,UNMAPPED,UNMAPPED,CANDIDATE_NOT_LIVE_NOT_BOOKABLE,2026-09-30,b5db33ab54a9c9565edd6541461a3b982afc4a5f78ded6bbd833e99ee3f14d67,Snowboard,Ohne Beschraenkung (Betriebstage nicht bestaetigt),10:00-12:00|14:00-16:00,30.09 screenshot 20-38-46 exact beginner/advanced period; variant not selected,UNMAPPED_NOT_LIVE_NOT_BOOKABLE
weekday,2026-12-14,2026-12-14,2026-12-18,,Ski Blauer König/Königin,5253|5258|5267|5278|5284|5294,120min:13;240min:13,UNMAPPED,UNMAPPED,CANDIDATE_NOT_LIVE_NOT_BOOKABLE,2026-09-30,b5db33ab54a9c9565edd6541461a3b982afc4a5f78ded6bbd833e99ee3f14d67,Ski,Mo-Fr,10:00-12:00|14:00-16:00,30.09 screenshot 20-38-37 Ski main period; individual activity not selected,UNMAPPED_NOT_LIVE_NOT_BOOKABLE
weekday,2026-12-14,2026-12-14,2026-12-18,,Ski Blauer Prinz/Prinzessin,5253|5258|5267|5278|5284|5294,120min:13;240min:13,UNMAPPED,UNMAPPED,CANDIDATE_NOT_LIVE_NOT_BOOKABLE,2026-09-30,b5db33ab54a9c9565edd6541461a3b982afc4a5f78ded6bbd833e99ee3f14d67,Ski,Mo-Fr,10:00-12:00|14:00-16:00,30.09 screenshot 20-38-37 Ski main period; individual activity not selected,UNMAPPED_NOT_LIVE_NOT_BOOKABLE
weekday,2026-12-14,2026-12-14,2026-12-18,,Ski Blauer Star,5253|5258|5267|5278|5284|5294,120min:13;240min:13,UNMAPPED,UNMAPPED,CANDIDATE_NOT_LIVE_NOT_BOOKABLE,2026-09-30,b5db33ab54a9c9565edd6541461a3b982afc4a5f78ded6bbd833e99ee3f14d67,Ski,Mo-Fr,10:00-12:00|14:00-16:00,30.09 screenshot 20-38-37 Ski main period; individual activity not selected,UNMAPPED_NOT_LIVE_NOT_BOOKABLE
weekday,2026-12-14,2026-12-14,2026-12-18,,Ski Erwachsene Anfänger,5247|5259|5269|5277|5287|5296,120min:13;240min:13,UNMAPPED,UNMAPPED,CANDIDATE_NOT_LIVE_NOT_BOOKABLE,2026-09-30,b5db33ab54a9c9565edd6541461a3b982afc4a5f78ded6bbd833e99ee3f14d67,Ski,Mo-Fr,10:00-12:00|14:00-16:00,30.09 screenshot 20-38-37 Ski main period; individual activity not selected,UNMAPPED_NOT_LIVE_NOT_BOOKABLE
weekday,2026-12-14,2026-12-14,2026-12-18,,Ski Erwachsene Fortgeschritten,5247|5259|5269|5277|5287|5296,120min:13;240min:13,UNMAPPED,UNMAPPED,CANDIDATE_NOT_LIVE_NOT_BOOKABLE,2026-09-30,b5db33ab54a9c9565edd6541461a3b982afc4a5f78ded6bbd833e99ee3f14d67,Ski,Mo-Fr,10:00-12:00|14:00-16:00,30.09 screenshot 20-38-37 Ski main period; individual activity not selected,UNMAPPED_NOT_LIVE_NOT_BOOKABLE
weekday,2026-12-14,2026-12-14,2026-12-18,,Ski Erwachsene Wiedereinsteiger,5255,120min:13,UNMAPPED,UNMAPPED,CANDIDATE_NOT_LIVE_NOT_BOOKABLE,2026-09-30,b5db33ab54a9c9565edd6541461a3b982afc4a5f78ded6bbd833e99ee3f14d67,Ski,Mo-Fr,10:00-12:00|14:00-16:00,30.09 screenshot 20-38-37 Ski main period; individual activity not selected,UNMAPPED_NOT_LIVE_NOT_BOOKABLE
weekday,2026-12-14,2026-12-14,2026-12-18,,Ski Kinder Fortgeschritten,5278,240min:13,UNMAPPED,UNMAPPED,CANDIDATE_NOT_LIVE_NOT_BOOKABLE,2026-09-30,b5db33ab54a9c9565edd6541461a3b982afc4a5f78ded6bbd833e99ee3f14d67,Ski,Mo-Fr,10:00-12:00|14:00-16:00,30.09 screenshot 20-38-37 Ski main period; individual activity not selected,UNMAPPED_NOT_LIVE_NOT_BOOKABLE
weekday,2026-12-14,2026-12-14,2026-12-18,,Ski Roter König/Königin,5253|5258|5267|5278|5284|5294,120min:13;240min:13,UNMAPPED,UNMAPPED,CANDIDATE_NOT_LIVE_NOT_BOOKABLE,2026-09-30,b5db33ab54a9c9565edd6541461a3b982afc4a5f78ded6bbd833e99ee3f14d67,Ski,Mo-Fr,10:00-12:00|14:00-16:00,30.09 screenshot 20-38-37 Ski main period; individual activity not selected,UNMAPPED_NOT_LIVE_NOT_BOOKABLE
weekday,2026-12-14,2026-12-14,2026-12-18,,Ski Roter Prinz/Prinzessin,5253|5258|5267|5278|5284|5294,120min:13;240min:13,UNMAPPED,UNMAPPED,CANDIDATE_NOT_LIVE_NOT_BOOKABLE,2026-09-30,b5db33ab54a9c9565edd6541461a3b982afc4a5f78ded6bbd833e99ee3f14d67,Ski,Mo-Fr,10:00-12:00|14:00-16:00,30.09 screenshot 20-38-37 Ski main period; individual activity not selected,UNMAPPED_NOT_LIVE_NOT_BOOKABLE
weekday,2026-12-14,2026-12-14,2026-12-18,,Ski Roter Star,5253|5258|5267|5278|5284|5294,120min:13;240min:13,UNMAPPED,UNMAPPED,CANDIDATE_NOT_LIVE_NOT_BOOKABLE,2026-09-30,b5db33ab54a9c9565edd6541461a3b982afc4a5f78ded6bbd833e99ee3f14d67,Ski,Mo-Fr,10:00-12:00|14:00-16:00,30.09 screenshot 20-38-37 Ski main period; individual activity not selected,UNMAPPED_NOT_LIVE_NOT_BOOKABLE
weekday,2026-12-14,2026-12-14,2026-12-18,,Ski Schwarzer König/Königin,5278,240min:13,UNMAPPED,UNMAPPED,CANDIDATE_NOT_LIVE_NOT_BOOKABLE,2026-09-30,b5db33ab54a9c9565edd6541461a3b982afc4a5f78ded6bbd833e99ee3f14d67,Ski,Mo-Fr,10:00-12:00|14:00-16:00,30.09 screenshot 20-38-37 Ski main period; individual activity not selected,UNMAPPED_NOT_LIVE_NOT_BOOKABLE
weekday,2026-12-14,2026-12-14,2026-12-18,,Ski Schwarzer Prinz/Prinzessin,5253|5258|5267|5278|5284|5294,120min:13;240min:13,UNMAPPED,UNMAPPED,CANDIDATE_NOT_LIVE_NOT_BOOKABLE,2026-09-30,b5db33ab54a9c9565edd6541461a3b982afc4a5f78ded6bbd833e99ee3f14d67,Ski,Mo-Fr,10:00-12:00|14:00-16:00,30.09 screenshot 20-38-37 Ski main period; individual activity not selected,UNMAPPED_NOT_LIVE_NOT_BOOKABLE
weekday,2026-12-14,2026-12-14,2026-12-18,,Ski Swiss Snow Academy,5253|5258|5267|5278|5284|5294,120min:13;240min:13,UNMAPPED,UNMAPPED,CANDIDATE_NOT_LIVE_NOT_BOOKABLE,2026-09-30,b5db33ab54a9c9565edd6541461a3b982afc4a5f78ded6bbd833e99ee3f14d67,Ski,Mo-Fr,10:00-12:00|14:00-16:00,30.09 screenshot 20-38-37 Ski main period; individual activity not selected,UNMAPPED_NOT_LIVE_NOT_BOOKABLE
weekday,2026-12-14,2026-12-14,2026-12-18,,Ski Swiss Snow Kids Village,5253|5258|5267|5278|5284|5288|5294,120min:13/8;240min:13,UNMAPPED,UNMAPPED,CANDIDATE_NOT_LIVE_NOT_BOOKABLE,2026-09-30,b5db33ab54a9c9565edd6541461a3b982afc4a5f78ded6bbd833e99ee3f14d67,Ski,Mo-Fr,10:00-12:00|14:00-16:00,30.09 screenshot 20-38-37 Ski main period; individual activity not selected,UNMAPPED_NOT_LIVE_NOT_BOOKABLE
weekday,2026-12-14,2026-12-14,2026-12-18,,Ski Windel-Wedelkurs,5254|5263|5273|5281|5288,120min:8,UNMAPPED,UNMAPPED,CANDIDATE_NOT_LIVE_NOT_BOOKABLE,2026-09-30,b5db33ab54a9c9565edd6541461a3b982afc4a5f78ded6bbd833e99ee3f14d67,Ski,Mo-Fr,10:00-12:00,30.09 screenshot 20-38-11 exact activity,UNMAPPED_NOT_LIVE_NOT_BOOKABLE
weekday,2026-12-14,2026-12-14,2026-12-18,,Snowboard Anfänger,5249|5262|5271|5279|5290,120min:10,UNMAPPED,UNMAPPED,CANDIDATE_NOT_LIVE_NOT_BOOKABLE,2026-09-30,b5db33ab54a9c9565edd6541461a3b982afc4a5f78ded6bbd833e99ee3f14d67,Snowboard,Ohne Beschraenkung (Betriebstage nicht bestaetigt),10:00-12:00|14:00-16:00,30.09 screenshot 20-38-46 exact beginner/advanced period; variant not selected,UNMAPPED_NOT_LIVE_NOT_BOOKABLE
weekday,2026-12-14,2026-12-14,2026-12-18,,Snowboard Fortgeschritten,5249|5262|5271|5279|5290,120min:10,UNMAPPED,UNMAPPED,CANDIDATE_NOT_LIVE_NOT_BOOKABLE,2026-09-30,b5db33ab54a9c9565edd6541461a3b982afc4a5f78ded6bbd833e99ee3f14d67,Snowboard,Ohne Beschraenkung (Betriebstage nicht bestaetigt),10:00-12:00|14:00-16:00,30.09 screenshot 20-38-46 exact beginner/advanced period; variant not selected,UNMAPPED_NOT_LIVE_NOT_BOOKABLE
weekday,2026-12-21,2026-12-21,2026-12-25,,Ski Blauer König/Königin,5253|5258|5267|5278|5284|5294,120min:13;240min:13,UNMAPPED,UNMAPPED,CANDIDATE_NOT_LIVE_NOT_BOOKABLE,2026-09-30,b5db33ab54a9c9565edd6541461a3b982afc4a5f78ded6bbd833e99ee3f14d67,Ski,Mo-Fr,10:00-12:00|14:00-16:00,30.09 screenshot 20-38-37 Ski main period; individual activity not selected,UNMAPPED_NOT_LIVE_NOT_BOOKABLE
weekday,2026-12-21,2026-12-21,2026-12-25,,Ski Blauer Prinz/Prinzessin,5253|5258|5267|5278|5284|5294,120min:13;240min:13,UNMAPPED,UNMAPPED,CANDIDATE_NOT_LIVE_NOT_BOOKABLE,2026-09-30,b5db33ab54a9c9565edd6541461a3b982afc4a5f78ded6bbd833e99ee3f14d67,Ski,Mo-Fr,10:00-12:00|14:00-16:00,30.09 screenshot 20-38-37 Ski main period; individual activity not selected,UNMAPPED_NOT_LIVE_NOT_BOOKABLE
weekday,2026-12-21,2026-12-21,2026-12-25,,Ski Blauer Star,5253|5258|5267|5278|5284|5294,120min:13;240min:13,UNMAPPED,UNMAPPED,CANDIDATE_NOT_LIVE_NOT_BOOKABLE,2026-09-30,b5db33ab54a9c9565edd6541461a3b982afc4a5f78ded6bbd833e99ee3f14d67,Ski,Mo-Fr,10:00-12:00|14:00-16:00,30.09 screenshot 20-38-37 Ski main period; individual activity not selected,UNMAPPED_NOT_LIVE_NOT_BOOKABLE
weekday,2026-12-21,2026-12-21,2026-12-25,,Ski Erwachsene Anfänger,5247|5259|5269|5277|5287|5296,120min:13;240min:13,UNMAPPED,UNMAPPED,CANDIDATE_NOT_LIVE_NOT_BOOKABLE,2026-09-30,b5db33ab54a9c9565edd6541461a3b982afc4a5f78ded6bbd833e99ee3f14d67,Ski,Mo-Fr,10:00-12:00|14:00-16:00,30.09 screenshot 20-38-37 Ski main period; individual activity not selected,UNMAPPED_NOT_LIVE_NOT_BOOKABLE
weekday,2026-12-21,2026-12-21,2026-12-25,,Ski Erwachsene Fortgeschritten,5247|5259|5269|5277|5287|5296,120min:13;240min:13,UNMAPPED,UNMAPPED,CANDIDATE_NOT_LIVE_NOT_BOOKABLE,2026-09-30,b5db33ab54a9c9565edd6541461a3b982afc4a5f78ded6bbd833e99ee3f14d67,Ski,Mo-Fr,10:00-12:00|14:00-16:00,30.09 screenshot 20-38-37 Ski main period; individual activity not selected,UNMAPPED_NOT_LIVE_NOT_BOOKABLE
weekday,2026-12-21,2026-12-21,2026-12-25,,Ski Erwachsene Wiedereinsteiger,5255,120min:13,UNMAPPED,UNMAPPED,CANDIDATE_NOT_LIVE_NOT_BOOKABLE,2026-09-30,b5db33ab54a9c9565edd6541461a3b982afc4a5f78ded6bbd833e99ee3f14d67,Ski,Mo-Fr,10:00-12:00|14:00-16:00,30.09 screenshot 20-38-37 Ski main period; individual activity not selected,UNMAPPED_NOT_LIVE_NOT_BOOKABLE
weekday,2026-12-21,2026-12-21,2026-12-25,,Ski Kinder Fortgeschritten,5278,240min:13,UNMAPPED,UNMAPPED,CANDIDATE_NOT_LIVE_NOT_BOOKABLE,2026-09-30,b5db33ab54a9c9565edd6541461a3b982afc4a5f78ded6bbd833e99ee3f14d67,Ski,Mo-Fr,10:00-12:00|14:00-16:00,30.09 screenshot 20-38-37 Ski main period; individual activity not selected,UNMAPPED_NOT_LIVE_NOT_BOOKABLE
weekday,2026-12-21,2026-12-21,2026-12-25,,Ski Roter König/Königin,5253|5258|5267|5278|5284|5294,120min:13;240min:13,UNMAPPED,UNMAPPED,CANDIDATE_NOT_LIVE_NOT_BOOKABLE,2026-09-30,b5db33ab54a9c9565edd6541461a3b982afc4a5f78ded6bbd833e99ee3f14d67,Ski,Mo-Fr,10:00-12:00|14:00-16:00,30.09 screenshot 20-38-37 Ski main period; individual activity not selected,UNMAPPED_NOT_LIVE_NOT_BOOKABLE
weekday,2026-12-21,2026-12-21,2026-12-25,,Ski Roter Prinz/Prinzessin,5253|5258|5267|5278|5284|5294,120min:13;240min:13,UNMAPPED,UNMAPPED,CANDIDATE_NOT_LIVE_NOT_BOOKABLE,2026-09-30,b5db33ab54a9c9565edd6541461a3b982afc4a5f78ded6bbd833e99ee3f14d67,Ski,Mo-Fr,10:00-12:00|14:00-16:00,30.09 screenshot 20-38-37 Ski main period; individual activity not selected,UNMAPPED_NOT_LIVE_NOT_BOOKABLE
weekday,2026-12-21,2026-12-21,2026-12-25,,Ski Roter Star,5253|5258|5267|5278|5284|5294,120min:13;240min:13,UNMAPPED,UNMAPPED,CANDIDATE_NOT_LIVE_NOT_BOOKABLE,2026-09-30,b5db33ab54a9c9565edd6541461a3b982afc4a5f78ded6bbd833e99ee3f14d67,Ski,Mo-Fr,10:00-12:00|14:00-16:00,30.09 screenshot 20-38-37 Ski main period; individual activity not selected,UNMAPPED_NOT_LIVE_NOT_BOOKABLE
weekday,2026-12-21,2026-12-21,2026-12-25,,Ski Schwarzer König/Königin,5278,240min:13,UNMAPPED,UNMAPPED,CANDIDATE_NOT_LIVE_NOT_BOOKABLE,2026-09-30,b5db33ab54a9c9565edd6541461a3b982afc4a5f78ded6bbd833e99ee3f14d67,Ski,Mo-Fr,10:00-12:00|14:00-16:00,30.09 screenshot 20-38-37 Ski main period; individual activity not selected,UNMAPPED_NOT_LIVE_NOT_BOOKABLE
weekday,2026-12-21,2026-12-21,2026-12-25,,Ski Schwarzer Prinz/Prinzessin,5253|5258|5267|5278|5284|5294,120min:13;240min:13,UNMAPPED,UNMAPPED,CANDIDATE_NOT_LIVE_NOT_BOOKABLE,2026-09-30,b5db33ab54a9c9565edd6541461a3b982afc4a5f78ded6bbd833e99ee3f14d67,Ski,Mo-Fr,10:00-12:00|14:00-16:00,30.09 screenshot 20-38-37 Ski main period; individual activity not selected,UNMAPPED_NOT_LIVE_NOT_BOOKABLE
weekday,2026-12-21,2026-12-21,2026-12-25,,Ski Swiss Snow Academy,5253|5258|5267|5278|5284|5294,120min:13;240min:13,UNMAPPED,UNMAPPED,CANDIDATE_NOT_LIVE_NOT_BOOKABLE,2026-09-30,b5db33ab54a9c9565edd6541461a3b982afc4a5f78ded6bbd833e99ee3f14d67,Ski,Mo-Fr,10:00-12:00|14:00-16:00,30.09 screenshot 20-38-37 Ski main period; individual activity not selected,UNMAPPED_NOT_LIVE_NOT_BOOKABLE
weekday,2026-12-21,2026-12-21,2026-12-25,,Ski Swiss Snow Kids Village,5253|5258|5267|5278|5284|5288|5294,120min:13/8;240min:13,UNMAPPED,UNMAPPED,CANDIDATE_NOT_LIVE_NOT_BOOKABLE,2026-09-30,b5db33ab54a9c9565edd6541461a3b982afc4a5f78ded6bbd833e99ee3f14d67,Ski,Mo-Fr,10:00-12:00|14:00-16:00,30.09 screenshot 20-38-37 Ski main period; individual activity not selected,UNMAPPED_NOT_LIVE_NOT_BOOKABLE
weekday,2026-12-21,2026-12-21,2026-12-25,,Ski Windel-Wedelkurs,5254|5263|5273|5281|5288,120min:8,UNMAPPED,UNMAPPED,CANDIDATE_NOT_LIVE_NOT_BOOKABLE,2026-09-30,b5db33ab54a9c9565edd6541461a3b982afc4a5f78ded6bbd833e99ee3f14d67,Ski,Mo-Fr,10:00-12:00,30.09 screenshot 20-38-11 exact activity,UNMAPPED_NOT_LIVE_NOT_BOOKABLE
weekday,2026-12-21,2026-12-21,2026-12-25,,Snowboard Anfänger,5249|5262|5271|5279|5290,120min:10,UNMAPPED,UNMAPPED,CANDIDATE_NOT_LIVE_NOT_BOOKABLE,2026-09-30,b5db33ab54a9c9565edd6541461a3b982afc4a5f78ded6bbd833e99ee3f14d67,Snowboard,Ohne Beschraenkung (Betriebstage nicht bestaetigt),10:00-12:00|14:00-16:00,30.09 screenshot 20-38-46 exact beginner/advanced period; variant not selected,UNMAPPED_NOT_LIVE_NOT_BOOKABLE
weekday,2026-12-21,2026-12-21,2026-12-25,,Snowboard Fortgeschritten,5249|5262|5271|5279|5290,120min:10,UNMAPPED,UNMAPPED,CANDIDATE_NOT_LIVE_NOT_BOOKABLE,2026-09-30,b5db33ab54a9c9565edd6541461a3b982afc4a5f78ded6bbd833e99ee3f14d67,Snowboard,Ohne Beschraenkung (Betriebstage nicht bestaetigt),10:00-12:00|14:00-16:00,30.09 screenshot 20-38-46 exact beginner/advanced period; variant not selected,UNMAPPED_NOT_LIVE_NOT_BOOKABLE
weekday,2026-12-28,2026-12-28,2027-01-01,,Ski Blauer König/Königin,5253|5258|5267|5278|5284|5294,120min:13;240min:13,UNMAPPED,UNMAPPED,CANDIDATE_NOT_LIVE_NOT_BOOKABLE,2026-09-30,b5db33ab54a9c9565edd6541461a3b982afc4a5f78ded6bbd833e99ee3f14d67,Ski,Mo-Fr,10:00-12:00|14:00-16:00,30.09 screenshot 20-38-37 Ski main period; individual activity not selected,UNMAPPED_NOT_LIVE_NOT_BOOKABLE
weekday,2026-12-28,2026-12-28,2027-01-01,,Ski Blauer Prinz/Prinzessin,5253|5258|5267|5278|5284|5294,120min:13;240min:13,UNMAPPED,UNMAPPED,CANDIDATE_NOT_LIVE_NOT_BOOKABLE,2026-09-30,b5db33ab54a9c9565edd6541461a3b982afc4a5f78ded6bbd833e99ee3f14d67,Ski,Mo-Fr,10:00-12:00|14:00-16:00,30.09 screenshot 20-38-37 Ski main period; individual activity not selected,UNMAPPED_NOT_LIVE_NOT_BOOKABLE
weekday,2026-12-28,2026-12-28,2027-01-01,,Ski Blauer Star,5253|5258|5267|5278|5284|5294,120min:13;240min:13,UNMAPPED,UNMAPPED,CANDIDATE_NOT_LIVE_NOT_BOOKABLE,2026-09-30,b5db33ab54a9c9565edd6541461a3b982afc4a5f78ded6bbd833e99ee3f14d67,Ski,Mo-Fr,10:00-12:00|14:00-16:00,30.09 screenshot 20-38-37 Ski main period; individual activity not selected,UNMAPPED_NOT_LIVE_NOT_BOOKABLE
weekday,2026-12-28,2026-12-28,2027-01-01,,Ski Erwachsene Anfänger,5247|5259|5269|5277|5287|5296,120min:13;240min:13,UNMAPPED,UNMAPPED,CANDIDATE_NOT_LIVE_NOT_BOOKABLE,2026-09-30,b5db33ab54a9c9565edd6541461a3b982afc4a5f78ded6bbd833e99ee3f14d67,Ski,Mo-Fr,10:00-12:00|14:00-16:00,30.09 screenshot 20-38-37 Ski main period; individual activity not selected,UNMAPPED_NOT_LIVE_NOT_BOOKABLE
weekday,2026-12-28,2026-12-28,2027-01-01,,Ski Erwachsene Fortgeschritten,5247|5259|5269|5277|5287|5296,120min:13;240min:13,UNMAPPED,UNMAPPED,CANDIDATE_NOT_LIVE_NOT_BOOKABLE,2026-09-30,b5db33ab54a9c9565edd6541461a3b982afc4a5f78ded6bbd833e99ee3f14d67,Ski,Mo-Fr,10:00-12:00|14:00-16:00,30.09 screenshot 20-38-37 Ski main period; individual activity not selected,UNMAPPED_NOT_LIVE_NOT_BOOKABLE
weekday,2026-12-28,2026-12-28,2027-01-01,,Ski Erwachsene Wiedereinsteiger,5255,120min:13,UNMAPPED,UNMAPPED,CANDIDATE_NOT_LIVE_NOT_BOOKABLE,2026-09-30,b5db33ab54a9c9565edd6541461a3b982afc4a5f78ded6bbd833e99ee3f14d67,Ski,Mo-Fr,10:00-12:00|14:00-16:00,30.09 screenshot 20-38-37 Ski main period; individual activity not selected,UNMAPPED_NOT_LIVE_NOT_BOOKABLE
weekday,2026-12-28,2026-12-28,2027-01-01,,Ski Kinder Fortgeschritten,5278,240min:13,UNMAPPED,UNMAPPED,CANDIDATE_NOT_LIVE_NOT_BOOKABLE,2026-09-30,b5db33ab54a9c9565edd6541461a3b982afc4a5f78ded6bbd833e99ee3f14d67,Ski,Mo-Fr,10:00-12:00|14:00-16:00,30.09 screenshot 20-38-37 Ski main period; individual activity not selected,UNMAPPED_NOT_LIVE_NOT_BOOKABLE
weekday,2026-12-28,2026-12-28,2027-01-01,,Ski Roter König/Königin,5253|5258|5267|5278|5284|5294,120min:13;240min:13,UNMAPPED,UNMAPPED,CANDIDATE_NOT_LIVE_NOT_BOOKABLE,2026-09-30,b5db33ab54a9c9565edd6541461a3b982afc4a5f78ded6bbd833e99ee3f14d67,Ski,Mo-Fr,10:00-12:00|14:00-16:00,30.09 screenshot 20-38-37 Ski main period; individual activity not selected,UNMAPPED_NOT_LIVE_NOT_BOOKABLE
weekday,2026-12-28,2026-12-28,2027-01-01,,Ski Roter Prinz/Prinzessin,5253|5258|5267|5278|5284|5294,120min:13;240min:13,UNMAPPED,UNMAPPED,CANDIDATE_NOT_LIVE_NOT_BOOKABLE,2026-09-30,b5db33ab54a9c9565edd6541461a3b982afc4a5f78ded6bbd833e99ee3f14d67,Ski,Mo-Fr,10:00-12:00|14:00-16:00,30.09 screenshot 20-38-37 Ski main period; individual activity not selected,UNMAPPED_NOT_LIVE_NOT_BOOKABLE
weekday,2026-12-28,2026-12-28,2027-01-01,,Ski Roter Star,5253|5258|5267|5278|5284|5294,120min:13;240min:13,UNMAPPED,UNMAPPED,CANDIDATE_NOT_LIVE_NOT_BOOKABLE,2026-09-30,b5db33ab54a9c9565edd6541461a3b982afc4a5f78ded6bbd833e99ee3f14d67,Ski,Mo-Fr,10:00-12:00|14:00-16:00,30.09 screenshot 20-38-37 Ski main period; individual activity not selected,UNMAPPED_NOT_LIVE_NOT_BOOKABLE
weekday,2026-12-28,2026-12-28,2027-01-01,,Ski Schwarzer König/Königin,5278,240min:13,UNMAPPED,UNMAPPED,CANDIDATE_NOT_LIVE_NOT_BOOKABLE,2026-09-30,b5db33ab54a9c9565edd6541461a3b982afc4a5f78ded6bbd833e99ee3f14d67,Ski,Mo-Fr,10:00-12:00|14:00-16:00,30.09 screenshot 20-38-37 Ski main period; individual activity not selected,UNMAPPED_NOT_LIVE_NOT_BOOKABLE
weekday,2026-12-28,2026-12-28,2027-01-01,,Ski Schwarzer Prinz/Prinzessin,5253|5258|5267|5278|5284|5294,120min:13;240min:13,UNMAPPED,UNMAPPED,CANDIDATE_NOT_LIVE_NOT_BOOKABLE,2026-09-30,b5db33ab54a9c9565edd6541461a3b982afc4a5f78ded6bbd833e99ee3f14d67,Ski,Mo-Fr,10:00-12:00|14:00-16:00,30.09 screenshot 20-38-37 Ski main period; individual activity not selected,UNMAPPED_NOT_LIVE_NOT_BOOKABLE
weekday,2026-12-28,2026-12-28,2027-01-01,,Ski Swiss Snow Academy,5253|5258|5267|5278|5284|5294,120min:13;240min:13,UNMAPPED,UNMAPPED,CANDIDATE_NOT_LIVE_NOT_BOOKABLE,2026-09-30,b5db33ab54a9c9565edd6541461a3b982afc4a5f78ded6bbd833e99ee3f14d67,Ski,Mo-Fr,10:00-12:00|14:00-16:00,30.09 screenshot 20-38-37 Ski main period; individual activity not selected,UNMAPPED_NOT_LIVE_NOT_BOOKABLE
weekday,2026-12-28,2026-12-28,2027-01-01,,Ski Swiss Snow Kids Village,5253|5258|5267|5278|5284|5288|5294,120min:13/8;240min:13,UNMAPPED,UNMAPPED,CANDIDATE_NOT_LIVE_NOT_BOOKABLE,2026-09-30,b5db33ab54a9c9565edd6541461a3b982afc4a5f78ded6bbd833e99ee3f14d67,Ski,Mo-Fr,10:00-12:00|14:00-16:00,30.09 screenshot 20-38-37 Ski main period; individual activity not selected,UNMAPPED_NOT_LIVE_NOT_BOOKABLE
weekday,2026-12-28,2026-12-28,2027-01-01,,Ski Windel-Wedelkurs,5254|5263|5273|5281|5288,120min:8,UNMAPPED,UNMAPPED,CANDIDATE_NOT_LIVE_NOT_BOOKABLE,2026-09-30,b5db33ab54a9c9565edd6541461a3b982afc4a5f78ded6bbd833e99ee3f14d67,Ski,Mo-Fr,10:00-12:00,30.09 screenshot 20-38-11 exact activity,UNMAPPED_NOT_LIVE_NOT_BOOKABLE
weekday,2026-12-28,2026-12-28,2027-01-01,,Snowboard Anfänger,5249|5262|5271|5279|5290,120min:10,UNMAPPED,UNMAPPED,CANDIDATE_NOT_LIVE_NOT_BOOKABLE,2026-09-30,b5db33ab54a9c9565edd6541461a3b982afc4a5f78ded6bbd833e99ee3f14d67,Snowboard,Ohne Beschraenkung (Betriebstage nicht bestaetigt),10:00-12:00|14:00-16:00,30.09 screenshot 20-38-46 exact beginner/advanced period; variant not selected,UNMAPPED_NOT_LIVE_NOT_BOOKABLE
weekday,2026-12-28,2026-12-28,2027-01-01,,Snowboard Fortgeschritten,5249|5262|5271|5279|5290,120min:10,UNMAPPED,UNMAPPED,CANDIDATE_NOT_LIVE_NOT_BOOKABLE,2026-09-30,b5db33ab54a9c9565edd6541461a3b982afc4a5f78ded6bbd833e99ee3f14d67,Snowboard,Ohne Beschraenkung (Betriebstage nicht bestaetigt),10:00-12:00|14:00-16:00,30.09 screenshot 20-38-46 exact beginner/advanced period; variant not selected,UNMAPPED_NOT_LIVE_NOT_BOOKABLE
weekday,2027-01-04,2027-01-04,2027-01-08,,Ski Blauer König/Königin,5253|5258|5267|5278|5284|5294,120min:13;240min:13,UNMAPPED,UNMAPPED,CANDIDATE_NOT_LIVE_NOT_BOOKABLE,2026-09-30,b5db33ab54a9c9565edd6541461a3b982afc4a5f78ded6bbd833e99ee3f14d67,Ski,Mo-Fr,10:00-12:00|14:00-16:00,30.09 screenshot 20-38-37 Ski main period; individual activity not selected,UNMAPPED_NOT_LIVE_NOT_BOOKABLE
weekday,2027-01-04,2027-01-04,2027-01-08,,Ski Blauer Prinz/Prinzessin,5253|5258|5267|5278|5284|5294,120min:13;240min:13,UNMAPPED,UNMAPPED,CANDIDATE_NOT_LIVE_NOT_BOOKABLE,2026-09-30,b5db33ab54a9c9565edd6541461a3b982afc4a5f78ded6bbd833e99ee3f14d67,Ski,Mo-Fr,10:00-12:00|14:00-16:00,30.09 screenshot 20-38-37 Ski main period; individual activity not selected,UNMAPPED_NOT_LIVE_NOT_BOOKABLE
weekday,2027-01-04,2027-01-04,2027-01-08,,Ski Blauer Star,5253|5258|5267|5278|5284|5294,120min:13;240min:13,UNMAPPED,UNMAPPED,CANDIDATE_NOT_LIVE_NOT_BOOKABLE,2026-09-30,b5db33ab54a9c9565edd6541461a3b982afc4a5f78ded6bbd833e99ee3f14d67,Ski,Mo-Fr,10:00-12:00|14:00-16:00,30.09 screenshot 20-38-37 Ski main period; individual activity not selected,UNMAPPED_NOT_LIVE_NOT_BOOKABLE
weekday,2027-01-04,2027-01-04,2027-01-08,,Ski Erwachsene Anfänger,5247|5259|5269|5277|5287|5296,120min:13;240min:13,UNMAPPED,UNMAPPED,CANDIDATE_NOT_LIVE_NOT_BOOKABLE,2026-09-30,b5db33ab54a9c9565edd6541461a3b982afc4a5f78ded6bbd833e99ee3f14d67,Ski,Mo-Fr,10:00-12:00|14:00-16:00,30.09 screenshot 20-38-37 Ski main period; individual activity not selected,UNMAPPED_NOT_LIVE_NOT_BOOKABLE
weekday,2027-01-04,2027-01-04,2027-01-08,,Ski Erwachsene Fortgeschritten,5247|5259|5269|5277|5287|5296,120min:13;240min:13,UNMAPPED,UNMAPPED,CANDIDATE_NOT_LIVE_NOT_BOOKABLE,2026-09-30,b5db33ab54a9c9565edd6541461a3b982afc4a5f78ded6bbd833e99ee3f14d67,Ski,Mo-Fr,10:00-12:00|14:00-16:00,30.09 screenshot 20-38-37 Ski main period; individual activity not selected,UNMAPPED_NOT_LIVE_NOT_BOOKABLE
weekday,2027-01-04,2027-01-04,2027-01-08,,Ski Erwachsene Wiedereinsteiger,5255,120min:13,UNMAPPED,UNMAPPED,CANDIDATE_NOT_LIVE_NOT_BOOKABLE,2026-09-30,b5db33ab54a9c9565edd6541461a3b982afc4a5f78ded6bbd833e99ee3f14d67,Ski,Mo-Fr,10:00-12:00|14:00-16:00,30.09 screenshot 20-38-37 Ski main period; individual activity not selected,UNMAPPED_NOT_LIVE_NOT_BOOKABLE
weekday,2027-01-04,2027-01-04,2027-01-08,,Ski Kinder Fortgeschritten,5278,240min:13,UNMAPPED,UNMAPPED,CANDIDATE_NOT_LIVE_NOT_BOOKABLE,2026-09-30,b5db33ab54a9c9565edd6541461a3b982afc4a5f78ded6bbd833e99ee3f14d67,Ski,Mo-Fr,10:00-12:00|14:00-16:00,30.09 screenshot 20-38-37 Ski main period; individual activity not selected,UNMAPPED_NOT_LIVE_NOT_BOOKABLE
weekday,2027-01-04,2027-01-04,2027-01-08,,Ski Roter König/Königin,5253|5258|5267|5278|5284|5294,120min:13;240min:13,UNMAPPED,UNMAPPED,CANDIDATE_NOT_LIVE_NOT_BOOKABLE,2026-09-30,b5db33ab54a9c9565edd6541461a3b982afc4a5f78ded6bbd833e99ee3f14d67,Ski,Mo-Fr,10:00-12:00|14:00-16:00,30.09 screenshot 20-38-37 Ski main period; individual activity not selected,UNMAPPED_NOT_LIVE_NOT_BOOKABLE
weekday,2027-01-04,2027-01-04,2027-01-08,,Ski Roter Prinz/Prinzessin,5253|5258|5267|5278|5284|5294,120min:13;240min:13,UNMAPPED,UNMAPPED,CANDIDATE_NOT_LIVE_NOT_BOOKABLE,2026-09-30,b5db33ab54a9c9565edd6541461a3b982afc4a5f78ded6bbd833e99ee3f14d67,Ski,Mo-Fr,10:00-12:00|14:00-16:00,30.09 screenshot 20-38-37 Ski main period; individual activity not selected,UNMAPPED_NOT_LIVE_NOT_BOOKABLE
weekday,2027-01-04,2027-01-04,2027-01-08,,Ski Roter Star,5253|5258|5267|5278|5284|5294,120min:13;240min:13,UNMAPPED,UNMAPPED,CANDIDATE_NOT_LIVE_NOT_BOOKABLE,2026-09-30,b5db33ab54a9c9565edd6541461a3b982afc4a5f78ded6bbd833e99ee3f14d67,Ski,Mo-Fr,10:00-12:00|14:00-16:00,30.09 screenshot 20-38-37 Ski main period; individual activity not selected,UNMAPPED_NOT_LIVE_NOT_BOOKABLE
weekday,2027-01-04,2027-01-04,2027-01-08,,Ski Schwarzer König/Königin,5278,240min:13,UNMAPPED,UNMAPPED,CANDIDATE_NOT_LIVE_NOT_BOOKABLE,2026-09-30,b5db33ab54a9c9565edd6541461a3b982afc4a5f78ded6bbd833e99ee3f14d67,Ski,Mo-Fr,10:00-12:00|14:00-16:00,30.09 screenshot 20-38-37 Ski main period; individual activity not selected,UNMAPPED_NOT_LIVE_NOT_BOOKABLE
weekday,2027-01-04,2027-01-04,2027-01-08,,Ski Schwarzer Prinz/Prinzessin,5253|5258|5267|5278|5284|5294,120min:13;240min:13,UNMAPPED,UNMAPPED,CANDIDATE_NOT_LIVE_NOT_BOOKABLE,2026-09-30,b5db33ab54a9c9565edd6541461a3b982afc4a5f78ded6bbd833e99ee3f14d67,Ski,Mo-Fr,10:00-12:00|14:00-16:00,30.09 screenshot 20-38-37 Ski main period; individual activity not selected,UNMAPPED_NOT_LIVE_NOT_BOOKABLE
weekday,2027-01-04,2027-01-04,2027-01-08,,Ski Swiss Snow Academy,5253|5258|5267|5278|5284|5294,120min:13;240min:13,UNMAPPED,UNMAPPED,CANDIDATE_NOT_LIVE_NOT_BOOKABLE,2026-09-30,b5db33ab54a9c9565edd6541461a3b982afc4a5f78ded6bbd833e99ee3f14d67,Ski,Mo-Fr,10:00-12:00|14:00-16:00,30.09 screenshot 20-38-37 Ski main period; individual activity not selected,UNMAPPED_NOT_LIVE_NOT_BOOKABLE
weekday,2027-01-04,2027-01-04,2027-01-08,,Ski Swiss Snow Kids Village,5253|5258|5267|5278|5284|5288|5294,120min:13/8;240min:13,UNMAPPED,UNMAPPED,CANDIDATE_NOT_LIVE_NOT_BOOKABLE,2026-09-30,b5db33ab54a9c9565edd6541461a3b982afc4a5f78ded6bbd833e99ee3f14d67,Ski,Mo-Fr,10:00-12:00|14:00-16:00,30.09 screenshot 20-38-37 Ski main period; individual activity not selected,UNMAPPED_NOT_LIVE_NOT_BOOKABLE
weekday,2027-01-04,2027-01-04,2027-01-08,,Ski Windel-Wedelkurs,5254|5263|5273|5281|5288,120min:8,UNMAPPED,UNMAPPED,CANDIDATE_NOT_LIVE_NOT_BOOKABLE,2026-09-30,b5db33ab54a9c9565edd6541461a3b982afc4a5f78ded6bbd833e99ee3f14d67,Ski,Mo-Fr,10:00-12:00,30.09 screenshot 20-38-11 exact activity,UNMAPPED_NOT_LIVE_NOT_BOOKABLE
weekday,2027-01-04,2027-01-04,2027-01-08,,Snowboard Anfänger,5249|5262|5271|5279|5290,120min:10,UNMAPPED,UNMAPPED,CANDIDATE_NOT_LIVE_NOT_BOOKABLE,2026-09-30,b5db33ab54a9c9565edd6541461a3b982afc4a5f78ded6bbd833e99ee3f14d67,Snowboard,Ohne Beschraenkung (Betriebstage nicht bestaetigt),10:00-12:00|14:00-16:00,30.09 screenshot 20-38-46 exact beginner/advanced period; variant not selected,UNMAPPED_NOT_LIVE_NOT_BOOKABLE
weekday,2027-01-04,2027-01-04,2027-01-08,,Snowboard Fortgeschritten,5249|5262|5271|5279|5290,120min:10,UNMAPPED,UNMAPPED,CANDIDATE_NOT_LIVE_NOT_BOOKABLE,2026-09-30,b5db33ab54a9c9565edd6541461a3b982afc4a5f78ded6bbd833e99ee3f14d67,Snowboard,Ohne Beschraenkung (Betriebstage nicht bestaetigt),10:00-12:00|14:00-16:00,30.09 screenshot 20-38-46 exact beginner/advanced period; variant not selected,UNMAPPED_NOT_LIVE_NOT_BOOKABLE
weekday,2027-01-11,2027-01-11,2027-01-15,,Ski Blauer König/Königin,5253|5258|5267|5278|5284|5294,120min:13;240min:13,UNMAPPED,UNMAPPED,CANDIDATE_NOT_LIVE_NOT_BOOKABLE,2026-09-30,b5db33ab54a9c9565edd6541461a3b982afc4a5f78ded6bbd833e99ee3f14d67,Ski,Mo-Fr,10:00-12:00|14:00-16:00,30.09 screenshot 20-38-37 Ski main period; individual activity not selected,UNMAPPED_NOT_LIVE_NOT_BOOKABLE
weekday,2027-01-11,2027-01-11,2027-01-15,,Ski Blauer Prinz/Prinzessin,5253|5258|5267|5278|5284|5294,120min:13;240min:13,UNMAPPED,UNMAPPED,CANDIDATE_NOT_LIVE_NOT_BOOKABLE,2026-09-30,b5db33ab54a9c9565edd6541461a3b982afc4a5f78ded6bbd833e99ee3f14d67,Ski,Mo-Fr,10:00-12:00|14:00-16:00,30.09 screenshot 20-38-37 Ski main period; individual activity not selected,UNMAPPED_NOT_LIVE_NOT_BOOKABLE
weekday,2027-01-11,2027-01-11,2027-01-15,,Ski Blauer Star,5253|5258|5267|5278|5284|5294,120min:13;240min:13,UNMAPPED,UNMAPPED,CANDIDATE_NOT_LIVE_NOT_BOOKABLE,2026-09-30,b5db33ab54a9c9565edd6541461a3b982afc4a5f78ded6bbd833e99ee3f14d67,Ski,Mo-Fr,10:00-12:00|14:00-16:00,30.09 screenshot 20-38-37 Ski main period; individual activity not selected,UNMAPPED_NOT_LIVE_NOT_BOOKABLE
weekday,2027-01-11,2027-01-11,2027-01-15,,Ski Erwachsene Anfänger,5247|5259|5269|5277|5287|5296,120min:13;240min:13,UNMAPPED,UNMAPPED,CANDIDATE_NOT_LIVE_NOT_BOOKABLE,2026-09-30,b5db33ab54a9c9565edd6541461a3b982afc4a5f78ded6bbd833e99ee3f14d67,Ski,Mo-Fr,10:00-12:00|14:00-16:00,30.09 screenshot 20-38-37 Ski main period; individual activity not selected,UNMAPPED_NOT_LIVE_NOT_BOOKABLE
weekday,2027-01-11,2027-01-11,2027-01-15,,Ski Erwachsene Fortgeschritten,5247|5259|5269|5277|5287|5296,120min:13;240min:13,UNMAPPED,UNMAPPED,CANDIDATE_NOT_LIVE_NOT_BOOKABLE,2026-09-30,b5db33ab54a9c9565edd6541461a3b982afc4a5f78ded6bbd833e99ee3f14d67,Ski,Mo-Fr,10:00-12:00|14:00-16:00,30.09 screenshot 20-38-37 Ski main period; individual activity not selected,UNMAPPED_NOT_LIVE_NOT_BOOKABLE
weekday,2027-01-11,2027-01-11,2027-01-15,,Ski Erwachsene Wiedereinsteiger,5255,120min:13,UNMAPPED,UNMAPPED,CANDIDATE_NOT_LIVE_NOT_BOOKABLE,2026-09-30,b5db33ab54a9c9565edd6541461a3b982afc4a5f78ded6bbd833e99ee3f14d67,Ski,Mo-Fr,10:00-12:00|14:00-16:00,30.09 screenshot 20-38-37 Ski main period; individual activity not selected,UNMAPPED_NOT_LIVE_NOT_BOOKABLE
weekday,2027-01-11,2027-01-11,2027-01-15,,Ski Kinder Fortgeschritten,5278,240min:13,UNMAPPED,UNMAPPED,CANDIDATE_NOT_LIVE_NOT_BOOKABLE,2026-09-30,b5db33ab54a9c9565edd6541461a3b982afc4a5f78ded6bbd833e99ee3f14d67,Ski,Mo-Fr,10:00-12:00|14:00-16:00,30.09 screenshot 20-38-37 Ski main period; individual activity not selected,UNMAPPED_NOT_LIVE_NOT_BOOKABLE
weekday,2027-01-11,2027-01-11,2027-01-15,,Ski Roter König/Königin,5253|5258|5267|5278|5284|5294,120min:13;240min:13,UNMAPPED,UNMAPPED,CANDIDATE_NOT_LIVE_NOT_BOOKABLE,2026-09-30,b5db33ab54a9c9565edd6541461a3b982afc4a5f78ded6bbd833e99ee3f14d67,Ski,Mo-Fr,10:00-12:00|14:00-16:00,30.09 screenshot 20-38-37 Ski main period; individual activity not selected,UNMAPPED_NOT_LIVE_NOT_BOOKABLE
weekday,2027-01-11,2027-01-11,2027-01-15,,Ski Roter Prinz/Prinzessin,5253|5258|5267|5278|5284|5294,120min:13;240min:13,UNMAPPED,UNMAPPED,CANDIDATE_NOT_LIVE_NOT_BOOKABLE,2026-09-30,b5db33ab54a9c9565edd6541461a3b982afc4a5f78ded6bbd833e99ee3f14d67,Ski,Mo-Fr,10:00-12:00|14:00-16:00,30.09 screenshot 20-38-37 Ski main period; individual activity not selected,UNMAPPED_NOT_LIVE_NOT_BOOKABLE
weekday,2027-01-11,2027-01-11,2027-01-15,,Ski Roter Star,5253|5258|5267|5278|5284|5294,120min:13;240min:13,UNMAPPED,UNMAPPED,CANDIDATE_NOT_LIVE_NOT_BOOKABLE,2026-09-30,b5db33ab54a9c9565edd6541461a3b982afc4a5f78ded6bbd833e99ee3f14d67,Ski,Mo-Fr,10:00-12:00|14:00-16:00,30.09 screenshot 20-38-37 Ski main period; individual activity not selected,UNMAPPED_NOT_LIVE_NOT_BOOKABLE
weekday,2027-01-11,2027-01-11,2027-01-15,,Ski Schwarzer König/Königin,5278,240min:13,UNMAPPED,UNMAPPED,CANDIDATE_NOT_LIVE_NOT_BOOKABLE,2026-09-30,b5db33ab54a9c9565edd6541461a3b982afc4a5f78ded6bbd833e99ee3f14d67,Ski,Mo-Fr,10:00-12:00|14:00-16:00,30.09 screenshot 20-38-37 Ski main period; individual activity not selected,UNMAPPED_NOT_LIVE_NOT_BOOKABLE
weekday,2027-01-11,2027-01-11,2027-01-15,,Ski Schwarzer Prinz/Prinzessin,5253|5258|5267|5278|5284|5294,120min:13;240min:13,UNMAPPED,UNMAPPED,CANDIDATE_NOT_LIVE_NOT_BOOKABLE,2026-09-30,b5db33ab54a9c9565edd6541461a3b982afc4a5f78ded6bbd833e99ee3f14d67,Ski,Mo-Fr,10:00-12:00|14:00-16:00,30.09 screenshot 20-38-37 Ski main period; individual activity not selected,UNMAPPED_NOT_LIVE_NOT_BOOKABLE
weekday,2027-01-11,2027-01-11,2027-01-15,,Ski Swiss Snow Academy,5253|5258|5267|5278|5284|5294,120min:13;240min:13,UNMAPPED,UNMAPPED,CANDIDATE_NOT_LIVE_NOT_BOOKABLE,2026-09-30,b5db33ab54a9c9565edd6541461a3b982afc4a5f78ded6bbd833e99ee3f14d67,Ski,Mo-Fr,10:00-12:00|14:00-16:00,30.09 screenshot 20-38-37 Ski main period; individual activity not selected,UNMAPPED_NOT_LIVE_NOT_BOOKABLE
weekday,2027-01-11,2027-01-11,2027-01-15,,Ski Swiss Snow Kids Village,5253|5258|5267|5278|5284|5288|5294,120min:13/8;240min:13,UNMAPPED,UNMAPPED,CANDIDATE_NOT_LIVE_NOT_BOOKABLE,2026-09-30,b5db33ab54a9c9565edd6541461a3b982afc4a5f78ded6bbd833e99ee3f14d67,Ski,Mo-Fr,10:00-12:00|14:00-16:00,30.09 screenshot 20-38-37 Ski main period; individual activity not selected,UNMAPPED_NOT_LIVE_NOT_BOOKABLE
weekday,2027-01-11,2027-01-11,2027-01-15,,Ski Windel-Wedelkurs,5254|5263|5273|5281|5288,120min:8,UNMAPPED,UNMAPPED,CANDIDATE_NOT_LIVE_NOT_BOOKABLE,2026-09-30,b5db33ab54a9c9565edd6541461a3b982afc4a5f78ded6bbd833e99ee3f14d67,Ski,Mo-Fr,10:00-12:00,30.09 screenshot 20-38-11 exact activity,UNMAPPED_NOT_LIVE_NOT_BOOKABLE
weekday,2027-01-11,2027-01-11,2027-01-15,,Snowboard Anfänger,5249|5262|5271|5279|5290,120min:10,UNMAPPED,UNMAPPED,CANDIDATE_NOT_LIVE_NOT_BOOKABLE,2026-09-30,b5db33ab54a9c9565edd6541461a3b982afc4a5f78ded6bbd833e99ee3f14d67,Snowboard,Ohne Beschraenkung (Betriebstage nicht bestaetigt),10:00-12:00|14:00-16:00,30.09 screenshot 20-38-46 exact beginner/advanced period; variant not selected,UNMAPPED_NOT_LIVE_NOT_BOOKABLE
weekday,2027-01-11,2027-01-11,2027-01-15,,Snowboard Fortgeschritten,5249|5262|5271|5279|5290,120min:10,UNMAPPED,UNMAPPED,CANDIDATE_NOT_LIVE_NOT_BOOKABLE,2026-09-30,b5db33ab54a9c9565edd6541461a3b982afc4a5f78ded6bbd833e99ee3f14d67,Snowboard,Ohne Beschraenkung (Betriebstage nicht bestaetigt),10:00-12:00|14:00-16:00,30.09 screenshot 20-38-46 exact beginner/advanced period; variant not selected,UNMAPPED_NOT_LIVE_NOT_BOOKABLE
weekday,2027-01-18,2027-01-18,2027-01-22,,Ski Blauer König/Königin,5253|5258|5267|5278|5284|5294,120min:13;240min:13,UNMAPPED,UNMAPPED,CANDIDATE_NOT_LIVE_NOT_BOOKABLE,2026-09-30,b5db33ab54a9c9565edd6541461a3b982afc4a5f78ded6bbd833e99ee3f14d67,Ski,Mo-Fr,10:00-12:00|14:00-16:00,30.09 screenshot 20-38-37 Ski main period; individual activity not selected,UNMAPPED_NOT_LIVE_NOT_BOOKABLE
weekday,2027-01-18,2027-01-18,2027-01-22,,Ski Blauer Prinz/Prinzessin,5253|5258|5267|5278|5284|5294,120min:13;240min:13,UNMAPPED,UNMAPPED,CANDIDATE_NOT_LIVE_NOT_BOOKABLE,2026-09-30,b5db33ab54a9c9565edd6541461a3b982afc4a5f78ded6bbd833e99ee3f14d67,Ski,Mo-Fr,10:00-12:00|14:00-16:00,30.09 screenshot 20-38-37 Ski main period; individual activity not selected,UNMAPPED_NOT_LIVE_NOT_BOOKABLE
weekday,2027-01-18,2027-01-18,2027-01-22,,Ski Blauer Star,5253|5258|5267|5278|5284|5294,120min:13;240min:13,UNMAPPED,UNMAPPED,CANDIDATE_NOT_LIVE_NOT_BOOKABLE,2026-09-30,b5db33ab54a9c9565edd6541461a3b982afc4a5f78ded6bbd833e99ee3f14d67,Ski,Mo-Fr,10:00-12:00|14:00-16:00,30.09 screenshot 20-38-37 Ski main period; individual activity not selected,UNMAPPED_NOT_LIVE_NOT_BOOKABLE
weekday,2027-01-18,2027-01-18,2027-01-22,,Ski Erwachsene Anfänger,5247|5259|5269|5277|5287|5296,120min:13;240min:13,UNMAPPED,UNMAPPED,CANDIDATE_NOT_LIVE_NOT_BOOKABLE,2026-09-30,b5db33ab54a9c9565edd6541461a3b982afc4a5f78ded6bbd833e99ee3f14d67,Ski,Mo-Fr,10:00-12:00|14:00-16:00,30.09 screenshot 20-38-37 Ski main period; individual activity not selected,UNMAPPED_NOT_LIVE_NOT_BOOKABLE
weekday,2027-01-18,2027-01-18,2027-01-22,,Ski Erwachsene Fortgeschritten,5247|5259|5269|5277|5287|5296,120min:13;240min:13,UNMAPPED,UNMAPPED,CANDIDATE_NOT_LIVE_NOT_BOOKABLE,2026-09-30,b5db33ab54a9c9565edd6541461a3b982afc4a5f78ded6bbd833e99ee3f14d67,Ski,Mo-Fr,10:00-12:00|14:00-16:00,30.09 screenshot 20-38-37 Ski main period; individual activity not selected,UNMAPPED_NOT_LIVE_NOT_BOOKABLE
weekday,2027-01-18,2027-01-18,2027-01-22,,Ski Erwachsene Wiedereinsteiger,5255,120min:13,UNMAPPED,UNMAPPED,CANDIDATE_NOT_LIVE_NOT_BOOKABLE,2026-09-30,b5db33ab54a9c9565edd6541461a3b982afc4a5f78ded6bbd833e99ee3f14d67,Ski,Mo-Fr,10:00-12:00|14:00-16:00,30.09 screenshot 20-38-37 Ski main period; individual activity not selected,UNMAPPED_NOT_LIVE_NOT_BOOKABLE
weekday,2027-01-18,2027-01-18,2027-01-22,,Ski Kinder Fortgeschritten,5278,240min:13,UNMAPPED,UNMAPPED,CANDIDATE_NOT_LIVE_NOT_BOOKABLE,2026-09-30,b5db33ab54a9c9565edd6541461a3b982afc4a5f78ded6bbd833e99ee3f14d67,Ski,Mo-Fr,10:00-12:00|14:00-16:00,30.09 screenshot 20-38-37 Ski main period; individual activity not selected,UNMAPPED_NOT_LIVE_NOT_BOOKABLE
weekday,2027-01-18,2027-01-18,2027-01-22,,Ski Roter König/Königin,5253|5258|5267|5278|5284|5294,120min:13;240min:13,UNMAPPED,UNMAPPED,CANDIDATE_NOT_LIVE_NOT_BOOKABLE,2026-09-30,b5db33ab54a9c9565edd6541461a3b982afc4a5f78ded6bbd833e99ee3f14d67,Ski,Mo-Fr,10:00-12:00|14:00-16:00,30.09 screenshot 20-38-37 Ski main period; individual activity not selected,UNMAPPED_NOT_LIVE_NOT_BOOKABLE
weekday,2027-01-18,2027-01-18,2027-01-22,,Ski Roter Prinz/Prinzessin,5253|5258|5267|5278|5284|5294,120min:13;240min:13,UNMAPPED,UNMAPPED,CANDIDATE_NOT_LIVE_NOT_BOOKABLE,2026-09-30,b5db33ab54a9c9565edd6541461a3b982afc4a5f78ded6bbd833e99ee3f14d67,Ski,Mo-Fr,10:00-12:00|14:00-16:00,30.09 screenshot 20-38-37 Ski main period; individual activity not selected,UNMAPPED_NOT_LIVE_NOT_BOOKABLE
weekday,2027-01-18,2027-01-18,2027-01-22,,Ski Roter Star,5253|5258|5267|5278|5284|5294,120min:13;240min:13,UNMAPPED,UNMAPPED,CANDIDATE_NOT_LIVE_NOT_BOOKABLE,2026-09-30,b5db33ab54a9c9565edd6541461a3b982afc4a5f78ded6bbd833e99ee3f14d67,Ski,Mo-Fr,10:00-12:00|14:00-16:00,30.09 screenshot 20-38-37 Ski main period; individual activity not selected,UNMAPPED_NOT_LIVE_NOT_BOOKABLE
weekday,2027-01-18,2027-01-18,2027-01-22,,Ski Schwarzer König/Königin,5278,240min:13,UNMAPPED,UNMAPPED,CANDIDATE_NOT_LIVE_NOT_BOOKABLE,2026-09-30,b5db33ab54a9c9565edd6541461a3b982afc4a5f78ded6bbd833e99ee3f14d67,Ski,Mo-Fr,10:00-12:00|14:00-16:00,30.09 screenshot 20-38-37 Ski main period; individual activity not selected,UNMAPPED_NOT_LIVE_NOT_BOOKABLE
weekday,2027-01-18,2027-01-18,2027-01-22,,Ski Schwarzer Prinz/Prinzessin,5253|5258|5267|5278|5284|5294,120min:13;240min:13,UNMAPPED,UNMAPPED,CANDIDATE_NOT_LIVE_NOT_BOOKABLE,2026-09-30,b5db33ab54a9c9565edd6541461a3b982afc4a5f78ded6bbd833e99ee3f14d67,Ski,Mo-Fr,10:00-12:00|14:00-16:00,30.09 screenshot 20-38-37 Ski main period; individual activity not selected,UNMAPPED_NOT_LIVE_NOT_BOOKABLE
weekday,2027-01-18,2027-01-18,2027-01-22,,Ski Swiss Snow Academy,5253|5258|5267|5278|5284|5294,120min:13;240min:13,UNMAPPED,UNMAPPED,CANDIDATE_NOT_LIVE_NOT_BOOKABLE,2026-09-30,b5db33ab54a9c9565edd6541461a3b982afc4a5f78ded6bbd833e99ee3f14d67,Ski,Mo-Fr,10:00-12:00|14:00-16:00,30.09 screenshot 20-38-37 Ski main period; individual activity not selected,UNMAPPED_NOT_LIVE_NOT_BOOKABLE
weekday,2027-01-18,2027-01-18,2027-01-22,,Ski Swiss Snow Kids Village,5253|5258|5267|5278|5284|5288|5294,120min:13/8;240min:13,UNMAPPED,UNMAPPED,CANDIDATE_NOT_LIVE_NOT_BOOKABLE,2026-09-30,b5db33ab54a9c9565edd6541461a3b982afc4a5f78ded6bbd833e99ee3f14d67,Ski,Mo-Fr,10:00-12:00|14:00-16:00,30.09 screenshot 20-38-37 Ski main period; individual activity not selected,UNMAPPED_NOT_LIVE_NOT_BOOKABLE
weekday,2027-01-18,2027-01-18,2027-01-22,,Ski Windel-Wedelkurs,5254|5263|5273|5281|5288,120min:8,UNMAPPED,UNMAPPED,CANDIDATE_NOT_LIVE_NOT_BOOKABLE,2026-09-30,b5db33ab54a9c9565edd6541461a3b982afc4a5f78ded6bbd833e99ee3f14d67,Ski,Mo-Fr,10:00-12:00,30.09 screenshot 20-38-11 exact activity,UNMAPPED_NOT_LIVE_NOT_BOOKABLE
weekday,2027-01-18,2027-01-18,2027-01-22,,Snowboard Anfänger,5249|5262|5271|5279|5290,120min:10,UNMAPPED,UNMAPPED,CANDIDATE_NOT_LIVE_NOT_BOOKABLE,2026-09-30,b5db33ab54a9c9565edd6541461a3b982afc4a5f78ded6bbd833e99ee3f14d67,Snowboard,Ohne Beschraenkung (Betriebstage nicht bestaetigt),10:00-12:00|14:00-16:00,30.09 screenshot 20-38-46 exact beginner/advanced period; variant not selected,UNMAPPED_NOT_LIVE_NOT_BOOKABLE
weekday,2027-01-18,2027-01-18,2027-01-22,,Snowboard Fortgeschritten,5249|5262|5271|5279|5290,120min:10,UNMAPPED,UNMAPPED,CANDIDATE_NOT_LIVE_NOT_BOOKABLE,2026-09-30,b5db33ab54a9c9565edd6541461a3b982afc4a5f78ded6bbd833e99ee3f14d67,Snowboard,Ohne Beschraenkung (Betriebstage nicht bestaetigt),10:00-12:00|14:00-16:00,30.09 screenshot 20-38-46 exact beginner/advanced period; variant not selected,UNMAPPED_NOT_LIVE_NOT_BOOKABLE
weekday,2027-01-25,2027-01-25,2027-01-29,,Ski Blauer König/Königin,5253|5258|5267|5278|5284|5294,120min:13;240min:13,UNMAPPED,UNMAPPED,CANDIDATE_NOT_LIVE_NOT_BOOKABLE,2026-09-30,b5db33ab54a9c9565edd6541461a3b982afc4a5f78ded6bbd833e99ee3f14d67,Ski,Mo-Fr,10:00-12:00|14:00-16:00,30.09 screenshot 20-38-37 Ski main period; individual activity not selected,UNMAPPED_NOT_LIVE_NOT_BOOKABLE
weekday,2027-01-25,2027-01-25,2027-01-29,,Ski Blauer Prinz/Prinzessin,5253|5258|5267|5278|5284|5294,120min:13;240min:13,UNMAPPED,UNMAPPED,CANDIDATE_NOT_LIVE_NOT_BOOKABLE,2026-09-30,b5db33ab54a9c9565edd6541461a3b982afc4a5f78ded6bbd833e99ee3f14d67,Ski,Mo-Fr,10:00-12:00|14:00-16:00,30.09 screenshot 20-38-37 Ski main period; individual activity not selected,UNMAPPED_NOT_LIVE_NOT_BOOKABLE
weekday,2027-01-25,2027-01-25,2027-01-29,,Ski Blauer Star,5253|5258|5267|5278|5284|5294,120min:13;240min:13,UNMAPPED,UNMAPPED,CANDIDATE_NOT_LIVE_NOT_BOOKABLE,2026-09-30,b5db33ab54a9c9565edd6541461a3b982afc4a5f78ded6bbd833e99ee3f14d67,Ski,Mo-Fr,10:00-12:00|14:00-16:00,30.09 screenshot 20-38-37 Ski main period; individual activity not selected,UNMAPPED_NOT_LIVE_NOT_BOOKABLE
weekday,2027-01-25,2027-01-25,2027-01-29,,Ski Erwachsene Anfänger,5247|5259|5269|5277|5287|5296,120min:13;240min:13,UNMAPPED,UNMAPPED,CANDIDATE_NOT_LIVE_NOT_BOOKABLE,2026-09-30,b5db33ab54a9c9565edd6541461a3b982afc4a5f78ded6bbd833e99ee3f14d67,Ski,Mo-Fr,10:00-12:00|14:00-16:00,30.09 screenshot 20-38-37 Ski main period; individual activity not selected,UNMAPPED_NOT_LIVE_NOT_BOOKABLE
weekday,2027-01-25,2027-01-25,2027-01-29,,Ski Erwachsene Fortgeschritten,5247|5259|5269|5277|5287|5296,120min:13;240min:13,UNMAPPED,UNMAPPED,CANDIDATE_NOT_LIVE_NOT_BOOKABLE,2026-09-30,b5db33ab54a9c9565edd6541461a3b982afc4a5f78ded6bbd833e99ee3f14d67,Ski,Mo-Fr,10:00-12:00|14:00-16:00,30.09 screenshot 20-38-37 Ski main period; individual activity not selected,UNMAPPED_NOT_LIVE_NOT_BOOKABLE
weekday,2027-01-25,2027-01-25,2027-01-29,,Ski Erwachsene Wiedereinsteiger,5255,120min:13,UNMAPPED,UNMAPPED,CANDIDATE_NOT_LIVE_NOT_BOOKABLE,2026-09-30,b5db33ab54a9c9565edd6541461a3b982afc4a5f78ded6bbd833e99ee3f14d67,Ski,Mo-Fr,10:00-12:00|14:00-16:00,30.09 screenshot 20-38-37 Ski main period; individual activity not selected,UNMAPPED_NOT_LIVE_NOT_BOOKABLE
weekday,2027-01-25,2027-01-25,2027-01-29,,Ski Kinder Fortgeschritten,5278,240min:13,UNMAPPED,UNMAPPED,CANDIDATE_NOT_LIVE_NOT_BOOKABLE,2026-09-30,b5db33ab54a9c9565edd6541461a3b982afc4a5f78ded6bbd833e99ee3f14d67,Ski,Mo-Fr,10:00-12:00|14:00-16:00,30.09 screenshot 20-38-37 Ski main period; individual activity not selected,UNMAPPED_NOT_LIVE_NOT_BOOKABLE
weekday,2027-01-25,2027-01-25,2027-01-29,,Ski Roter König/Königin,5253|5258|5267|5278|5284|5294,120min:13;240min:13,UNMAPPED,UNMAPPED,CANDIDATE_NOT_LIVE_NOT_BOOKABLE,2026-09-30,b5db33ab54a9c9565edd6541461a3b982afc4a5f78ded6bbd833e99ee3f14d67,Ski,Mo-Fr,10:00-12:00|14:00-16:00,30.09 screenshot 20-38-37 Ski main period; individual activity not selected,UNMAPPED_NOT_LIVE_NOT_BOOKABLE
weekday,2027-01-25,2027-01-25,2027-01-29,,Ski Roter Prinz/Prinzessin,5253|5258|5267|5278|5284|5294,120min:13;240min:13,UNMAPPED,UNMAPPED,CANDIDATE_NOT_LIVE_NOT_BOOKABLE,2026-09-30,b5db33ab54a9c9565edd6541461a3b982afc4a5f78ded6bbd833e99ee3f14d67,Ski,Mo-Fr,10:00-12:00|14:00-16:00,30.09 screenshot 20-38-37 Ski main period; individual activity not selected,UNMAPPED_NOT_LIVE_NOT_BOOKABLE
weekday,2027-01-25,2027-01-25,2027-01-29,,Ski Roter Star,5253|5258|5267|5278|5284|5294,120min:13;240min:13,UNMAPPED,UNMAPPED,CANDIDATE_NOT_LIVE_NOT_BOOKABLE,2026-09-30,b5db33ab54a9c9565edd6541461a3b982afc4a5f78ded6bbd833e99ee3f14d67,Ski,Mo-Fr,10:00-12:00|14:00-16:00,30.09 screenshot 20-38-37 Ski main period; individual activity not selected,UNMAPPED_NOT_LIVE_NOT_BOOKABLE
weekday,2027-01-25,2027-01-25,2027-01-29,,Ski Schwarzer König/Königin,5278,240min:13,UNMAPPED,UNMAPPED,CANDIDATE_NOT_LIVE_NOT_BOOKABLE,2026-09-30,b5db33ab54a9c9565edd6541461a3b982afc4a5f78ded6bbd833e99ee3f14d67,Ski,Mo-Fr,10:00-12:00|14:00-16:00,30.09 screenshot 20-38-37 Ski main period; individual activity not selected,UNMAPPED_NOT_LIVE_NOT_BOOKABLE
weekday,2027-01-25,2027-01-25,2027-01-29,,Ski Schwarzer Prinz/Prinzessin,5253|5258|5267|5278|5284|5294,120min:13;240min:13,UNMAPPED,UNMAPPED,CANDIDATE_NOT_LIVE_NOT_BOOKABLE,2026-09-30,b5db33ab54a9c9565edd6541461a3b982afc4a5f78ded6bbd833e99ee3f14d67,Ski,Mo-Fr,10:00-12:00|14:00-16:00,30.09 screenshot 20-38-37 Ski main period; individual activity not selected,UNMAPPED_NOT_LIVE_NOT_BOOKABLE
weekday,2027-01-25,2027-01-25,2027-01-29,,Ski Swiss Snow Academy,5253|5258|5267|5278|5284|5294,120min:13;240min:13,UNMAPPED,UNMAPPED,CANDIDATE_NOT_LIVE_NOT_BOOKABLE,2026-09-30,b5db33ab54a9c9565edd6541461a3b982afc4a5f78ded6bbd833e99ee3f14d67,Ski,Mo-Fr,10:00-12:00|14:00-16:00,30.09 screenshot 20-38-37 Ski main period; individual activity not selected,UNMAPPED_NOT_LIVE_NOT_BOOKABLE
weekday,2027-01-25,2027-01-25,2027-01-29,,Ski Swiss Snow Kids Village,5253|5258|5267|5278|5284|5288|5294,120min:13/8;240min:13,UNMAPPED,UNMAPPED,CANDIDATE_NOT_LIVE_NOT_BOOKABLE,2026-09-30,b5db33ab54a9c9565edd6541461a3b982afc4a5f78ded6bbd833e99ee3f14d67,Ski,Mo-Fr,10:00-12:00|14:00-16:00,30.09 screenshot 20-38-37 Ski main period; individual activity not selected,UNMAPPED_NOT_LIVE_NOT_BOOKABLE
weekday,2027-01-25,2027-01-25,2027-01-29,,Ski Windel-Wedelkurs,5254|5263|5273|5281|5288,120min:8,UNMAPPED,UNMAPPED,CANDIDATE_NOT_LIVE_NOT_BOOKABLE,2026-09-30,b5db33ab54a9c9565edd6541461a3b982afc4a5f78ded6bbd833e99ee3f14d67,Ski,Mo-Fr,10:00-12:00,30.09 screenshot 20-38-11 exact activity,UNMAPPED_NOT_LIVE_NOT_BOOKABLE
weekday,2027-01-25,2027-01-25,2027-01-29,,Snowboard Anfänger,5249|5262|5271|5279|5290,120min:10,UNMAPPED,UNMAPPED,CANDIDATE_NOT_LIVE_NOT_BOOKABLE,2026-09-30,b5db33ab54a9c9565edd6541461a3b982afc4a5f78ded6bbd833e99ee3f14d67,Snowboard,Ohne Beschraenkung (Betriebstage nicht bestaetigt),10:00-12:00|14:00-16:00,30.09 screenshot 20-38-46 exact beginner/advanced period; variant not selected,UNMAPPED_NOT_LIVE_NOT_BOOKABLE
weekday,2027-01-25,2027-01-25,2027-01-29,,Snowboard Fortgeschritten,5249|5262|5271|5279|5290,120min:10,UNMAPPED,UNMAPPED,CANDIDATE_NOT_LIVE_NOT_BOOKABLE,2026-09-30,b5db33ab54a9c9565edd6541461a3b982afc4a5f78ded6bbd833e99ee3f14d67,Snowboard,Ohne Beschraenkung (Betriebstage nicht bestaetigt),10:00-12:00|14:00-16:00,30.09 screenshot 20-38-46 exact beginner/advanced period; variant not selected,UNMAPPED_NOT_LIVE_NOT_BOOKABLE
weekday,2027-02-01,2027-02-01,2027-02-05,,Ski Blauer König/Königin,5253|5258|5267|5278|5284|5294,120min:13;240min:13,UNMAPPED,UNMAPPED,CANDIDATE_NOT_LIVE_NOT_BOOKABLE,2026-09-30,b5db33ab54a9c9565edd6541461a3b982afc4a5f78ded6bbd833e99ee3f14d67,Ski,Mo-Fr,10:00-12:00|14:00-16:00,30.09 screenshot 20-38-37 Ski main period; individual activity not selected,UNMAPPED_NOT_LIVE_NOT_BOOKABLE
weekday,2027-02-01,2027-02-01,2027-02-05,,Ski Blauer Prinz/Prinzessin,5253|5258|5267|5278|5284|5294,120min:13;240min:13,UNMAPPED,UNMAPPED,CANDIDATE_NOT_LIVE_NOT_BOOKABLE,2026-09-30,b5db33ab54a9c9565edd6541461a3b982afc4a5f78ded6bbd833e99ee3f14d67,Ski,Mo-Fr,10:00-12:00|14:00-16:00,30.09 screenshot 20-38-37 Ski main period; individual activity not selected,UNMAPPED_NOT_LIVE_NOT_BOOKABLE
weekday,2027-02-01,2027-02-01,2027-02-05,,Ski Blauer Star,5253|5258|5267|5278|5284|5294,120min:13;240min:13,UNMAPPED,UNMAPPED,CANDIDATE_NOT_LIVE_NOT_BOOKABLE,2026-09-30,b5db33ab54a9c9565edd6541461a3b982afc4a5f78ded6bbd833e99ee3f14d67,Ski,Mo-Fr,10:00-12:00|14:00-16:00,30.09 screenshot 20-38-37 Ski main period; individual activity not selected,UNMAPPED_NOT_LIVE_NOT_BOOKABLE
weekday,2027-02-01,2027-02-01,2027-02-05,,Ski Erwachsene Anfänger,5247|5259|5269|5277|5287|5296,120min:13;240min:13,UNMAPPED,UNMAPPED,CANDIDATE_NOT_LIVE_NOT_BOOKABLE,2026-09-30,b5db33ab54a9c9565edd6541461a3b982afc4a5f78ded6bbd833e99ee3f14d67,Ski,Mo-Fr,10:00-12:00|14:00-16:00,30.09 screenshot 20-38-37 Ski main period; individual activity not selected,UNMAPPED_NOT_LIVE_NOT_BOOKABLE
weekday,2027-02-01,2027-02-01,2027-02-05,,Ski Erwachsene Fortgeschritten,5247|5259|5269|5277|5287|5296,120min:13;240min:13,UNMAPPED,UNMAPPED,CANDIDATE_NOT_LIVE_NOT_BOOKABLE,2026-09-30,b5db33ab54a9c9565edd6541461a3b982afc4a5f78ded6bbd833e99ee3f14d67,Ski,Mo-Fr,10:00-12:00|14:00-16:00,30.09 screenshot 20-38-37 Ski main period; individual activity not selected,UNMAPPED_NOT_LIVE_NOT_BOOKABLE
weekday,2027-02-01,2027-02-01,2027-02-05,,Ski Erwachsene Wiedereinsteiger,5255,120min:13,UNMAPPED,UNMAPPED,CANDIDATE_NOT_LIVE_NOT_BOOKABLE,2026-09-30,b5db33ab54a9c9565edd6541461a3b982afc4a5f78ded6bbd833e99ee3f14d67,Ski,Mo-Fr,10:00-12:00|14:00-16:00,30.09 screenshot 20-38-37 Ski main period; individual activity not selected,UNMAPPED_NOT_LIVE_NOT_BOOKABLE
weekday,2027-02-01,2027-02-01,2027-02-05,,Ski Kinder Fortgeschritten,5278,240min:13,UNMAPPED,UNMAPPED,CANDIDATE_NOT_LIVE_NOT_BOOKABLE,2026-09-30,b5db33ab54a9c9565edd6541461a3b982afc4a5f78ded6bbd833e99ee3f14d67,Ski,Mo-Fr,10:00-12:00|14:00-16:00,30.09 screenshot 20-38-37 Ski main period; individual activity not selected,UNMAPPED_NOT_LIVE_NOT_BOOKABLE
weekday,2027-02-01,2027-02-01,2027-02-05,,Ski Roter König/Königin,5253|5258|5267|5278|5284|5294,120min:13;240min:13,UNMAPPED,UNMAPPED,CANDIDATE_NOT_LIVE_NOT_BOOKABLE,2026-09-30,b5db33ab54a9c9565edd6541461a3b982afc4a5f78ded6bbd833e99ee3f14d67,Ski,Mo-Fr,10:00-12:00|14:00-16:00,30.09 screenshot 20-38-37 Ski main period; individual activity not selected,UNMAPPED_NOT_LIVE_NOT_BOOKABLE
weekday,2027-02-01,2027-02-01,2027-02-05,,Ski Roter Prinz/Prinzessin,5253|5258|5267|5278|5284|5294,120min:13;240min:13,UNMAPPED,UNMAPPED,CANDIDATE_NOT_LIVE_NOT_BOOKABLE,2026-09-30,b5db33ab54a9c9565edd6541461a3b982afc4a5f78ded6bbd833e99ee3f14d67,Ski,Mo-Fr,10:00-12:00|14:00-16:00,30.09 screenshot 20-38-37 Ski main period; individual activity not selected,UNMAPPED_NOT_LIVE_NOT_BOOKABLE
weekday,2027-02-01,2027-02-01,2027-02-05,,Ski Roter Star,5253|5258|5267|5278|5284|5294,120min:13;240min:13,UNMAPPED,UNMAPPED,CANDIDATE_NOT_LIVE_NOT_BOOKABLE,2026-09-30,b5db33ab54a9c9565edd6541461a3b982afc4a5f78ded6bbd833e99ee3f14d67,Ski,Mo-Fr,10:00-12:00|14:00-16:00,30.09 screenshot 20-38-37 Ski main period; individual activity not selected,UNMAPPED_NOT_LIVE_NOT_BOOKABLE
weekday,2027-02-01,2027-02-01,2027-02-05,,Ski Schwarzer König/Königin,5278,240min:13,UNMAPPED,UNMAPPED,CANDIDATE_NOT_LIVE_NOT_BOOKABLE,2026-09-30,b5db33ab54a9c9565edd6541461a3b982afc4a5f78ded6bbd833e99ee3f14d67,Ski,Mo-Fr,10:00-12:00|14:00-16:00,30.09 screenshot 20-38-37 Ski main period; individual activity not selected,UNMAPPED_NOT_LIVE_NOT_BOOKABLE
weekday,2027-02-01,2027-02-01,2027-02-05,,Ski Schwarzer Prinz/Prinzessin,5253|5258|5267|5278|5284|5294,120min:13;240min:13,UNMAPPED,UNMAPPED,CANDIDATE_NOT_LIVE_NOT_BOOKABLE,2026-09-30,b5db33ab54a9c9565edd6541461a3b982afc4a5f78ded6bbd833e99ee3f14d67,Ski,Mo-Fr,10:00-12:00|14:00-16:00,30.09 screenshot 20-38-37 Ski main period; individual activity not selected,UNMAPPED_NOT_LIVE_NOT_BOOKABLE
weekday,2027-02-01,2027-02-01,2027-02-05,,Ski Swiss Snow Academy,5253|5258|5267|5278|5284|5294,120min:13;240min:13,UNMAPPED,UNMAPPED,CANDIDATE_NOT_LIVE_NOT_BOOKABLE,2026-09-30,b5db33ab54a9c9565edd6541461a3b982afc4a5f78ded6bbd833e99ee3f14d67,Ski,Mo-Fr,10:00-12:00|14:00-16:00,30.09 screenshot 20-38-37 Ski main period; individual activity not selected,UNMAPPED_NOT_LIVE_NOT_BOOKABLE
weekday,2027-02-01,2027-02-01,2027-02-05,,Ski Swiss Snow Kids Village,5253|5258|5267|5278|5284|5288|5294,120min:13/8;240min:13,UNMAPPED,UNMAPPED,CANDIDATE_NOT_LIVE_NOT_BOOKABLE,2026-09-30,b5db33ab54a9c9565edd6541461a3b982afc4a5f78ded6bbd833e99ee3f14d67,Ski,Mo-Fr,10:00-12:00|14:00-16:00,30.09 screenshot 20-38-37 Ski main period; individual activity not selected,UNMAPPED_NOT_LIVE_NOT_BOOKABLE
weekday,2027-02-01,2027-02-01,2027-02-05,,Ski Windel-Wedelkurs,5254|5263|5273|5281|5288,120min:8,UNMAPPED,UNMAPPED,CANDIDATE_NOT_LIVE_NOT_BOOKABLE,2026-09-30,b5db33ab54a9c9565edd6541461a3b982afc4a5f78ded6bbd833e99ee3f14d67,Ski,Mo-Fr,10:00-12:00,30.09 screenshot 20-38-11 exact activity,UNMAPPED_NOT_LIVE_NOT_BOOKABLE
weekday,2027-02-01,2027-02-01,2027-02-05,,Snowboard Anfänger,5249|5262|5271|5279|5290,120min:10,UNMAPPED,UNMAPPED,CANDIDATE_NOT_LIVE_NOT_BOOKABLE,2026-09-30,b5db33ab54a9c9565edd6541461a3b982afc4a5f78ded6bbd833e99ee3f14d67,Snowboard,Ohne Beschraenkung (Betriebstage nicht bestaetigt),10:00-12:00|14:00-16:00,30.09 screenshot 20-38-46 exact beginner/advanced period; variant not selected,UNMAPPED_NOT_LIVE_NOT_BOOKABLE
weekday,2027-02-01,2027-02-01,2027-02-05,,Snowboard Fortgeschritten,5249|5262|5271|5279|5290,120min:10,UNMAPPED,UNMAPPED,CANDIDATE_NOT_LIVE_NOT_BOOKABLE,2026-09-30,b5db33ab54a9c9565edd6541461a3b982afc4a5f78ded6bbd833e99ee3f14d67,Snowboard,Ohne Beschraenkung (Betriebstage nicht bestaetigt),10:00-12:00|14:00-16:00,30.09 screenshot 20-38-46 exact beginner/advanced period; variant not selected,UNMAPPED_NOT_LIVE_NOT_BOOKABLE
weekday,2027-02-08,2027-02-08,2027-02-12,,Ski Blauer König/Königin,5253|5258|5267|5278|5284|5294,120min:13;240min:13,UNMAPPED,UNMAPPED,CANDIDATE_NOT_LIVE_NOT_BOOKABLE,2026-09-30,b5db33ab54a9c9565edd6541461a3b982afc4a5f78ded6bbd833e99ee3f14d67,Ski,Mo-Fr,10:00-12:00|14:00-16:00,30.09 screenshot 20-38-37 Ski main period; individual activity not selected,UNMAPPED_NOT_LIVE_NOT_BOOKABLE
weekday,2027-02-08,2027-02-08,2027-02-12,,Ski Blauer Prinz/Prinzessin,5253|5258|5267|5278|5284|5294,120min:13;240min:13,UNMAPPED,UNMAPPED,CANDIDATE_NOT_LIVE_NOT_BOOKABLE,2026-09-30,b5db33ab54a9c9565edd6541461a3b982afc4a5f78ded6bbd833e99ee3f14d67,Ski,Mo-Fr,10:00-12:00|14:00-16:00,30.09 screenshot 20-38-37 Ski main period; individual activity not selected,UNMAPPED_NOT_LIVE_NOT_BOOKABLE
weekday,2027-02-08,2027-02-08,2027-02-12,,Ski Blauer Star,5253|5258|5267|5278|5284|5294,120min:13;240min:13,UNMAPPED,UNMAPPED,CANDIDATE_NOT_LIVE_NOT_BOOKABLE,2026-09-30,b5db33ab54a9c9565edd6541461a3b982afc4a5f78ded6bbd833e99ee3f14d67,Ski,Mo-Fr,10:00-12:00|14:00-16:00,30.09 screenshot 20-38-37 Ski main period; individual activity not selected,UNMAPPED_NOT_LIVE_NOT_BOOKABLE
weekday,2027-02-08,2027-02-08,2027-02-12,,Ski Erwachsene Anfänger,5247|5259|5269|5277|5287|5296,120min:13;240min:13,UNMAPPED,UNMAPPED,CANDIDATE_NOT_LIVE_NOT_BOOKABLE,2026-09-30,b5db33ab54a9c9565edd6541461a3b982afc4a5f78ded6bbd833e99ee3f14d67,Ski,Mo-Fr,10:00-12:00|14:00-16:00,30.09 screenshot 20-38-37 Ski main period; individual activity not selected,UNMAPPED_NOT_LIVE_NOT_BOOKABLE
weekday,2027-02-08,2027-02-08,2027-02-12,,Ski Erwachsene Fortgeschritten,5247|5259|5269|5277|5287|5296,120min:13;240min:13,UNMAPPED,UNMAPPED,CANDIDATE_NOT_LIVE_NOT_BOOKABLE,2026-09-30,b5db33ab54a9c9565edd6541461a3b982afc4a5f78ded6bbd833e99ee3f14d67,Ski,Mo-Fr,10:00-12:00|14:00-16:00,30.09 screenshot 20-38-37 Ski main period; individual activity not selected,UNMAPPED_NOT_LIVE_NOT_BOOKABLE
weekday,2027-02-08,2027-02-08,2027-02-12,,Ski Erwachsene Wiedereinsteiger,5255,120min:13,UNMAPPED,UNMAPPED,CANDIDATE_NOT_LIVE_NOT_BOOKABLE,2026-09-30,b5db33ab54a9c9565edd6541461a3b982afc4a5f78ded6bbd833e99ee3f14d67,Ski,Mo-Fr,10:00-12:00|14:00-16:00,30.09 screenshot 20-38-37 Ski main period; individual activity not selected,UNMAPPED_NOT_LIVE_NOT_BOOKABLE
weekday,2027-02-08,2027-02-08,2027-02-12,,Ski Kinder Fortgeschritten,5278,240min:13,UNMAPPED,UNMAPPED,CANDIDATE_NOT_LIVE_NOT_BOOKABLE,2026-09-30,b5db33ab54a9c9565edd6541461a3b982afc4a5f78ded6bbd833e99ee3f14d67,Ski,Mo-Fr,10:00-12:00|14:00-16:00,30.09 screenshot 20-38-37 Ski main period; individual activity not selected,UNMAPPED_NOT_LIVE_NOT_BOOKABLE
weekday,2027-02-08,2027-02-08,2027-02-12,,Ski Roter König/Königin,5253|5258|5267|5278|5284|5294,120min:13;240min:13,UNMAPPED,UNMAPPED,CANDIDATE_NOT_LIVE_NOT_BOOKABLE,2026-09-30,b5db33ab54a9c9565edd6541461a3b982afc4a5f78ded6bbd833e99ee3f14d67,Ski,Mo-Fr,10:00-12:00|14:00-16:00,30.09 screenshot 20-38-37 Ski main period; individual activity not selected,UNMAPPED_NOT_LIVE_NOT_BOOKABLE
weekday,2027-02-08,2027-02-08,2027-02-12,,Ski Roter Prinz/Prinzessin,5253|5258|5267|5278|5284|5294,120min:13;240min:13,UNMAPPED,UNMAPPED,CANDIDATE_NOT_LIVE_NOT_BOOKABLE,2026-09-30,b5db33ab54a9c9565edd6541461a3b982afc4a5f78ded6bbd833e99ee3f14d67,Ski,Mo-Fr,10:00-12:00|14:00-16:00,30.09 screenshot 20-38-37 Ski main period; individual activity not selected,UNMAPPED_NOT_LIVE_NOT_BOOKABLE
weekday,2027-02-08,2027-02-08,2027-02-12,,Ski Roter Star,5253|5258|5267|5278|5284|5294,120min:13;240min:13,UNMAPPED,UNMAPPED,CANDIDATE_NOT_LIVE_NOT_BOOKABLE,2026-09-30,b5db33ab54a9c9565edd6541461a3b982afc4a5f78ded6bbd833e99ee3f14d67,Ski,Mo-Fr,10:00-12:00|14:00-16:00,30.09 screenshot 20-38-37 Ski main period; individual activity not selected,UNMAPPED_NOT_LIVE_NOT_BOOKABLE
weekday,2027-02-08,2027-02-08,2027-02-12,,Ski Schwarzer König/Königin,5278,240min:13,UNMAPPED,UNMAPPED,CANDIDATE_NOT_LIVE_NOT_BOOKABLE,2026-09-30,b5db33ab54a9c9565edd6541461a3b982afc4a5f78ded6bbd833e99ee3f14d67,Ski,Mo-Fr,10:00-12:00|14:00-16:00,30.09 screenshot 20-38-37 Ski main period; individual activity not selected,UNMAPPED_NOT_LIVE_NOT_BOOKABLE
weekday,2027-02-08,2027-02-08,2027-02-12,,Ski Schwarzer Prinz/Prinzessin,5253|5258|5267|5278|5284|5294,120min:13;240min:13,UNMAPPED,UNMAPPED,CANDIDATE_NOT_LIVE_NOT_BOOKABLE,2026-09-30,b5db33ab54a9c9565edd6541461a3b982afc4a5f78ded6bbd833e99ee3f14d67,Ski,Mo-Fr,10:00-12:00|14:00-16:00,30.09 screenshot 20-38-37 Ski main period; individual activity not selected,UNMAPPED_NOT_LIVE_NOT_BOOKABLE
weekday,2027-02-08,2027-02-08,2027-02-12,,Ski Swiss Snow Academy,5253|5258|5267|5278|5284|5294,120min:13;240min:13,UNMAPPED,UNMAPPED,CANDIDATE_NOT_LIVE_NOT_BOOKABLE,2026-09-30,b5db33ab54a9c9565edd6541461a3b982afc4a5f78ded6bbd833e99ee3f14d67,Ski,Mo-Fr,10:00-12:00|14:00-16:00,30.09 screenshot 20-38-37 Ski main period; individual activity not selected,UNMAPPED_NOT_LIVE_NOT_BOOKABLE
weekday,2027-02-08,2027-02-08,2027-02-12,,Ski Swiss Snow Kids Village,5253|5258|5267|5278|5284|5288|5294,120min:13/8;240min:13,UNMAPPED,UNMAPPED,CANDIDATE_NOT_LIVE_NOT_BOOKABLE,2026-09-30,b5db33ab54a9c9565edd6541461a3b982afc4a5f78ded6bbd833e99ee3f14d67,Ski,Mo-Fr,10:00-12:00|14:00-16:00,30.09 screenshot 20-38-37 Ski main period; individual activity not selected,UNMAPPED_NOT_LIVE_NOT_BOOKABLE
weekday,2027-02-08,2027-02-08,2027-02-12,,Ski Windel-Wedelkurs,5254|5263|5273|5281|5288,120min:8,UNMAPPED,UNMAPPED,CANDIDATE_NOT_LIVE_NOT_BOOKABLE,2026-09-30,b5db33ab54a9c9565edd6541461a3b982afc4a5f78ded6bbd833e99ee3f14d67,Ski,Mo-Fr,10:00-12:00,30.09 screenshot 20-38-11 exact activity,UNMAPPED_NOT_LIVE_NOT_BOOKABLE
weekday,2027-02-08,2027-02-08,2027-02-12,,Snowboard Anfänger,5249|5262|5271|5279|5290,120min:10,UNMAPPED,UNMAPPED,CANDIDATE_NOT_LIVE_NOT_BOOKABLE,2026-09-30,b5db33ab54a9c9565edd6541461a3b982afc4a5f78ded6bbd833e99ee3f14d67,Snowboard,Ohne Beschraenkung (Betriebstage nicht bestaetigt),10:00-12:00|14:00-16:00,30.09 screenshot 20-38-46 exact beginner/advanced period; variant not selected,UNMAPPED_NOT_LIVE_NOT_BOOKABLE
weekday,2027-02-08,2027-02-08,2027-02-12,,Snowboard Fortgeschritten,5249|5262|5271|5279|5290,120min:10,UNMAPPED,UNMAPPED,CANDIDATE_NOT_LIVE_NOT_BOOKABLE,2026-09-30,b5db33ab54a9c9565edd6541461a3b982afc4a5f78ded6bbd833e99ee3f14d67,Snowboard,Ohne Beschraenkung (Betriebstage nicht bestaetigt),10:00-12:00|14:00-16:00,30.09 screenshot 20-38-46 exact beginner/advanced period; variant not selected,UNMAPPED_NOT_LIVE_NOT_BOOKABLE
weekday,2027-02-15,2027-02-15,2027-02-19,,Ski Blauer König/Königin,5253|5258|5267|5278|5284|5294,120min:13;240min:13,UNMAPPED,UNMAPPED,CANDIDATE_NOT_LIVE_NOT_BOOKABLE,2026-09-30,b5db33ab54a9c9565edd6541461a3b982afc4a5f78ded6bbd833e99ee3f14d67,Ski,Mo-Fr,10:00-12:00|14:00-16:00,30.09 screenshot 20-38-37 Ski main period; individual activity not selected,UNMAPPED_NOT_LIVE_NOT_BOOKABLE
weekday,2027-02-15,2027-02-15,2027-02-19,,Ski Blauer Prinz/Prinzessin,5253|5258|5267|5278|5284|5294,120min:13;240min:13,UNMAPPED,UNMAPPED,CANDIDATE_NOT_LIVE_NOT_BOOKABLE,2026-09-30,b5db33ab54a9c9565edd6541461a3b982afc4a5f78ded6bbd833e99ee3f14d67,Ski,Mo-Fr,10:00-12:00|14:00-16:00,30.09 screenshot 20-38-37 Ski main period; individual activity not selected,UNMAPPED_NOT_LIVE_NOT_BOOKABLE
weekday,2027-02-15,2027-02-15,2027-02-19,,Ski Blauer Star,5253|5258|5267|5278|5284|5294,120min:13;240min:13,UNMAPPED,UNMAPPED,CANDIDATE_NOT_LIVE_NOT_BOOKABLE,2026-09-30,b5db33ab54a9c9565edd6541461a3b982afc4a5f78ded6bbd833e99ee3f14d67,Ski,Mo-Fr,10:00-12:00|14:00-16:00,30.09 screenshot 20-38-37 Ski main period; individual activity not selected,UNMAPPED_NOT_LIVE_NOT_BOOKABLE
weekday,2027-02-15,2027-02-15,2027-02-19,,Ski Erwachsene Anfänger,5247|5259|5269|5277|5287|5296,120min:13;240min:13,UNMAPPED,UNMAPPED,CANDIDATE_NOT_LIVE_NOT_BOOKABLE,2026-09-30,b5db33ab54a9c9565edd6541461a3b982afc4a5f78ded6bbd833e99ee3f14d67,Ski,Mo-Fr,10:00-12:00|14:00-16:00,30.09 screenshot 20-38-37 Ski main period; individual activity not selected,UNMAPPED_NOT_LIVE_NOT_BOOKABLE
weekday,2027-02-15,2027-02-15,2027-02-19,,Ski Erwachsene Fortgeschritten,5247|5259|5269|5277|5287|5296,120min:13;240min:13,UNMAPPED,UNMAPPED,CANDIDATE_NOT_LIVE_NOT_BOOKABLE,2026-09-30,b5db33ab54a9c9565edd6541461a3b982afc4a5f78ded6bbd833e99ee3f14d67,Ski,Mo-Fr,10:00-12:00|14:00-16:00,30.09 screenshot 20-38-37 Ski main period; individual activity not selected,UNMAPPED_NOT_LIVE_NOT_BOOKABLE
weekday,2027-02-15,2027-02-15,2027-02-19,,Ski Erwachsene Wiedereinsteiger,5255,120min:13,UNMAPPED,UNMAPPED,CANDIDATE_NOT_LIVE_NOT_BOOKABLE,2026-09-30,b5db33ab54a9c9565edd6541461a3b982afc4a5f78ded6bbd833e99ee3f14d67,Ski,Mo-Fr,10:00-12:00|14:00-16:00,30.09 screenshot 20-38-37 Ski main period; individual activity not selected,UNMAPPED_NOT_LIVE_NOT_BOOKABLE
weekday,2027-02-15,2027-02-15,2027-02-19,,Ski Kinder Fortgeschritten,5278,240min:13,UNMAPPED,UNMAPPED,CANDIDATE_NOT_LIVE_NOT_BOOKABLE,2026-09-30,b5db33ab54a9c9565edd6541461a3b982afc4a5f78ded6bbd833e99ee3f14d67,Ski,Mo-Fr,10:00-12:00|14:00-16:00,30.09 screenshot 20-38-37 Ski main period; individual activity not selected,UNMAPPED_NOT_LIVE_NOT_BOOKABLE
weekday,2027-02-15,2027-02-15,2027-02-19,,Ski Roter König/Königin,5253|5258|5267|5278|5284|5294,120min:13;240min:13,UNMAPPED,UNMAPPED,CANDIDATE_NOT_LIVE_NOT_BOOKABLE,2026-09-30,b5db33ab54a9c9565edd6541461a3b982afc4a5f78ded6bbd833e99ee3f14d67,Ski,Mo-Fr,10:00-12:00|14:00-16:00,30.09 screenshot 20-38-37 Ski main period; individual activity not selected,UNMAPPED_NOT_LIVE_NOT_BOOKABLE
weekday,2027-02-15,2027-02-15,2027-02-19,,Ski Roter Prinz/Prinzessin,5253|5258|5267|5278|5284|5294,120min:13;240min:13,UNMAPPED,UNMAPPED,CANDIDATE_NOT_LIVE_NOT_BOOKABLE,2026-09-30,b5db33ab54a9c9565edd6541461a3b982afc4a5f78ded6bbd833e99ee3f14d67,Ski,Mo-Fr,10:00-12:00|14:00-16:00,30.09 screenshot 20-38-37 Ski main period; individual activity not selected,UNMAPPED_NOT_LIVE_NOT_BOOKABLE
weekday,2027-02-15,2027-02-15,2027-02-19,,Ski Roter Star,5253|5258|5267|5278|5284|5294,120min:13;240min:13,UNMAPPED,UNMAPPED,CANDIDATE_NOT_LIVE_NOT_BOOKABLE,2026-09-30,b5db33ab54a9c9565edd6541461a3b982afc4a5f78ded6bbd833e99ee3f14d67,Ski,Mo-Fr,10:00-12:00|14:00-16:00,30.09 screenshot 20-38-37 Ski main period; individual activity not selected,UNMAPPED_NOT_LIVE_NOT_BOOKABLE
weekday,2027-02-15,2027-02-15,2027-02-19,,Ski Schwarzer König/Königin,5278,240min:13,UNMAPPED,UNMAPPED,CANDIDATE_NOT_LIVE_NOT_BOOKABLE,2026-09-30,b5db33ab54a9c9565edd6541461a3b982afc4a5f78ded6bbd833e99ee3f14d67,Ski,Mo-Fr,10:00-12:00|14:00-16:00,30.09 screenshot 20-38-37 Ski main period; individual activity not selected,UNMAPPED_NOT_LIVE_NOT_BOOKABLE
weekday,2027-02-15,2027-02-15,2027-02-19,,Ski Schwarzer Prinz/Prinzessin,5253|5258|5267|5278|5284|5294,120min:13;240min:13,UNMAPPED,UNMAPPED,CANDIDATE_NOT_LIVE_NOT_BOOKABLE,2026-09-30,b5db33ab54a9c9565edd6541461a3b982afc4a5f78ded6bbd833e99ee3f14d67,Ski,Mo-Fr,10:00-12:00|14:00-16:00,30.09 screenshot 20-38-37 Ski main period; individual activity not selected,UNMAPPED_NOT_LIVE_NOT_BOOKABLE
weekday,2027-02-15,2027-02-15,2027-02-19,,Ski Swiss Snow Academy,5253|5258|5267|5278|5284|5294,120min:13;240min:13,UNMAPPED,UNMAPPED,CANDIDATE_NOT_LIVE_NOT_BOOKABLE,2026-09-30,b5db33ab54a9c9565edd6541461a3b982afc4a5f78ded6bbd833e99ee3f14d67,Ski,Mo-Fr,10:00-12:00|14:00-16:00,30.09 screenshot 20-38-37 Ski main period; individual activity not selected,UNMAPPED_NOT_LIVE_NOT_BOOKABLE
weekday,2027-02-15,2027-02-15,2027-02-19,,Ski Swiss Snow Kids Village,5253|5258|5267|5278|5284|5288|5294,120min:13/8;240min:13,UNMAPPED,UNMAPPED,CANDIDATE_NOT_LIVE_NOT_BOOKABLE,2026-09-30,b5db33ab54a9c9565edd6541461a3b982afc4a5f78ded6bbd833e99ee3f14d67,Ski,Mo-Fr,10:00-12:00|14:00-16:00,30.09 screenshot 20-38-37 Ski main period; individual activity not selected,UNMAPPED_NOT_LIVE_NOT_BOOKABLE
weekday,2027-02-15,2027-02-15,2027-02-19,,Ski Windel-Wedelkurs,5254|5263|5273|5281|5288,120min:8,UNMAPPED,UNMAPPED,CANDIDATE_NOT_LIVE_NOT_BOOKABLE,2026-09-30,b5db33ab54a9c9565edd6541461a3b982afc4a5f78ded6bbd833e99ee3f14d67,Ski,Mo-Fr,10:00-12:00,30.09 screenshot 20-38-11 exact activity,UNMAPPED_NOT_LIVE_NOT_BOOKABLE
weekday,2027-02-15,2027-02-15,2027-02-19,,Snowboard Anfänger,5249|5262|5271|5279|5290,120min:10,UNMAPPED,UNMAPPED,CANDIDATE_NOT_LIVE_NOT_BOOKABLE,2026-09-30,b5db33ab54a9c9565edd6541461a3b982afc4a5f78ded6bbd833e99ee3f14d67,Snowboard,Ohne Beschraenkung (Betriebstage nicht bestaetigt),10:00-12:00|14:00-16:00,30.09 screenshot 20-38-46 exact beginner/advanced period; variant not selected,UNMAPPED_NOT_LIVE_NOT_BOOKABLE
weekday,2027-02-15,2027-02-15,2027-02-19,,Snowboard Fortgeschritten,5249|5262|5271|5279|5290,120min:10,UNMAPPED,UNMAPPED,CANDIDATE_NOT_LIVE_NOT_BOOKABLE,2026-09-30,b5db33ab54a9c9565edd6541461a3b982afc4a5f78ded6bbd833e99ee3f14d67,Snowboard,Ohne Beschraenkung (Betriebstage nicht bestaetigt),10:00-12:00|14:00-16:00,30.09 screenshot 20-38-46 exact beginner/advanced period; variant not selected,UNMAPPED_NOT_LIVE_NOT_BOOKABLE
weekday,2027-02-22,2027-02-22,2027-02-26,,Ski Blauer König/Königin,5253|5258|5267|5278|5284|5294,120min:13;240min:13,UNMAPPED,UNMAPPED,CANDIDATE_NOT_LIVE_NOT_BOOKABLE,2026-09-30,b5db33ab54a9c9565edd6541461a3b982afc4a5f78ded6bbd833e99ee3f14d67,Ski,Mo-Fr,10:00-12:00|14:00-16:00,30.09 screenshot 20-38-37 Ski main period; individual activity not selected,UNMAPPED_NOT_LIVE_NOT_BOOKABLE
weekday,2027-02-22,2027-02-22,2027-02-26,,Ski Blauer Prinz/Prinzessin,5253|5258|5267|5278|5284|5294,120min:13;240min:13,UNMAPPED,UNMAPPED,CANDIDATE_NOT_LIVE_NOT_BOOKABLE,2026-09-30,b5db33ab54a9c9565edd6541461a3b982afc4a5f78ded6bbd833e99ee3f14d67,Ski,Mo-Fr,10:00-12:00|14:00-16:00,30.09 screenshot 20-38-37 Ski main period; individual activity not selected,UNMAPPED_NOT_LIVE_NOT_BOOKABLE
weekday,2027-02-22,2027-02-22,2027-02-26,,Ski Blauer Star,5253|5258|5267|5278|5284|5294,120min:13;240min:13,UNMAPPED,UNMAPPED,CANDIDATE_NOT_LIVE_NOT_BOOKABLE,2026-09-30,b5db33ab54a9c9565edd6541461a3b982afc4a5f78ded6bbd833e99ee3f14d67,Ski,Mo-Fr,10:00-12:00|14:00-16:00,30.09 screenshot 20-38-37 Ski main period; individual activity not selected,UNMAPPED_NOT_LIVE_NOT_BOOKABLE
weekday,2027-02-22,2027-02-22,2027-02-26,,Ski Erwachsene Anfänger,5247|5259|5269|5277|5287|5296,120min:13;240min:13,UNMAPPED,UNMAPPED,CANDIDATE_NOT_LIVE_NOT_BOOKABLE,2026-09-30,b5db33ab54a9c9565edd6541461a3b982afc4a5f78ded6bbd833e99ee3f14d67,Ski,Mo-Fr,10:00-12:00|14:00-16:00,30.09 screenshot 20-38-37 Ski main period; individual activity not selected,UNMAPPED_NOT_LIVE_NOT_BOOKABLE
weekday,2027-02-22,2027-02-22,2027-02-26,,Ski Erwachsene Fortgeschritten,5247|5259|5269|5277|5287|5296,120min:13;240min:13,UNMAPPED,UNMAPPED,CANDIDATE_NOT_LIVE_NOT_BOOKABLE,2026-09-30,b5db33ab54a9c9565edd6541461a3b982afc4a5f78ded6bbd833e99ee3f14d67,Ski,Mo-Fr,10:00-12:00|14:00-16:00,30.09 screenshot 20-38-37 Ski main period; individual activity not selected,UNMAPPED_NOT_LIVE_NOT_BOOKABLE
weekday,2027-02-22,2027-02-22,2027-02-26,,Ski Erwachsene Wiedereinsteiger,5255,120min:13,UNMAPPED,UNMAPPED,CANDIDATE_NOT_LIVE_NOT_BOOKABLE,2026-09-30,b5db33ab54a9c9565edd6541461a3b982afc4a5f78ded6bbd833e99ee3f14d67,Ski,Mo-Fr,10:00-12:00|14:00-16:00,30.09 screenshot 20-38-37 Ski main period; individual activity not selected,UNMAPPED_NOT_LIVE_NOT_BOOKABLE
weekday,2027-02-22,2027-02-22,2027-02-26,,Ski Kinder Fortgeschritten,5278,240min:13,UNMAPPED,UNMAPPED,CANDIDATE_NOT_LIVE_NOT_BOOKABLE,2026-09-30,b5db33ab54a9c9565edd6541461a3b982afc4a5f78ded6bbd833e99ee3f14d67,Ski,Mo-Fr,10:00-12:00|14:00-16:00,30.09 screenshot 20-38-37 Ski main period; individual activity not selected,UNMAPPED_NOT_LIVE_NOT_BOOKABLE
weekday,2027-02-22,2027-02-22,2027-02-26,,Ski Roter König/Königin,5253|5258|5267|5278|5284|5294,120min:13;240min:13,UNMAPPED,UNMAPPED,CANDIDATE_NOT_LIVE_NOT_BOOKABLE,2026-09-30,b5db33ab54a9c9565edd6541461a3b982afc4a5f78ded6bbd833e99ee3f14d67,Ski,Mo-Fr,10:00-12:00|14:00-16:00,30.09 screenshot 20-38-37 Ski main period; individual activity not selected,UNMAPPED_NOT_LIVE_NOT_BOOKABLE
weekday,2027-02-22,2027-02-22,2027-02-26,,Ski Roter Prinz/Prinzessin,5253|5258|5267|5278|5284|5294,120min:13;240min:13,UNMAPPED,UNMAPPED,CANDIDATE_NOT_LIVE_NOT_BOOKABLE,2026-09-30,b5db33ab54a9c9565edd6541461a3b982afc4a5f78ded6bbd833e99ee3f14d67,Ski,Mo-Fr,10:00-12:00|14:00-16:00,30.09 screenshot 20-38-37 Ski main period; individual activity not selected,UNMAPPED_NOT_LIVE_NOT_BOOKABLE
weekday,2027-02-22,2027-02-22,2027-02-26,,Ski Roter Star,5253|5258|5267|5278|5284|5294,120min:13;240min:13,UNMAPPED,UNMAPPED,CANDIDATE_NOT_LIVE_NOT_BOOKABLE,2026-09-30,b5db33ab54a9c9565edd6541461a3b982afc4a5f78ded6bbd833e99ee3f14d67,Ski,Mo-Fr,10:00-12:00|14:00-16:00,30.09 screenshot 20-38-37 Ski main period; individual activity not selected,UNMAPPED_NOT_LIVE_NOT_BOOKABLE
weekday,2027-02-22,2027-02-22,2027-02-26,,Ski Schwarzer König/Königin,5278,240min:13,UNMAPPED,UNMAPPED,CANDIDATE_NOT_LIVE_NOT_BOOKABLE,2026-09-30,b5db33ab54a9c9565edd6541461a3b982afc4a5f78ded6bbd833e99ee3f14d67,Ski,Mo-Fr,10:00-12:00|14:00-16:00,30.09 screenshot 20-38-37 Ski main period; individual activity not selected,UNMAPPED_NOT_LIVE_NOT_BOOKABLE
weekday,2027-02-22,2027-02-22,2027-02-26,,Ski Schwarzer Prinz/Prinzessin,5253|5258|5267|5278|5284|5294,120min:13;240min:13,UNMAPPED,UNMAPPED,CANDIDATE_NOT_LIVE_NOT_BOOKABLE,2026-09-30,b5db33ab54a9c9565edd6541461a3b982afc4a5f78ded6bbd833e99ee3f14d67,Ski,Mo-Fr,10:00-12:00|14:00-16:00,30.09 screenshot 20-38-37 Ski main period; individual activity not selected,UNMAPPED_NOT_LIVE_NOT_BOOKABLE
weekday,2027-02-22,2027-02-22,2027-02-26,,Ski Swiss Snow Academy,5253|5258|5267|5278|5284|5294,120min:13;240min:13,UNMAPPED,UNMAPPED,CANDIDATE_NOT_LIVE_NOT_BOOKABLE,2026-09-30,b5db33ab54a9c9565edd6541461a3b982afc4a5f78ded6bbd833e99ee3f14d67,Ski,Mo-Fr,10:00-12:00|14:00-16:00,30.09 screenshot 20-38-37 Ski main period; individual activity not selected,UNMAPPED_NOT_LIVE_NOT_BOOKABLE
weekday,2027-02-22,2027-02-22,2027-02-26,,Ski Swiss Snow Kids Village,5253|5258|5267|5278|5284|5288|5294,120min:13/8;240min:13,UNMAPPED,UNMAPPED,CANDIDATE_NOT_LIVE_NOT_BOOKABLE,2026-09-30,b5db33ab54a9c9565edd6541461a3b982afc4a5f78ded6bbd833e99ee3f14d67,Ski,Mo-Fr,10:00-12:00|14:00-16:00,30.09 screenshot 20-38-37 Ski main period; individual activity not selected,UNMAPPED_NOT_LIVE_NOT_BOOKABLE
weekday,2027-02-22,2027-02-22,2027-02-26,,Ski Windel-Wedelkurs,5254|5263|5273|5281|5288,120min:8,UNMAPPED,UNMAPPED,CANDIDATE_NOT_LIVE_NOT_BOOKABLE,2026-09-30,b5db33ab54a9c9565edd6541461a3b982afc4a5f78ded6bbd833e99ee3f14d67,Ski,Mo-Fr,10:00-12:00,30.09 screenshot 20-38-11 exact activity,UNMAPPED_NOT_LIVE_NOT_BOOKABLE
weekday,2027-02-22,2027-02-22,2027-02-26,,Snowboard Anfänger,5249|5262|5271|5279|5290,120min:10,UNMAPPED,UNMAPPED,CANDIDATE_NOT_LIVE_NOT_BOOKABLE,2026-09-30,b5db33ab54a9c9565edd6541461a3b982afc4a5f78ded6bbd833e99ee3f14d67,Snowboard,Ohne Beschraenkung (Betriebstage nicht bestaetigt),10:00-12:00|14:00-16:00,30.09 screenshot 20-38-46 exact beginner/advanced period; variant not selected,UNMAPPED_NOT_LIVE_NOT_BOOKABLE
weekday,2027-02-22,2027-02-22,2027-02-26,,Snowboard Fortgeschritten,5249|5262|5271|5279|5290,120min:10,UNMAPPED,UNMAPPED,CANDIDATE_NOT_LIVE_NOT_BOOKABLE,2026-09-30,b5db33ab54a9c9565edd6541461a3b982afc4a5f78ded6bbd833e99ee3f14d67,Snowboard,Ohne Beschraenkung (Betriebstage nicht bestaetigt),10:00-12:00|14:00-16:00,30.09 screenshot 20-38-46 exact beginner/advanced period; variant not selected,UNMAPPED_NOT_LIVE_NOT_BOOKABLE
weekday,2027-03-01,2027-03-01,2027-03-05,,Ski Blauer König/Königin,5253|5258|5267|5278|5284|5294,120min:13;240min:13,UNMAPPED,UNMAPPED,CANDIDATE_NOT_LIVE_NOT_BOOKABLE,2026-09-30,b5db33ab54a9c9565edd6541461a3b982afc4a5f78ded6bbd833e99ee3f14d67,Ski,Mo-Fr,10:00-12:00|14:00-16:00,30.09 screenshot 20-38-37 Ski main period; individual activity not selected,UNMAPPED_NOT_LIVE_NOT_BOOKABLE
weekday,2027-03-01,2027-03-01,2027-03-05,,Ski Blauer Prinz/Prinzessin,5253|5258|5267|5278|5284|5294,120min:13;240min:13,UNMAPPED,UNMAPPED,CANDIDATE_NOT_LIVE_NOT_BOOKABLE,2026-09-30,b5db33ab54a9c9565edd6541461a3b982afc4a5f78ded6bbd833e99ee3f14d67,Ski,Mo-Fr,10:00-12:00|14:00-16:00,30.09 screenshot 20-38-37 Ski main period; individual activity not selected,UNMAPPED_NOT_LIVE_NOT_BOOKABLE
weekday,2027-03-01,2027-03-01,2027-03-05,,Ski Blauer Star,5253|5258|5267|5278|5284|5294,120min:13;240min:13,UNMAPPED,UNMAPPED,CANDIDATE_NOT_LIVE_NOT_BOOKABLE,2026-09-30,b5db33ab54a9c9565edd6541461a3b982afc4a5f78ded6bbd833e99ee3f14d67,Ski,Mo-Fr,10:00-12:00|14:00-16:00,30.09 screenshot 20-38-37 Ski main period; individual activity not selected,UNMAPPED_NOT_LIVE_NOT_BOOKABLE
weekday,2027-03-01,2027-03-01,2027-03-05,,Ski Erwachsene Anfänger,5247|5259|5269|5277|5287|5296,120min:13;240min:13,UNMAPPED,UNMAPPED,CANDIDATE_NOT_LIVE_NOT_BOOKABLE,2026-09-30,b5db33ab54a9c9565edd6541461a3b982afc4a5f78ded6bbd833e99ee3f14d67,Ski,Mo-Fr,10:00-12:00|14:00-16:00,30.09 screenshot 20-38-37 Ski main period; individual activity not selected,UNMAPPED_NOT_LIVE_NOT_BOOKABLE
weekday,2027-03-01,2027-03-01,2027-03-05,,Ski Erwachsene Fortgeschritten,5247|5259|5269|5277|5287|5296,120min:13;240min:13,UNMAPPED,UNMAPPED,CANDIDATE_NOT_LIVE_NOT_BOOKABLE,2026-09-30,b5db33ab54a9c9565edd6541461a3b982afc4a5f78ded6bbd833e99ee3f14d67,Ski,Mo-Fr,10:00-12:00|14:00-16:00,30.09 screenshot 20-38-37 Ski main period; individual activity not selected,UNMAPPED_NOT_LIVE_NOT_BOOKABLE
weekday,2027-03-01,2027-03-01,2027-03-05,,Ski Erwachsene Wiedereinsteiger,5255,120min:13,UNMAPPED,UNMAPPED,CANDIDATE_NOT_LIVE_NOT_BOOKABLE,2026-09-30,b5db33ab54a9c9565edd6541461a3b982afc4a5f78ded6bbd833e99ee3f14d67,Ski,Mo-Fr,10:00-12:00|14:00-16:00,30.09 screenshot 20-38-37 Ski main period; individual activity not selected,UNMAPPED_NOT_LIVE_NOT_BOOKABLE
weekday,2027-03-01,2027-03-01,2027-03-05,,Ski Kinder Fortgeschritten,5278,240min:13,UNMAPPED,UNMAPPED,CANDIDATE_NOT_LIVE_NOT_BOOKABLE,2026-09-30,b5db33ab54a9c9565edd6541461a3b982afc4a5f78ded6bbd833e99ee3f14d67,Ski,Mo-Fr,10:00-12:00|14:00-16:00,30.09 screenshot 20-38-37 Ski main period; individual activity not selected,UNMAPPED_NOT_LIVE_NOT_BOOKABLE
weekday,2027-03-01,2027-03-01,2027-03-05,,Ski Roter König/Königin,5253|5258|5267|5278|5284|5294,120min:13;240min:13,UNMAPPED,UNMAPPED,CANDIDATE_NOT_LIVE_NOT_BOOKABLE,2026-09-30,b5db33ab54a9c9565edd6541461a3b982afc4a5f78ded6bbd833e99ee3f14d67,Ski,Mo-Fr,10:00-12:00|14:00-16:00,30.09 screenshot 20-38-37 Ski main period; individual activity not selected,UNMAPPED_NOT_LIVE_NOT_BOOKABLE
weekday,2027-03-01,2027-03-01,2027-03-05,,Ski Roter Prinz/Prinzessin,5253|5258|5267|5278|5284|5294,120min:13;240min:13,UNMAPPED,UNMAPPED,CANDIDATE_NOT_LIVE_NOT_BOOKABLE,2026-09-30,b5db33ab54a9c9565edd6541461a3b982afc4a5f78ded6bbd833e99ee3f14d67,Ski,Mo-Fr,10:00-12:00|14:00-16:00,30.09 screenshot 20-38-37 Ski main period; individual activity not selected,UNMAPPED_NOT_LIVE_NOT_BOOKABLE
weekday,2027-03-01,2027-03-01,2027-03-05,,Ski Roter Star,5253|5258|5267|5278|5284|5294,120min:13;240min:13,UNMAPPED,UNMAPPED,CANDIDATE_NOT_LIVE_NOT_BOOKABLE,2026-09-30,b5db33ab54a9c9565edd6541461a3b982afc4a5f78ded6bbd833e99ee3f14d67,Ski,Mo-Fr,10:00-12:00|14:00-16:00,30.09 screenshot 20-38-37 Ski main period; individual activity not selected,UNMAPPED_NOT_LIVE_NOT_BOOKABLE
weekday,2027-03-01,2027-03-01,2027-03-05,,Ski Schwarzer König/Königin,5278,240min:13,UNMAPPED,UNMAPPED,CANDIDATE_NOT_LIVE_NOT_BOOKABLE,2026-09-30,b5db33ab54a9c9565edd6541461a3b982afc4a5f78ded6bbd833e99ee3f14d67,Ski,Mo-Fr,10:00-12:00|14:00-16:00,30.09 screenshot 20-38-37 Ski main period; individual activity not selected,UNMAPPED_NOT_LIVE_NOT_BOOKABLE
weekday,2027-03-01,2027-03-01,2027-03-05,,Ski Schwarzer Prinz/Prinzessin,5253|5258|5267|5278|5284|5294,120min:13;240min:13,UNMAPPED,UNMAPPED,CANDIDATE_NOT_LIVE_NOT_BOOKABLE,2026-09-30,b5db33ab54a9c9565edd6541461a3b982afc4a5f78ded6bbd833e99ee3f14d67,Ski,Mo-Fr,10:00-12:00|14:00-16:00,30.09 screenshot 20-38-37 Ski main period; individual activity not selected,UNMAPPED_NOT_LIVE_NOT_BOOKABLE
weekday,2027-03-01,2027-03-01,2027-03-05,,Ski Swiss Snow Academy,5253|5258|5267|5278|5284|5294,120min:13;240min:13,UNMAPPED,UNMAPPED,CANDIDATE_NOT_LIVE_NOT_BOOKABLE,2026-09-30,b5db33ab54a9c9565edd6541461a3b982afc4a5f78ded6bbd833e99ee3f14d67,Ski,Mo-Fr,10:00-12:00|14:00-16:00,30.09 screenshot 20-38-37 Ski main period; individual activity not selected,UNMAPPED_NOT_LIVE_NOT_BOOKABLE
weekday,2027-03-01,2027-03-01,2027-03-05,,Ski Swiss Snow Kids Village,5253|5258|5267|5278|5284|5288|5294,120min:13/8;240min:13,UNMAPPED,UNMAPPED,CANDIDATE_NOT_LIVE_NOT_BOOKABLE,2026-09-30,b5db33ab54a9c9565edd6541461a3b982afc4a5f78ded6bbd833e99ee3f14d67,Ski,Mo-Fr,10:00-12:00|14:00-16:00,30.09 screenshot 20-38-37 Ski main period; individual activity not selected,UNMAPPED_NOT_LIVE_NOT_BOOKABLE
weekday,2027-03-01,2027-03-01,2027-03-05,,Ski Windel-Wedelkurs,5254|5263|5273|5281|5288,120min:8,UNMAPPED,UNMAPPED,CANDIDATE_NOT_LIVE_NOT_BOOKABLE,2026-09-30,b5db33ab54a9c9565edd6541461a3b982afc4a5f78ded6bbd833e99ee3f14d67,Ski,Mo-Fr,10:00-12:00,30.09 screenshot 20-38-11 exact activity,UNMAPPED_NOT_LIVE_NOT_BOOKABLE
weekday,2027-03-01,2027-03-01,2027-03-05,,Snowboard Anfänger,5249|5262|5271|5279|5290,120min:10,UNMAPPED,UNMAPPED,CANDIDATE_NOT_LIVE_NOT_BOOKABLE,2026-09-30,b5db33ab54a9c9565edd6541461a3b982afc4a5f78ded6bbd833e99ee3f14d67,Snowboard,Ohne Beschraenkung (Betriebstage nicht bestaetigt),10:00-12:00|14:00-16:00,30.09 screenshot 20-38-46 exact beginner/advanced period; variant not selected,UNMAPPED_NOT_LIVE_NOT_BOOKABLE
weekday,2027-03-01,2027-03-01,2027-03-05,,Snowboard Fortgeschritten,5249|5262|5271|5279|5290,120min:10,UNMAPPED,UNMAPPED,CANDIDATE_NOT_LIVE_NOT_BOOKABLE,2026-09-30,b5db33ab54a9c9565edd6541461a3b982afc4a5f78ded6bbd833e99ee3f14d67,Snowboard,Ohne Beschraenkung (Betriebstage nicht bestaetigt),10:00-12:00|14:00-16:00,30.09 screenshot 20-38-46 exact beginner/advanced period; variant not selected,UNMAPPED_NOT_LIVE_NOT_BOOKABLE
weekday,2027-03-08,2027-03-08,2027-03-12,,Ski Blauer König/Königin,5253|5258|5267|5278|5284|5294,120min:13;240min:13,UNMAPPED,UNMAPPED,CANDIDATE_NOT_LIVE_NOT_BOOKABLE,2026-09-30,b5db33ab54a9c9565edd6541461a3b982afc4a5f78ded6bbd833e99ee3f14d67,Ski,Mo-Fr,10:00-12:00|14:00-16:00,30.09 screenshot 20-38-37 Ski main period; individual activity not selected,UNMAPPED_NOT_LIVE_NOT_BOOKABLE
weekday,2027-03-08,2027-03-08,2027-03-12,,Ski Blauer Prinz/Prinzessin,5253|5258|5267|5278|5284|5294,120min:13;240min:13,UNMAPPED,UNMAPPED,CANDIDATE_NOT_LIVE_NOT_BOOKABLE,2026-09-30,b5db33ab54a9c9565edd6541461a3b982afc4a5f78ded6bbd833e99ee3f14d67,Ski,Mo-Fr,10:00-12:00|14:00-16:00,30.09 screenshot 20-38-37 Ski main period; individual activity not selected,UNMAPPED_NOT_LIVE_NOT_BOOKABLE
weekday,2027-03-08,2027-03-08,2027-03-12,,Ski Blauer Star,5253|5258|5267|5278|5284|5294,120min:13;240min:13,UNMAPPED,UNMAPPED,CANDIDATE_NOT_LIVE_NOT_BOOKABLE,2026-09-30,b5db33ab54a9c9565edd6541461a3b982afc4a5f78ded6bbd833e99ee3f14d67,Ski,Mo-Fr,10:00-12:00|14:00-16:00,30.09 screenshot 20-38-37 Ski main period; individual activity not selected,UNMAPPED_NOT_LIVE_NOT_BOOKABLE
weekday,2027-03-08,2027-03-08,2027-03-12,,Ski Erwachsene Anfänger,5247|5259|5269|5277|5287|5296,120min:13;240min:13,UNMAPPED,UNMAPPED,CANDIDATE_NOT_LIVE_NOT_BOOKABLE,2026-09-30,b5db33ab54a9c9565edd6541461a3b982afc4a5f78ded6bbd833e99ee3f14d67,Ski,Mo-Fr,10:00-12:00|14:00-16:00,30.09 screenshot 20-38-37 Ski main period; individual activity not selected,UNMAPPED_NOT_LIVE_NOT_BOOKABLE
weekday,2027-03-08,2027-03-08,2027-03-12,,Ski Erwachsene Fortgeschritten,5247|5259|5269|5277|5287|5296,120min:13;240min:13,UNMAPPED,UNMAPPED,CANDIDATE_NOT_LIVE_NOT_BOOKABLE,2026-09-30,b5db33ab54a9c9565edd6541461a3b982afc4a5f78ded6bbd833e99ee3f14d67,Ski,Mo-Fr,10:00-12:00|14:00-16:00,30.09 screenshot 20-38-37 Ski main period; individual activity not selected,UNMAPPED_NOT_LIVE_NOT_BOOKABLE
weekday,2027-03-08,2027-03-08,2027-03-12,,Ski Erwachsene Wiedereinsteiger,5255,120min:13,UNMAPPED,UNMAPPED,CANDIDATE_NOT_LIVE_NOT_BOOKABLE,2026-09-30,b5db33ab54a9c9565edd6541461a3b982afc4a5f78ded6bbd833e99ee3f14d67,Ski,Mo-Fr,10:00-12:00|14:00-16:00,30.09 screenshot 20-38-37 Ski main period; individual activity not selected,UNMAPPED_NOT_LIVE_NOT_BOOKABLE
weekday,2027-03-08,2027-03-08,2027-03-12,,Ski Kinder Fortgeschritten,5278,240min:13,UNMAPPED,UNMAPPED,CANDIDATE_NOT_LIVE_NOT_BOOKABLE,2026-09-30,b5db33ab54a9c9565edd6541461a3b982afc4a5f78ded6bbd833e99ee3f14d67,Ski,Mo-Fr,10:00-12:00|14:00-16:00,30.09 screenshot 20-38-37 Ski main period; individual activity not selected,UNMAPPED_NOT_LIVE_NOT_BOOKABLE
weekday,2027-03-08,2027-03-08,2027-03-12,,Ski Roter König/Königin,5253|5258|5267|5278|5284|5294,120min:13;240min:13,UNMAPPED,UNMAPPED,CANDIDATE_NOT_LIVE_NOT_BOOKABLE,2026-09-30,b5db33ab54a9c9565edd6541461a3b982afc4a5f78ded6bbd833e99ee3f14d67,Ski,Mo-Fr,10:00-12:00|14:00-16:00,30.09 screenshot 20-38-37 Ski main period; individual activity not selected,UNMAPPED_NOT_LIVE_NOT_BOOKABLE
weekday,2027-03-08,2027-03-08,2027-03-12,,Ski Roter Prinz/Prinzessin,5253|5258|5267|5278|5284|5294,120min:13;240min:13,UNMAPPED,UNMAPPED,CANDIDATE_NOT_LIVE_NOT_BOOKABLE,2026-09-30,b5db33ab54a9c9565edd6541461a3b982afc4a5f78ded6bbd833e99ee3f14d67,Ski,Mo-Fr,10:00-12:00|14:00-16:00,30.09 screenshot 20-38-37 Ski main period; individual activity not selected,UNMAPPED_NOT_LIVE_NOT_BOOKABLE
weekday,2027-03-08,2027-03-08,2027-03-12,,Ski Roter Star,5253|5258|5267|5278|5284|5294,120min:13;240min:13,UNMAPPED,UNMAPPED,CANDIDATE_NOT_LIVE_NOT_BOOKABLE,2026-09-30,b5db33ab54a9c9565edd6541461a3b982afc4a5f78ded6bbd833e99ee3f14d67,Ski,Mo-Fr,10:00-12:00|14:00-16:00,30.09 screenshot 20-38-37 Ski main period; individual activity not selected,UNMAPPED_NOT_LIVE_NOT_BOOKABLE
weekday,2027-03-08,2027-03-08,2027-03-12,,Ski Schwarzer König/Königin,5278,240min:13,UNMAPPED,UNMAPPED,CANDIDATE_NOT_LIVE_NOT_BOOKABLE,2026-09-30,b5db33ab54a9c9565edd6541461a3b982afc4a5f78ded6bbd833e99ee3f14d67,Ski,Mo-Fr,10:00-12:00|14:00-16:00,30.09 screenshot 20-38-37 Ski main period; individual activity not selected,UNMAPPED_NOT_LIVE_NOT_BOOKABLE
weekday,2027-03-08,2027-03-08,2027-03-12,,Ski Schwarzer Prinz/Prinzessin,5253|5258|5267|5278|5284|5294,120min:13;240min:13,UNMAPPED,UNMAPPED,CANDIDATE_NOT_LIVE_NOT_BOOKABLE,2026-09-30,b5db33ab54a9c9565edd6541461a3b982afc4a5f78ded6bbd833e99ee3f14d67,Ski,Mo-Fr,10:00-12:00|14:00-16:00,30.09 screenshot 20-38-37 Ski main period; individual activity not selected,UNMAPPED_NOT_LIVE_NOT_BOOKABLE
weekday,2027-03-08,2027-03-08,2027-03-12,,Ski Swiss Snow Academy,5253|5258|5267|5278|5284|5294,120min:13;240min:13,UNMAPPED,UNMAPPED,CANDIDATE_NOT_LIVE_NOT_BOOKABLE,2026-09-30,b5db33ab54a9c9565edd6541461a3b982afc4a5f78ded6bbd833e99ee3f14d67,Ski,Mo-Fr,10:00-12:00|14:00-16:00,30.09 screenshot 20-38-37 Ski main period; individual activity not selected,UNMAPPED_NOT_LIVE_NOT_BOOKABLE
weekday,2027-03-08,2027-03-08,2027-03-12,,Ski Swiss Snow Kids Village,5253|5258|5267|5278|5284|5288|5294,120min:13/8;240min:13,UNMAPPED,UNMAPPED,CANDIDATE_NOT_LIVE_NOT_BOOKABLE,2026-09-30,b5db33ab54a9c9565edd6541461a3b982afc4a5f78ded6bbd833e99ee3f14d67,Ski,Mo-Fr,10:00-12:00|14:00-16:00,30.09 screenshot 20-38-37 Ski main period; individual activity not selected,UNMAPPED_NOT_LIVE_NOT_BOOKABLE
weekday,2027-03-08,2027-03-08,2027-03-12,,Ski Windel-Wedelkurs,5254|5263|5273|5281|5288,120min:8,UNMAPPED,UNMAPPED,CANDIDATE_NOT_LIVE_NOT_BOOKABLE,2026-09-30,b5db33ab54a9c9565edd6541461a3b982afc4a5f78ded6bbd833e99ee3f14d67,Ski,Mo-Fr,10:00-12:00,30.09 screenshot 20-38-11 exact activity,UNMAPPED_NOT_LIVE_NOT_BOOKABLE
weekday,2027-03-08,2027-03-08,2027-03-12,,Snowboard Anfänger,5249|5262|5271|5279|5290,120min:10,UNMAPPED,UNMAPPED,CANDIDATE_NOT_LIVE_NOT_BOOKABLE,2026-09-30,b5db33ab54a9c9565edd6541461a3b982afc4a5f78ded6bbd833e99ee3f14d67,Snowboard,Ohne Beschraenkung (Betriebstage nicht bestaetigt),10:00-12:00|14:00-16:00,30.09 screenshot 20-38-46 exact beginner/advanced period; variant not selected,UNMAPPED_NOT_LIVE_NOT_BOOKABLE
weekday,2027-03-08,2027-03-08,2027-03-12,,Snowboard Fortgeschritten,5249|5262|5271|5279|5290,120min:10,UNMAPPED,UNMAPPED,CANDIDATE_NOT_LIVE_NOT_BOOKABLE,2026-09-30,b5db33ab54a9c9565edd6541461a3b982afc4a5f78ded6bbd833e99ee3f14d67,Snowboard,Ohne Beschraenkung (Betriebstage nicht bestaetigt),10:00-12:00|14:00-16:00,30.09 screenshot 20-38-46 exact beginner/advanced period; variant not selected,UNMAPPED_NOT_LIVE_NOT_BOOKABLE
weekday,2027-03-15,2027-03-15,2027-03-19,,Ski Blauer König/Königin,5253|5258|5267|5278|5284|5294,120min:13;240min:13,UNMAPPED,UNMAPPED,CANDIDATE_NOT_LIVE_NOT_BOOKABLE,2026-09-30,b5db33ab54a9c9565edd6541461a3b982afc4a5f78ded6bbd833e99ee3f14d67,Ski,Mo-Fr,10:00-12:00|14:00-16:00,30.09 screenshot 20-38-37 Ski main period; individual activity not selected,UNMAPPED_NOT_LIVE_NOT_BOOKABLE
weekday,2027-03-15,2027-03-15,2027-03-19,,Ski Blauer Prinz/Prinzessin,5253|5258|5267|5278|5284|5294,120min:13;240min:13,UNMAPPED,UNMAPPED,CANDIDATE_NOT_LIVE_NOT_BOOKABLE,2026-09-30,b5db33ab54a9c9565edd6541461a3b982afc4a5f78ded6bbd833e99ee3f14d67,Ski,Mo-Fr,10:00-12:00|14:00-16:00,30.09 screenshot 20-38-37 Ski main period; individual activity not selected,UNMAPPED_NOT_LIVE_NOT_BOOKABLE
weekday,2027-03-15,2027-03-15,2027-03-19,,Ski Blauer Star,5253|5258|5267|5278|5284|5294,120min:13;240min:13,UNMAPPED,UNMAPPED,CANDIDATE_NOT_LIVE_NOT_BOOKABLE,2026-09-30,b5db33ab54a9c9565edd6541461a3b982afc4a5f78ded6bbd833e99ee3f14d67,Ski,Mo-Fr,10:00-12:00|14:00-16:00,30.09 screenshot 20-38-37 Ski main period; individual activity not selected,UNMAPPED_NOT_LIVE_NOT_BOOKABLE
weekday,2027-03-15,2027-03-15,2027-03-19,,Ski Erwachsene Anfänger,5247|5259|5269|5277|5287|5296,120min:13;240min:13,UNMAPPED,UNMAPPED,CANDIDATE_NOT_LIVE_NOT_BOOKABLE,2026-09-30,b5db33ab54a9c9565edd6541461a3b982afc4a5f78ded6bbd833e99ee3f14d67,Ski,Mo-Fr,10:00-12:00|14:00-16:00,30.09 screenshot 20-38-37 Ski main period; individual activity not selected,UNMAPPED_NOT_LIVE_NOT_BOOKABLE
weekday,2027-03-15,2027-03-15,2027-03-19,,Ski Erwachsene Fortgeschritten,5247|5259|5269|5277|5287|5296,120min:13;240min:13,UNMAPPED,UNMAPPED,CANDIDATE_NOT_LIVE_NOT_BOOKABLE,2026-09-30,b5db33ab54a9c9565edd6541461a3b982afc4a5f78ded6bbd833e99ee3f14d67,Ski,Mo-Fr,10:00-12:00|14:00-16:00,30.09 screenshot 20-38-37 Ski main period; individual activity not selected,UNMAPPED_NOT_LIVE_NOT_BOOKABLE
weekday,2027-03-15,2027-03-15,2027-03-19,,Ski Erwachsene Wiedereinsteiger,5255,120min:13,UNMAPPED,UNMAPPED,CANDIDATE_NOT_LIVE_NOT_BOOKABLE,2026-09-30,b5db33ab54a9c9565edd6541461a3b982afc4a5f78ded6bbd833e99ee3f14d67,Ski,Mo-Fr,10:00-12:00|14:00-16:00,30.09 screenshot 20-38-37 Ski main period; individual activity not selected,UNMAPPED_NOT_LIVE_NOT_BOOKABLE
weekday,2027-03-15,2027-03-15,2027-03-19,,Ski Kinder Fortgeschritten,5278,240min:13,UNMAPPED,UNMAPPED,CANDIDATE_NOT_LIVE_NOT_BOOKABLE,2026-09-30,b5db33ab54a9c9565edd6541461a3b982afc4a5f78ded6bbd833e99ee3f14d67,Ski,Mo-Fr,10:00-12:00|14:00-16:00,30.09 screenshot 20-38-37 Ski main period; individual activity not selected,UNMAPPED_NOT_LIVE_NOT_BOOKABLE
weekday,2027-03-15,2027-03-15,2027-03-19,,Ski Roter König/Königin,5253|5258|5267|5278|5284|5294,120min:13;240min:13,UNMAPPED,UNMAPPED,CANDIDATE_NOT_LIVE_NOT_BOOKABLE,2026-09-30,b5db33ab54a9c9565edd6541461a3b982afc4a5f78ded6bbd833e99ee3f14d67,Ski,Mo-Fr,10:00-12:00|14:00-16:00,30.09 screenshot 20-38-37 Ski main period; individual activity not selected,UNMAPPED_NOT_LIVE_NOT_BOOKABLE
weekday,2027-03-15,2027-03-15,2027-03-19,,Ski Roter Prinz/Prinzessin,5253|5258|5267|5278|5284|5294,120min:13;240min:13,UNMAPPED,UNMAPPED,CANDIDATE_NOT_LIVE_NOT_BOOKABLE,2026-09-30,b5db33ab54a9c9565edd6541461a3b982afc4a5f78ded6bbd833e99ee3f14d67,Ski,Mo-Fr,10:00-12:00|14:00-16:00,30.09 screenshot 20-38-37 Ski main period; individual activity not selected,UNMAPPED_NOT_LIVE_NOT_BOOKABLE
weekday,2027-03-15,2027-03-15,2027-03-19,,Ski Roter Star,5253|5258|5267|5278|5284|5294,120min:13;240min:13,UNMAPPED,UNMAPPED,CANDIDATE_NOT_LIVE_NOT_BOOKABLE,2026-09-30,b5db33ab54a9c9565edd6541461a3b982afc4a5f78ded6bbd833e99ee3f14d67,Ski,Mo-Fr,10:00-12:00|14:00-16:00,30.09 screenshot 20-38-37 Ski main period; individual activity not selected,UNMAPPED_NOT_LIVE_NOT_BOOKABLE
weekday,2027-03-15,2027-03-15,2027-03-19,,Ski Schwarzer König/Königin,5278,240min:13,UNMAPPED,UNMAPPED,CANDIDATE_NOT_LIVE_NOT_BOOKABLE,2026-09-30,b5db33ab54a9c9565edd6541461a3b982afc4a5f78ded6bbd833e99ee3f14d67,Ski,Mo-Fr,10:00-12:00|14:00-16:00,30.09 screenshot 20-38-37 Ski main period; individual activity not selected,UNMAPPED_NOT_LIVE_NOT_BOOKABLE
weekday,2027-03-15,2027-03-15,2027-03-19,,Ski Schwarzer Prinz/Prinzessin,5253|5258|5267|5278|5284|5294,120min:13;240min:13,UNMAPPED,UNMAPPED,CANDIDATE_NOT_LIVE_NOT_BOOKABLE,2026-09-30,b5db33ab54a9c9565edd6541461a3b982afc4a5f78ded6bbd833e99ee3f14d67,Ski,Mo-Fr,10:00-12:00|14:00-16:00,30.09 screenshot 20-38-37 Ski main period; individual activity not selected,UNMAPPED_NOT_LIVE_NOT_BOOKABLE
weekday,2027-03-15,2027-03-15,2027-03-19,,Ski Swiss Snow Academy,5253|5258|5267|5278|5284|5294,120min:13;240min:13,UNMAPPED,UNMAPPED,CANDIDATE_NOT_LIVE_NOT_BOOKABLE,2026-09-30,b5db33ab54a9c9565edd6541461a3b982afc4a5f78ded6bbd833e99ee3f14d67,Ski,Mo-Fr,10:00-12:00|14:00-16:00,30.09 screenshot 20-38-37 Ski main period; individual activity not selected,UNMAPPED_NOT_LIVE_NOT_BOOKABLE
weekday,2027-03-15,2027-03-15,2027-03-19,,Ski Swiss Snow Kids Village,5253|5258|5267|5278|5284|5288|5294,120min:13/8;240min:13,UNMAPPED,UNMAPPED,CANDIDATE_NOT_LIVE_NOT_BOOKABLE,2026-09-30,b5db33ab54a9c9565edd6541461a3b982afc4a5f78ded6bbd833e99ee3f14d67,Ski,Mo-Fr,10:00-12:00|14:00-16:00,30.09 screenshot 20-38-37 Ski main period; individual activity not selected,UNMAPPED_NOT_LIVE_NOT_BOOKABLE
weekday,2027-03-15,2027-03-15,2027-03-19,,Ski Windel-Wedelkurs,5254|5263|5273|5281|5288,120min:8,UNMAPPED,UNMAPPED,CANDIDATE_NOT_LIVE_NOT_BOOKABLE,2026-09-30,b5db33ab54a9c9565edd6541461a3b982afc4a5f78ded6bbd833e99ee3f14d67,Ski,Mo-Fr,10:00-12:00,30.09 screenshot 20-38-11 exact activity,UNMAPPED_NOT_LIVE_NOT_BOOKABLE
weekday,2027-03-15,2027-03-15,2027-03-19,,Snowboard Anfänger,5249|5262|5271|5279|5290,120min:10,UNMAPPED,UNMAPPED,CANDIDATE_NOT_LIVE_NOT_BOOKABLE,2026-09-30,b5db33ab54a9c9565edd6541461a3b982afc4a5f78ded6bbd833e99ee3f14d67,Snowboard,Ohne Beschraenkung (Betriebstage nicht bestaetigt),10:00-12:00|14:00-16:00,30.09 screenshot 20-38-46 exact beginner/advanced period; variant not selected,UNMAPPED_NOT_LIVE_NOT_BOOKABLE
weekday,2027-03-15,2027-03-15,2027-03-19,,Snowboard Fortgeschritten,5249|5262|5271|5279|5290,120min:10,UNMAPPED,UNMAPPED,CANDIDATE_NOT_LIVE_NOT_BOOKABLE,2026-09-30,b5db33ab54a9c9565edd6541461a3b982afc4a5f78ded6bbd833e99ee3f14d67,Snowboard,Ohne Beschraenkung (Betriebstage nicht bestaetigt),10:00-12:00|14:00-16:00,30.09 screenshot 20-38-46 exact beginner/advanced period; variant not selected,UNMAPPED_NOT_LIVE_NOT_BOOKABLE
weekday,2027-03-22,2027-03-22,2027-03-26,,Ski Blauer König/Königin,5253|5258|5267|5278|5284|5294,120min:13;240min:13,UNMAPPED,UNMAPPED,CANDIDATE_NOT_LIVE_NOT_BOOKABLE,2026-09-30,b5db33ab54a9c9565edd6541461a3b982afc4a5f78ded6bbd833e99ee3f14d67,Ski,Mo-Fr,10:00-12:00|14:00-16:00,30.09 screenshot 20-38-37 Ski main period; individual activity not selected,UNMAPPED_NOT_LIVE_NOT_BOOKABLE
weekday,2027-03-22,2027-03-22,2027-03-26,,Ski Blauer Prinz/Prinzessin,5253|5258|5267|5278|5284|5294,120min:13;240min:13,UNMAPPED,UNMAPPED,CANDIDATE_NOT_LIVE_NOT_BOOKABLE,2026-09-30,b5db33ab54a9c9565edd6541461a3b982afc4a5f78ded6bbd833e99ee3f14d67,Ski,Mo-Fr,10:00-12:00|14:00-16:00,30.09 screenshot 20-38-37 Ski main period; individual activity not selected,UNMAPPED_NOT_LIVE_NOT_BOOKABLE
weekday,2027-03-22,2027-03-22,2027-03-26,,Ski Blauer Star,5253|5258|5267|5278|5284|5294,120min:13;240min:13,UNMAPPED,UNMAPPED,CANDIDATE_NOT_LIVE_NOT_BOOKABLE,2026-09-30,b5db33ab54a9c9565edd6541461a3b982afc4a5f78ded6bbd833e99ee3f14d67,Ski,Mo-Fr,10:00-12:00|14:00-16:00,30.09 screenshot 20-38-37 Ski main period; individual activity not selected,UNMAPPED_NOT_LIVE_NOT_BOOKABLE
weekday,2027-03-22,2027-03-22,2027-03-26,,Ski Erwachsene Anfänger,5247|5259|5269|5277|5287|5296,120min:13;240min:13,UNMAPPED,UNMAPPED,CANDIDATE_NOT_LIVE_NOT_BOOKABLE,2026-09-30,b5db33ab54a9c9565edd6541461a3b982afc4a5f78ded6bbd833e99ee3f14d67,Ski,Mo-Fr,10:00-12:00|14:00-16:00,30.09 screenshot 20-38-37 Ski main period; individual activity not selected,UNMAPPED_NOT_LIVE_NOT_BOOKABLE
weekday,2027-03-22,2027-03-22,2027-03-26,,Ski Erwachsene Fortgeschritten,5247|5259|5269|5277|5287|5296,120min:13;240min:13,UNMAPPED,UNMAPPED,CANDIDATE_NOT_LIVE_NOT_BOOKABLE,2026-09-30,b5db33ab54a9c9565edd6541461a3b982afc4a5f78ded6bbd833e99ee3f14d67,Ski,Mo-Fr,10:00-12:00|14:00-16:00,30.09 screenshot 20-38-37 Ski main period; individual activity not selected,UNMAPPED_NOT_LIVE_NOT_BOOKABLE
weekday,2027-03-22,2027-03-22,2027-03-26,,Ski Erwachsene Wiedereinsteiger,5255,120min:13,UNMAPPED,UNMAPPED,CANDIDATE_NOT_LIVE_NOT_BOOKABLE,2026-09-30,b5db33ab54a9c9565edd6541461a3b982afc4a5f78ded6bbd833e99ee3f14d67,Ski,Mo-Fr,10:00-12:00|14:00-16:00,30.09 screenshot 20-38-37 Ski main period; individual activity not selected,UNMAPPED_NOT_LIVE_NOT_BOOKABLE
weekday,2027-03-22,2027-03-22,2027-03-26,,Ski Kinder Fortgeschritten,5278,240min:13,UNMAPPED,UNMAPPED,CANDIDATE_NOT_LIVE_NOT_BOOKABLE,2026-09-30,b5db33ab54a9c9565edd6541461a3b982afc4a5f78ded6bbd833e99ee3f14d67,Ski,Mo-Fr,10:00-12:00|14:00-16:00,30.09 screenshot 20-38-37 Ski main period; individual activity not selected,UNMAPPED_NOT_LIVE_NOT_BOOKABLE
weekday,2027-03-22,2027-03-22,2027-03-26,,Ski Roter König/Königin,5253|5258|5267|5278|5284|5294,120min:13;240min:13,UNMAPPED,UNMAPPED,CANDIDATE_NOT_LIVE_NOT_BOOKABLE,2026-09-30,b5db33ab54a9c9565edd6541461a3b982afc4a5f78ded6bbd833e99ee3f14d67,Ski,Mo-Fr,10:00-12:00|14:00-16:00,30.09 screenshot 20-38-37 Ski main period; individual activity not selected,UNMAPPED_NOT_LIVE_NOT_BOOKABLE
weekday,2027-03-22,2027-03-22,2027-03-26,,Ski Roter Prinz/Prinzessin,5253|5258|5267|5278|5284|5294,120min:13;240min:13,UNMAPPED,UNMAPPED,CANDIDATE_NOT_LIVE_NOT_BOOKABLE,2026-09-30,b5db33ab54a9c9565edd6541461a3b982afc4a5f78ded6bbd833e99ee3f14d67,Ski,Mo-Fr,10:00-12:00|14:00-16:00,30.09 screenshot 20-38-37 Ski main period; individual activity not selected,UNMAPPED_NOT_LIVE_NOT_BOOKABLE
weekday,2027-03-22,2027-03-22,2027-03-26,,Ski Roter Star,5253|5258|5267|5278|5284|5294,120min:13;240min:13,UNMAPPED,UNMAPPED,CANDIDATE_NOT_LIVE_NOT_BOOKABLE,2026-09-30,b5db33ab54a9c9565edd6541461a3b982afc4a5f78ded6bbd833e99ee3f14d67,Ski,Mo-Fr,10:00-12:00|14:00-16:00,30.09 screenshot 20-38-37 Ski main period; individual activity not selected,UNMAPPED_NOT_LIVE_NOT_BOOKABLE
weekday,2027-03-22,2027-03-22,2027-03-26,,Ski Schwarzer König/Königin,5278,240min:13,UNMAPPED,UNMAPPED,CANDIDATE_NOT_LIVE_NOT_BOOKABLE,2026-09-30,b5db33ab54a9c9565edd6541461a3b982afc4a5f78ded6bbd833e99ee3f14d67,Ski,Mo-Fr,10:00-12:00|14:00-16:00,30.09 screenshot 20-38-37 Ski main period; individual activity not selected,UNMAPPED_NOT_LIVE_NOT_BOOKABLE
weekday,2027-03-22,2027-03-22,2027-03-26,,Ski Schwarzer Prinz/Prinzessin,5253|5258|5267|5278|5284|5294,120min:13;240min:13,UNMAPPED,UNMAPPED,CANDIDATE_NOT_LIVE_NOT_BOOKABLE,2026-09-30,b5db33ab54a9c9565edd6541461a3b982afc4a5f78ded6bbd833e99ee3f14d67,Ski,Mo-Fr,10:00-12:00|14:00-16:00,30.09 screenshot 20-38-37 Ski main period; individual activity not selected,UNMAPPED_NOT_LIVE_NOT_BOOKABLE
weekday,2027-03-22,2027-03-22,2027-03-26,,Ski Swiss Snow Academy,5253|5258|5267|5278|5284|5294,120min:13;240min:13,UNMAPPED,UNMAPPED,CANDIDATE_NOT_LIVE_NOT_BOOKABLE,2026-09-30,b5db33ab54a9c9565edd6541461a3b982afc4a5f78ded6bbd833e99ee3f14d67,Ski,Mo-Fr,10:00-12:00|14:00-16:00,30.09 screenshot 20-38-37 Ski main period; individual activity not selected,UNMAPPED_NOT_LIVE_NOT_BOOKABLE
weekday,2027-03-22,2027-03-22,2027-03-26,,Ski Swiss Snow Kids Village,5253|5258|5267|5278|5284|5288|5294,120min:13/8;240min:13,UNMAPPED,UNMAPPED,CANDIDATE_NOT_LIVE_NOT_BOOKABLE,2026-09-30,b5db33ab54a9c9565edd6541461a3b982afc4a5f78ded6bbd833e99ee3f14d67,Ski,Mo-Fr,10:00-12:00|14:00-16:00,30.09 screenshot 20-38-37 Ski main period; individual activity not selected,UNMAPPED_NOT_LIVE_NOT_BOOKABLE
weekday,2027-03-22,2027-03-22,2027-03-26,,Ski Windel-Wedelkurs,5254|5263|5273|5281|5288,120min:8,UNMAPPED,UNMAPPED,CANDIDATE_NOT_LIVE_NOT_BOOKABLE,2026-09-30,b5db33ab54a9c9565edd6541461a3b982afc4a5f78ded6bbd833e99ee3f14d67,Ski,Mo-Fr,10:00-12:00,30.09 screenshot 20-38-11 exact activity,UNMAPPED_NOT_LIVE_NOT_BOOKABLE
weekday,2027-03-22,2027-03-22,2027-03-26,,Snowboard Anfänger,5249|5262|5271|5279|5290,120min:10,UNMAPPED,UNMAPPED,CANDIDATE_NOT_LIVE_NOT_BOOKABLE,2026-09-30,b5db33ab54a9c9565edd6541461a3b982afc4a5f78ded6bbd833e99ee3f14d67,Snowboard,Ohne Beschraenkung (Betriebstage nicht bestaetigt),10:00-12:00|14:00-16:00,30.09 screenshot 20-38-46 exact beginner/advanced period; variant not selected,UNMAPPED_NOT_LIVE_NOT_BOOKABLE
weekday,2027-03-22,2027-03-22,2027-03-26,,Snowboard Fortgeschritten,5249|5262|5271|5279|5290,120min:10,UNMAPPED,UNMAPPED,CANDIDATE_NOT_LIVE_NOT_BOOKABLE,2026-09-30,b5db33ab54a9c9565edd6541461a3b982afc4a5f78ded6bbd833e99ee3f14d67,Snowboard,Ohne Beschraenkung (Betriebstage nicht bestaetigt),10:00-12:00|14:00-16:00,30.09 screenshot 20-38-46 exact beginner/advanced period; variant not selected,UNMAPPED_NOT_LIVE_NOT_BOOKABLE
weekday,2027-03-29,2027-03-29,2027-04-02,,Ski Blauer König/Königin,5253|5258|5267|5278|5284|5294,120min:13;240min:13,UNMAPPED,UNMAPPED,CANDIDATE_NOT_LIVE_NOT_BOOKABLE,2026-09-30,b5db33ab54a9c9565edd6541461a3b982afc4a5f78ded6bbd833e99ee3f14d67,Ski,Mo-Fr,10:00-12:00|14:00-16:00,30.09 screenshot 20-38-37 Ski main period; individual activity not selected,UNMAPPED_NOT_LIVE_NOT_BOOKABLE
weekday,2027-03-29,2027-03-29,2027-04-02,,Ski Blauer Prinz/Prinzessin,5253|5258|5267|5278|5284|5294,120min:13;240min:13,UNMAPPED,UNMAPPED,CANDIDATE_NOT_LIVE_NOT_BOOKABLE,2026-09-30,b5db33ab54a9c9565edd6541461a3b982afc4a5f78ded6bbd833e99ee3f14d67,Ski,Mo-Fr,10:00-12:00|14:00-16:00,30.09 screenshot 20-38-37 Ski main period; individual activity not selected,UNMAPPED_NOT_LIVE_NOT_BOOKABLE
weekday,2027-03-29,2027-03-29,2027-04-02,,Ski Blauer Star,5253|5258|5267|5278|5284|5294,120min:13;240min:13,UNMAPPED,UNMAPPED,CANDIDATE_NOT_LIVE_NOT_BOOKABLE,2026-09-30,b5db33ab54a9c9565edd6541461a3b982afc4a5f78ded6bbd833e99ee3f14d67,Ski,Mo-Fr,10:00-12:00|14:00-16:00,30.09 screenshot 20-38-37 Ski main period; individual activity not selected,UNMAPPED_NOT_LIVE_NOT_BOOKABLE
weekday,2027-03-29,2027-03-29,2027-04-02,,Ski Erwachsene Anfänger,5247|5259|5269|5277|5287|5296,120min:13;240min:13,UNMAPPED,UNMAPPED,CANDIDATE_NOT_LIVE_NOT_BOOKABLE,2026-09-30,b5db33ab54a9c9565edd6541461a3b982afc4a5f78ded6bbd833e99ee3f14d67,Ski,Mo-Fr,10:00-12:00|14:00-16:00,30.09 screenshot 20-38-37 Ski main period; individual activity not selected,UNMAPPED_NOT_LIVE_NOT_BOOKABLE
weekday,2027-03-29,2027-03-29,2027-04-02,,Ski Erwachsene Fortgeschritten,5247|5259|5269|5277|5287|5296,120min:13;240min:13,UNMAPPED,UNMAPPED,CANDIDATE_NOT_LIVE_NOT_BOOKABLE,2026-09-30,b5db33ab54a9c9565edd6541461a3b982afc4a5f78ded6bbd833e99ee3f14d67,Ski,Mo-Fr,10:00-12:00|14:00-16:00,30.09 screenshot 20-38-37 Ski main period; individual activity not selected,UNMAPPED_NOT_LIVE_NOT_BOOKABLE
weekday,2027-03-29,2027-03-29,2027-04-02,,Ski Erwachsene Wiedereinsteiger,5255,120min:13,UNMAPPED,UNMAPPED,CANDIDATE_NOT_LIVE_NOT_BOOKABLE,2026-09-30,b5db33ab54a9c9565edd6541461a3b982afc4a5f78ded6bbd833e99ee3f14d67,Ski,Mo-Fr,10:00-12:00|14:00-16:00,30.09 screenshot 20-38-37 Ski main period; individual activity not selected,UNMAPPED_NOT_LIVE_NOT_BOOKABLE
weekday,2027-03-29,2027-03-29,2027-04-02,,Ski Kinder Fortgeschritten,5278,240min:13,UNMAPPED,UNMAPPED,CANDIDATE_NOT_LIVE_NOT_BOOKABLE,2026-09-30,b5db33ab54a9c9565edd6541461a3b982afc4a5f78ded6bbd833e99ee3f14d67,Ski,Mo-Fr,10:00-12:00|14:00-16:00,30.09 screenshot 20-38-37 Ski main period; individual activity not selected,UNMAPPED_NOT_LIVE_NOT_BOOKABLE
weekday,2027-03-29,2027-03-29,2027-04-02,,Ski Roter König/Königin,5253|5258|5267|5278|5284|5294,120min:13;240min:13,UNMAPPED,UNMAPPED,CANDIDATE_NOT_LIVE_NOT_BOOKABLE,2026-09-30,b5db33ab54a9c9565edd6541461a3b982afc4a5f78ded6bbd833e99ee3f14d67,Ski,Mo-Fr,10:00-12:00|14:00-16:00,30.09 screenshot 20-38-37 Ski main period; individual activity not selected,UNMAPPED_NOT_LIVE_NOT_BOOKABLE
weekday,2027-03-29,2027-03-29,2027-04-02,,Ski Roter Prinz/Prinzessin,5253|5258|5267|5278|5284|5294,120min:13;240min:13,UNMAPPED,UNMAPPED,CANDIDATE_NOT_LIVE_NOT_BOOKABLE,2026-09-30,b5db33ab54a9c9565edd6541461a3b982afc4a5f78ded6bbd833e99ee3f14d67,Ski,Mo-Fr,10:00-12:00|14:00-16:00,30.09 screenshot 20-38-37 Ski main period; individual activity not selected,UNMAPPED_NOT_LIVE_NOT_BOOKABLE
weekday,2027-03-29,2027-03-29,2027-04-02,,Ski Roter Star,5253|5258|5267|5278|5284|5294,120min:13;240min:13,UNMAPPED,UNMAPPED,CANDIDATE_NOT_LIVE_NOT_BOOKABLE,2026-09-30,b5db33ab54a9c9565edd6541461a3b982afc4a5f78ded6bbd833e99ee3f14d67,Ski,Mo-Fr,10:00-12:00|14:00-16:00,30.09 screenshot 20-38-37 Ski main period; individual activity not selected,UNMAPPED_NOT_LIVE_NOT_BOOKABLE
weekday,2027-03-29,2027-03-29,2027-04-02,,Ski Schwarzer König/Königin,5278,240min:13,UNMAPPED,UNMAPPED,CANDIDATE_NOT_LIVE_NOT_BOOKABLE,2026-09-30,b5db33ab54a9c9565edd6541461a3b982afc4a5f78ded6bbd833e99ee3f14d67,Ski,Mo-Fr,10:00-12:00|14:00-16:00,30.09 screenshot 20-38-37 Ski main period; individual activity not selected,UNMAPPED_NOT_LIVE_NOT_BOOKABLE
weekday,2027-03-29,2027-03-29,2027-04-02,,Ski Schwarzer Prinz/Prinzessin,5253|5258|5267|5278|5284|5294,120min:13;240min:13,UNMAPPED,UNMAPPED,CANDIDATE_NOT_LIVE_NOT_BOOKABLE,2026-09-30,b5db33ab54a9c9565edd6541461a3b982afc4a5f78ded6bbd833e99ee3f14d67,Ski,Mo-Fr,10:00-12:00|14:00-16:00,30.09 screenshot 20-38-37 Ski main period; individual activity not selected,UNMAPPED_NOT_LIVE_NOT_BOOKABLE
weekday,2027-03-29,2027-03-29,2027-04-02,,Ski Swiss Snow Academy,5253|5258|5267|5278|5284|5294,120min:13;240min:13,UNMAPPED,UNMAPPED,CANDIDATE_NOT_LIVE_NOT_BOOKABLE,2026-09-30,b5db33ab54a9c9565edd6541461a3b982afc4a5f78ded6bbd833e99ee3f14d67,Ski,Mo-Fr,10:00-12:00|14:00-16:00,30.09 screenshot 20-38-37 Ski main period; individual activity not selected,UNMAPPED_NOT_LIVE_NOT_BOOKABLE
weekday,2027-03-29,2027-03-29,2027-04-02,,Ski Swiss Snow Kids Village,5253|5258|5267|5278|5284|5288|5294,120min:13/8;240min:13,UNMAPPED,UNMAPPED,CANDIDATE_NOT_LIVE_NOT_BOOKABLE,2026-09-30,b5db33ab54a9c9565edd6541461a3b982afc4a5f78ded6bbd833e99ee3f14d67,Ski,Mo-Fr,10:00-12:00|14:00-16:00,30.09 screenshot 20-38-37 Ski main period; individual activity not selected,UNMAPPED_NOT_LIVE_NOT_BOOKABLE
weekday,2027-03-29,2027-03-29,2027-04-02,,Ski Windel-Wedelkurs,5254|5263|5273|5281|5288,120min:8,UNMAPPED,UNMAPPED,CANDIDATE_NOT_LIVE_NOT_BOOKABLE,2026-09-30,b5db33ab54a9c9565edd6541461a3b982afc4a5f78ded6bbd833e99ee3f14d67,Ski,Mo-Fr,10:00-12:00,30.09 screenshot 20-38-11 exact activity,UNMAPPED_NOT_LIVE_NOT_BOOKABLE
weekday,2027-03-29,2027-03-29,2027-04-02,,Snowboard Anfänger,5249|5262|5271|5279|5290,120min:10,UNMAPPED,UNMAPPED,CANDIDATE_NOT_LIVE_NOT_BOOKABLE,2026-09-30,b5db33ab54a9c9565edd6541461a3b982afc4a5f78ded6bbd833e99ee3f14d67,Snowboard,Ohne Beschraenkung (Betriebstage nicht bestaetigt),10:00-12:00|14:00-16:00,30.09 screenshot 20-38-46 exact beginner/advanced period; variant not selected,UNMAPPED_NOT_LIVE_NOT_BOOKABLE
weekday,2027-03-29,2027-03-29,2027-04-02,,Snowboard Fortgeschritten,5249|5262|5271|5279|5290,120min:10,UNMAPPED,UNMAPPED,CANDIDATE_NOT_LIVE_NOT_BOOKABLE,2026-09-30,b5db33ab54a9c9565edd6541461a3b982afc4a5f78ded6bbd833e99ee3f14d67,Snowboard,Ohne Beschraenkung (Betriebstage nicht bestaetigt),10:00-12:00|14:00-16:00,30.09 screenshot 20-38-46 exact beginner/advanced period; variant not selected,UNMAPPED_NOT_LIVE_NOT_BOOKABLE
weekday,2027-04-05,2027-04-05,2027-04-09,,Ski Blauer König/Königin,5253|5258|5267|5278|5284|5294,120min:13;240min:13,UNMAPPED,UNMAPPED,CANDIDATE_NOT_LIVE_NOT_BOOKABLE,2026-09-30,b5db33ab54a9c9565edd6541461a3b982afc4a5f78ded6bbd833e99ee3f14d67,Ski,Mo-Fr,10:00-12:00|14:00-16:00,30.09 screenshot 20-38-37 Ski main period; individual activity not selected,UNMAPPED_NOT_LIVE_NOT_BOOKABLE
weekday,2027-04-05,2027-04-05,2027-04-09,,Ski Blauer Prinz/Prinzessin,5253|5258|5267|5278|5284|5294,120min:13;240min:13,UNMAPPED,UNMAPPED,CANDIDATE_NOT_LIVE_NOT_BOOKABLE,2026-09-30,b5db33ab54a9c9565edd6541461a3b982afc4a5f78ded6bbd833e99ee3f14d67,Ski,Mo-Fr,10:00-12:00|14:00-16:00,30.09 screenshot 20-38-37 Ski main period; individual activity not selected,UNMAPPED_NOT_LIVE_NOT_BOOKABLE
weekday,2027-04-05,2027-04-05,2027-04-09,,Ski Blauer Star,5253|5258|5267|5278|5284|5294,120min:13;240min:13,UNMAPPED,UNMAPPED,CANDIDATE_NOT_LIVE_NOT_BOOKABLE,2026-09-30,b5db33ab54a9c9565edd6541461a3b982afc4a5f78ded6bbd833e99ee3f14d67,Ski,Mo-Fr,10:00-12:00|14:00-16:00,30.09 screenshot 20-38-37 Ski main period; individual activity not selected,UNMAPPED_NOT_LIVE_NOT_BOOKABLE
weekday,2027-04-05,2027-04-05,2027-04-09,,Ski Erwachsene Anfänger,5247|5259|5269|5277|5287|5296,120min:13;240min:13,UNMAPPED,UNMAPPED,CANDIDATE_NOT_LIVE_NOT_BOOKABLE,2026-09-30,b5db33ab54a9c9565edd6541461a3b982afc4a5f78ded6bbd833e99ee3f14d67,Ski,Mo-Fr,10:00-12:00|14:00-16:00,30.09 screenshot 20-38-37 Ski main period; individual activity not selected,UNMAPPED_NOT_LIVE_NOT_BOOKABLE
weekday,2027-04-05,2027-04-05,2027-04-09,,Ski Erwachsene Fortgeschritten,5247|5259|5269|5277|5287|5296,120min:13;240min:13,UNMAPPED,UNMAPPED,CANDIDATE_NOT_LIVE_NOT_BOOKABLE,2026-09-30,b5db33ab54a9c9565edd6541461a3b982afc4a5f78ded6bbd833e99ee3f14d67,Ski,Mo-Fr,10:00-12:00|14:00-16:00,30.09 screenshot 20-38-37 Ski main period; individual activity not selected,UNMAPPED_NOT_LIVE_NOT_BOOKABLE
weekday,2027-04-05,2027-04-05,2027-04-09,,Ski Erwachsene Wiedereinsteiger,5255,120min:13,UNMAPPED,UNMAPPED,CANDIDATE_NOT_LIVE_NOT_BOOKABLE,2026-09-30,b5db33ab54a9c9565edd6541461a3b982afc4a5f78ded6bbd833e99ee3f14d67,Ski,Mo-Fr,10:00-12:00|14:00-16:00,30.09 screenshot 20-38-37 Ski main period; individual activity not selected,UNMAPPED_NOT_LIVE_NOT_BOOKABLE
weekday,2027-04-05,2027-04-05,2027-04-09,,Ski Kinder Fortgeschritten,5278,240min:13,UNMAPPED,UNMAPPED,CANDIDATE_NOT_LIVE_NOT_BOOKABLE,2026-09-30,b5db33ab54a9c9565edd6541461a3b982afc4a5f78ded6bbd833e99ee3f14d67,Ski,Mo-Fr,10:00-12:00|14:00-16:00,30.09 screenshot 20-38-37 Ski main period; individual activity not selected,UNMAPPED_NOT_LIVE_NOT_BOOKABLE
weekday,2027-04-05,2027-04-05,2027-04-09,,Ski Roter König/Königin,5253|5258|5267|5278|5284|5294,120min:13;240min:13,UNMAPPED,UNMAPPED,CANDIDATE_NOT_LIVE_NOT_BOOKABLE,2026-09-30,b5db33ab54a9c9565edd6541461a3b982afc4a5f78ded6bbd833e99ee3f14d67,Ski,Mo-Fr,10:00-12:00|14:00-16:00,30.09 screenshot 20-38-37 Ski main period; individual activity not selected,UNMAPPED_NOT_LIVE_NOT_BOOKABLE
weekday,2027-04-05,2027-04-05,2027-04-09,,Ski Roter Prinz/Prinzessin,5253|5258|5267|5278|5284|5294,120min:13;240min:13,UNMAPPED,UNMAPPED,CANDIDATE_NOT_LIVE_NOT_BOOKABLE,2026-09-30,b5db33ab54a9c9565edd6541461a3b982afc4a5f78ded6bbd833e99ee3f14d67,Ski,Mo-Fr,10:00-12:00|14:00-16:00,30.09 screenshot 20-38-37 Ski main period; individual activity not selected,UNMAPPED_NOT_LIVE_NOT_BOOKABLE
weekday,2027-04-05,2027-04-05,2027-04-09,,Ski Roter Star,5253|5258|5267|5278|5284|5294,120min:13;240min:13,UNMAPPED,UNMAPPED,CANDIDATE_NOT_LIVE_NOT_BOOKABLE,2026-09-30,b5db33ab54a9c9565edd6541461a3b982afc4a5f78ded6bbd833e99ee3f14d67,Ski,Mo-Fr,10:00-12:00|14:00-16:00,30.09 screenshot 20-38-37 Ski main period; individual activity not selected,UNMAPPED_NOT_LIVE_NOT_BOOKABLE
weekday,2027-04-05,2027-04-05,2027-04-09,,Ski Schwarzer König/Königin,5278,240min:13,UNMAPPED,UNMAPPED,CANDIDATE_NOT_LIVE_NOT_BOOKABLE,2026-09-30,b5db33ab54a9c9565edd6541461a3b982afc4a5f78ded6bbd833e99ee3f14d67,Ski,Mo-Fr,10:00-12:00|14:00-16:00,30.09 screenshot 20-38-37 Ski main period; individual activity not selected,UNMAPPED_NOT_LIVE_NOT_BOOKABLE
weekday,2027-04-05,2027-04-05,2027-04-09,,Ski Schwarzer Prinz/Prinzessin,5253|5258|5267|5278|5284|5294,120min:13;240min:13,UNMAPPED,UNMAPPED,CANDIDATE_NOT_LIVE_NOT_BOOKABLE,2026-09-30,b5db33ab54a9c9565edd6541461a3b982afc4a5f78ded6bbd833e99ee3f14d67,Ski,Mo-Fr,10:00-12:00|14:00-16:00,30.09 screenshot 20-38-37 Ski main period; individual activity not selected,UNMAPPED_NOT_LIVE_NOT_BOOKABLE
weekday,2027-04-05,2027-04-05,2027-04-09,,Ski Swiss Snow Academy,5253|5258|5267|5278|5284|5294,120min:13;240min:13,UNMAPPED,UNMAPPED,CANDIDATE_NOT_LIVE_NOT_BOOKABLE,2026-09-30,b5db33ab54a9c9565edd6541461a3b982afc4a5f78ded6bbd833e99ee3f14d67,Ski,Mo-Fr,10:00-12:00|14:00-16:00,30.09 screenshot 20-38-37 Ski main period; individual activity not selected,UNMAPPED_NOT_LIVE_NOT_BOOKABLE
weekday,2027-04-05,2027-04-05,2027-04-09,,Ski Swiss Snow Kids Village,5253|5258|5267|5278|5284|5288|5294,120min:13/8;240min:13,UNMAPPED,UNMAPPED,CANDIDATE_NOT_LIVE_NOT_BOOKABLE,2026-09-30,b5db33ab54a9c9565edd6541461a3b982afc4a5f78ded6bbd833e99ee3f14d67,Ski,Mo-Fr,10:00-12:00|14:00-16:00,30.09 screenshot 20-38-37 Ski main period; individual activity not selected,UNMAPPED_NOT_LIVE_NOT_BOOKABLE
weekday,2027-04-05,2027-04-05,2027-04-09,,Ski Windel-Wedelkurs,5254|5263|5273|5281|5288,120min:8,UNMAPPED,UNMAPPED,CANDIDATE_NOT_LIVE_NOT_BOOKABLE,2026-09-30,b5db33ab54a9c9565edd6541461a3b982afc4a5f78ded6bbd833e99ee3f14d67,Ski,Mo-Fr,10:00-12:00,30.09 screenshot 20-38-11 exact activity,UNMAPPED_NOT_LIVE_NOT_BOOKABLE
weekday,2027-04-05,2027-04-05,2027-04-09,,Snowboard Anfänger,5249|5262|5271|5279|5290,120min:10,UNMAPPED,UNMAPPED,CANDIDATE_NOT_LIVE_NOT_BOOKABLE,2026-09-30,b5db33ab54a9c9565edd6541461a3b982afc4a5f78ded6bbd833e99ee3f14d67,Snowboard,Ohne Beschraenkung (Betriebstage nicht bestaetigt),10:00-12:00|14:00-16:00,30.09 screenshot 20-38-46 exact beginner/advanced period; variant not selected,UNMAPPED_NOT_LIVE_NOT_BOOKABLE
weekday,2027-04-05,2027-04-05,2027-04-09,,Snowboard Fortgeschritten,5249|5262|5271|5279|5290,120min:10,UNMAPPED,UNMAPPED,CANDIDATE_NOT_LIVE_NOT_BOOKABLE,2026-09-30,b5db33ab54a9c9565edd6541461a3b982afc4a5f78ded6bbd833e99ee3f14d67,Snowboard,Ohne Beschraenkung (Betriebstage nicht bestaetigt),10:00-12:00|14:00-16:00,30.09 screenshot 20-38-46 exact beginner/advanced period; variant not selected,UNMAPPED_NOT_LIVE_NOT_BOOKABLE
weekday,2027-04-12,2027-04-12,2027-04-15,,Ski Blauer König/Königin,5253|5258|5267|5278|5284|5294,120min:13;240min:13,UNMAPPED,UNMAPPED,CANDIDATE_NOT_LIVE_NOT_BOOKABLE,2026-09-30,b5db33ab54a9c9565edd6541461a3b982afc4a5f78ded6bbd833e99ee3f14d67,Ski,Mo-Fr,10:00-12:00|14:00-16:00,30.09 screenshot 20-38-37 Ski main period; individual activity not selected,UNMAPPED_NOT_LIVE_NOT_BOOKABLE
weekday,2027-04-12,2027-04-12,2027-04-15,,Ski Blauer Prinz/Prinzessin,5253|5258|5267|5278|5284|5294,120min:13;240min:13,UNMAPPED,UNMAPPED,CANDIDATE_NOT_LIVE_NOT_BOOKABLE,2026-09-30,b5db33ab54a9c9565edd6541461a3b982afc4a5f78ded6bbd833e99ee3f14d67,Ski,Mo-Fr,10:00-12:00|14:00-16:00,30.09 screenshot 20-38-37 Ski main period; individual activity not selected,UNMAPPED_NOT_LIVE_NOT_BOOKABLE
weekday,2027-04-12,2027-04-12,2027-04-15,,Ski Blauer Star,5253|5258|5267|5278|5284|5294,120min:13;240min:13,UNMAPPED,UNMAPPED,CANDIDATE_NOT_LIVE_NOT_BOOKABLE,2026-09-30,b5db33ab54a9c9565edd6541461a3b982afc4a5f78ded6bbd833e99ee3f14d67,Ski,Mo-Fr,10:00-12:00|14:00-16:00,30.09 screenshot 20-38-37 Ski main period; individual activity not selected,UNMAPPED_NOT_LIVE_NOT_BOOKABLE
weekday,2027-04-12,2027-04-12,2027-04-15,,Ski Erwachsene Anfänger,5247|5259|5269|5277|5287|5296,120min:13;240min:13,UNMAPPED,UNMAPPED,CANDIDATE_NOT_LIVE_NOT_BOOKABLE,2026-09-30,b5db33ab54a9c9565edd6541461a3b982afc4a5f78ded6bbd833e99ee3f14d67,Ski,Mo-Fr,10:00-12:00|14:00-16:00,30.09 screenshot 20-38-37 Ski main period; individual activity not selected,UNMAPPED_NOT_LIVE_NOT_BOOKABLE
weekday,2027-04-12,2027-04-12,2027-04-15,,Ski Erwachsene Fortgeschritten,5247|5259|5269|5277|5287|5296,120min:13;240min:13,UNMAPPED,UNMAPPED,CANDIDATE_NOT_LIVE_NOT_BOOKABLE,2026-09-30,b5db33ab54a9c9565edd6541461a3b982afc4a5f78ded6bbd833e99ee3f14d67,Ski,Mo-Fr,10:00-12:00|14:00-16:00,30.09 screenshot 20-38-37 Ski main period; individual activity not selected,UNMAPPED_NOT_LIVE_NOT_BOOKABLE
weekday,2027-04-12,2027-04-12,2027-04-15,,Ski Erwachsene Wiedereinsteiger,5255,120min:13,UNMAPPED,UNMAPPED,CANDIDATE_NOT_LIVE_NOT_BOOKABLE,2026-09-30,b5db33ab54a9c9565edd6541461a3b982afc4a5f78ded6bbd833e99ee3f14d67,Ski,Mo-Fr,10:00-12:00|14:00-16:00,30.09 screenshot 20-38-37 Ski main period; individual activity not selected,UNMAPPED_NOT_LIVE_NOT_BOOKABLE
weekday,2027-04-12,2027-04-12,2027-04-15,,Ski Kinder Fortgeschritten,5278,240min:13,UNMAPPED,UNMAPPED,CANDIDATE_NOT_LIVE_NOT_BOOKABLE,2026-09-30,b5db33ab54a9c9565edd6541461a3b982afc4a5f78ded6bbd833e99ee3f14d67,Ski,Mo-Fr,10:00-12:00|14:00-16:00,30.09 screenshot 20-38-37 Ski main period; individual activity not selected,UNMAPPED_NOT_LIVE_NOT_BOOKABLE
weekday,2027-04-12,2027-04-12,2027-04-15,,Ski Roter König/Königin,5253|5258|5267|5278|5284|5294,120min:13;240min:13,UNMAPPED,UNMAPPED,CANDIDATE_NOT_LIVE_NOT_BOOKABLE,2026-09-30,b5db33ab54a9c9565edd6541461a3b982afc4a5f78ded6bbd833e99ee3f14d67,Ski,Mo-Fr,10:00-12:00|14:00-16:00,30.09 screenshot 20-38-37 Ski main period; individual activity not selected,UNMAPPED_NOT_LIVE_NOT_BOOKABLE
weekday,2027-04-12,2027-04-12,2027-04-15,,Ski Roter Prinz/Prinzessin,5253|5258|5267|5278|5284|5294,120min:13;240min:13,UNMAPPED,UNMAPPED,CANDIDATE_NOT_LIVE_NOT_BOOKABLE,2026-09-30,b5db33ab54a9c9565edd6541461a3b982afc4a5f78ded6bbd833e99ee3f14d67,Ski,Mo-Fr,10:00-12:00|14:00-16:00,30.09 screenshot 20-38-37 Ski main period; individual activity not selected,UNMAPPED_NOT_LIVE_NOT_BOOKABLE
weekday,2027-04-12,2027-04-12,2027-04-15,,Ski Roter Star,5253|5258|5267|5278|5284|5294,120min:13;240min:13,UNMAPPED,UNMAPPED,CANDIDATE_NOT_LIVE_NOT_BOOKABLE,2026-09-30,b5db33ab54a9c9565edd6541461a3b982afc4a5f78ded6bbd833e99ee3f14d67,Ski,Mo-Fr,10:00-12:00|14:00-16:00,30.09 screenshot 20-38-37 Ski main period; individual activity not selected,UNMAPPED_NOT_LIVE_NOT_BOOKABLE
weekday,2027-04-12,2027-04-12,2027-04-15,,Ski Schwarzer König/Königin,5278,240min:13,UNMAPPED,UNMAPPED,CANDIDATE_NOT_LIVE_NOT_BOOKABLE,2026-09-30,b5db33ab54a9c9565edd6541461a3b982afc4a5f78ded6bbd833e99ee3f14d67,Ski,Mo-Fr,10:00-12:00|14:00-16:00,30.09 screenshot 20-38-37 Ski main period; individual activity not selected,UNMAPPED_NOT_LIVE_NOT_BOOKABLE
weekday,2027-04-12,2027-04-12,2027-04-15,,Ski Schwarzer Prinz/Prinzessin,5253|5258|5267|5278|5284|5294,120min:13;240min:13,UNMAPPED,UNMAPPED,CANDIDATE_NOT_LIVE_NOT_BOOKABLE,2026-09-30,b5db33ab54a9c9565edd6541461a3b982afc4a5f78ded6bbd833e99ee3f14d67,Ski,Mo-Fr,10:00-12:00|14:00-16:00,30.09 screenshot 20-38-37 Ski main period; individual activity not selected,UNMAPPED_NOT_LIVE_NOT_BOOKABLE
weekday,2027-04-12,2027-04-12,2027-04-15,,Ski Swiss Snow Academy,5253|5258|5267|5278|5284|5294,120min:13;240min:13,UNMAPPED,UNMAPPED,CANDIDATE_NOT_LIVE_NOT_BOOKABLE,2026-09-30,b5db33ab54a9c9565edd6541461a3b982afc4a5f78ded6bbd833e99ee3f14d67,Ski,Mo-Fr,10:00-12:00|14:00-16:00,30.09 screenshot 20-38-37 Ski main period; individual activity not selected,UNMAPPED_NOT_LIVE_NOT_BOOKABLE
weekday,2027-04-12,2027-04-12,2027-04-15,,Ski Swiss Snow Kids Village,5253|5258|5267|5278|5284|5288|5294,120min:13/8;240min:13,UNMAPPED,UNMAPPED,CANDIDATE_NOT_LIVE_NOT_BOOKABLE,2026-09-30,b5db33ab54a9c9565edd6541461a3b982afc4a5f78ded6bbd833e99ee3f14d67,Ski,Mo-Fr,10:00-12:00|14:00-16:00,30.09 screenshot 20-38-37 Ski main period; individual activity not selected,UNMAPPED_NOT_LIVE_NOT_BOOKABLE
weekday,2027-04-12,2027-04-12,2027-04-15,,Ski Windel-Wedelkurs,5254|5263|5273|5281|5288,120min:8,UNMAPPED,UNMAPPED,CANDIDATE_NOT_LIVE_NOT_BOOKABLE,2026-09-30,b5db33ab54a9c9565edd6541461a3b982afc4a5f78ded6bbd833e99ee3f14d67,Ski,Mo-Fr,10:00-12:00,30.09 screenshot 20-38-11 exact activity,UNMAPPED_NOT_LIVE_NOT_BOOKABLE
weekday,2027-04-12,2027-04-12,2027-04-15,,Snowboard Anfänger,5249|5262|5271|5279|5290,120min:10,UNMAPPED,UNMAPPED,CANDIDATE_NOT_LIVE_NOT_BOOKABLE,2026-09-30,b5db33ab54a9c9565edd6541461a3b982afc4a5f78ded6bbd833e99ee3f14d67,Snowboard,Ohne Beschraenkung (Betriebstage nicht bestaetigt),10:00-12:00|14:00-16:00,30.09 screenshot 20-38-46 exact beginner/advanced period; variant not selected,UNMAPPED_NOT_LIVE_NOT_BOOKABLE
weekday,2027-04-12,2027-04-12,2027-04-15,,Snowboard Fortgeschritten,5249|5262|5271|5279|5290,120min:10,UNMAPPED,UNMAPPED,CANDIDATE_NOT_LIVE_NOT_BOOKABLE,2026-09-30,b5db33ab54a9c9565edd6541461a3b982afc4a5f78ded6bbd833e99ee3f14d67,Snowboard,Ohne Beschraenkung (Betriebstage nicht bestaetigt),10:00-12:00|14:00-16:00,30.09 screenshot 20-38-46 exact beginner/advanced period; variant not selected,UNMAPPED_NOT_LIVE_NOT_BOOKABLE
saturday_series,2027-01-04,2027-01-09,2027-02-06,S1,Ski Blauer König/Königin,5252|5257|5266|5275|5286|5295,120min:13;240min:13,UNMAPPED,UNMAPPED,CANDIDATE_NOT_LIVE_NOT_BOOKABLE,2026-09-30,b5db33ab54a9c9565edd6541461a3b982afc4a5f78ded6bbd833e99ee3f14d67,Ski,Sa only,10:00-12:00|14:00-16:00,30.09 screenshot 20-39-09 selected Ski period; other activity/time assignments not complete,UNMAPPED_NOT_LIVE_NOT_BOOKABLE
saturday_series,2027-01-04,2027-01-09,2027-02-06,S1,Ski Blauer Prinz/Prinzessin,5252|5257|5266|5275|5286|5295,120min:13;240min:13,UNMAPPED,UNMAPPED,CANDIDATE_NOT_LIVE_NOT_BOOKABLE,2026-09-30,b5db33ab54a9c9565edd6541461a3b982afc4a5f78ded6bbd833e99ee3f14d67,Ski,Sa only,10:00-12:00|14:00-16:00,30.09 screenshot 20-39-09 selected Ski period; other activity/time assignments not complete,UNMAPPED_NOT_LIVE_NOT_BOOKABLE
saturday_series,2027-01-04,2027-01-09,2027-02-06,S1,Ski Blauer Star,5252|5257|5266|5275|5286|5295,120min:13;240min:13,UNMAPPED,UNMAPPED,CANDIDATE_NOT_LIVE_NOT_BOOKABLE,2026-09-30,b5db33ab54a9c9565edd6541461a3b982afc4a5f78ded6bbd833e99ee3f14d67,Ski,Sa only,10:00-12:00|14:00-16:00,30.09 screenshot 20-39-09 selected Ski period; other activity/time assignments not complete,UNMAPPED_NOT_LIVE_NOT_BOOKABLE
saturday_series,2027-01-04,2027-01-09,2027-02-06,S1,Ski Erwachsene Anfänger,5250|5260|5268|5276|5285|5293,120min:13;240min:13,UNMAPPED,UNMAPPED,CANDIDATE_NOT_LIVE_NOT_BOOKABLE,2026-09-30,b5db33ab54a9c9565edd6541461a3b982afc4a5f78ded6bbd833e99ee3f14d67,Ski,Sa only,10:00-12:00|14:00-16:00,30.09 screenshot 20-39-09 selected Ski period; other activity/time assignments not complete,UNMAPPED_NOT_LIVE_NOT_BOOKABLE
saturday_series,2027-01-04,2027-01-09,2027-02-06,S1,Ski Erwachsene Fortgeschritten,5250|5260|5268|5276|5285|5293,120min:13;240min:13,UNMAPPED,UNMAPPED,CANDIDATE_NOT_LIVE_NOT_BOOKABLE,2026-09-30,b5db33ab54a9c9565edd6541461a3b982afc4a5f78ded6bbd833e99ee3f14d67,Ski,Sa only,10:00-12:00|14:00-16:00,30.09 screenshot 20-39-09 selected Ski period; other activity/time assignments not complete,UNMAPPED_NOT_LIVE_NOT_BOOKABLE
saturday_series,2027-01-04,2027-01-09,2027-02-06,S1,Ski Roter König/Königin,5252|5257|5266|5275|5286|5295,120min:13;240min:13,UNMAPPED,UNMAPPED,CANDIDATE_NOT_LIVE_NOT_BOOKABLE,2026-09-30,b5db33ab54a9c9565edd6541461a3b982afc4a5f78ded6bbd833e99ee3f14d67,Ski,Sa only,10:00-12:00|14:00-16:00,30.09 screenshot 20-39-09 selected Ski period; other activity/time assignments not complete,UNMAPPED_NOT_LIVE_NOT_BOOKABLE
saturday_series,2027-01-04,2027-01-09,2027-02-06,S1,Ski Roter Prinz/Prinzessin,5252|5257|5266|5275|5286|5295,120min:13;240min:13,UNMAPPED,UNMAPPED,CANDIDATE_NOT_LIVE_NOT_BOOKABLE,2026-09-30,b5db33ab54a9c9565edd6541461a3b982afc4a5f78ded6bbd833e99ee3f14d67,Ski,Sa only,10:00-12:00|14:00-16:00,30.09 screenshot 20-39-09 selected Ski period; other activity/time assignments not complete,UNMAPPED_NOT_LIVE_NOT_BOOKABLE
saturday_series,2027-01-04,2027-01-09,2027-02-06,S1,Ski Roter Star,5252|5257|5266|5275|5286|5295,120min:13;240min:13,UNMAPPED,UNMAPPED,CANDIDATE_NOT_LIVE_NOT_BOOKABLE,2026-09-30,b5db33ab54a9c9565edd6541461a3b982afc4a5f78ded6bbd833e99ee3f14d67,Ski,Sa only,10:00-12:00|14:00-16:00,30.09 screenshot 20-39-09 selected Ski period; other activity/time assignments not complete,UNMAPPED_NOT_LIVE_NOT_BOOKABLE
saturday_series,2027-01-04,2027-01-09,2027-02-06,S1,Ski Schwarzer König/Königin,5295,240min:13,UNMAPPED,UNMAPPED,CANDIDATE_NOT_LIVE_NOT_BOOKABLE,2026-09-30,b5db33ab54a9c9565edd6541461a3b982afc4a5f78ded6bbd833e99ee3f14d67,Ski,Sa only,10:00-12:00|14:00-16:00,30.09 screenshot 20-39-09 selected Ski period; other activity/time assignments not complete,UNMAPPED_NOT_LIVE_NOT_BOOKABLE
saturday_series,2027-01-04,2027-01-09,2027-02-06,S1,Ski Schwarzer Prinz/Prinzessin,5252|5257|5266|5275|5286|5295,120min:13;240min:13,UNMAPPED,UNMAPPED,CANDIDATE_NOT_LIVE_NOT_BOOKABLE,2026-09-30,b5db33ab54a9c9565edd6541461a3b982afc4a5f78ded6bbd833e99ee3f14d67,Ski,Sa only,10:00-12:00|14:00-16:00,30.09 screenshot 20-39-09 selected Ski period; other activity/time assignments not complete,UNMAPPED_NOT_LIVE_NOT_BOOKABLE
saturday_series,2027-01-04,2027-01-09,2027-02-06,S1,Ski Swiss Snow Academy,5252|5257|5266|5275|5286|5295,120min:13;240min:13,UNMAPPED,UNMAPPED,CANDIDATE_NOT_LIVE_NOT_BOOKABLE,2026-09-30,b5db33ab54a9c9565edd6541461a3b982afc4a5f78ded6bbd833e99ee3f14d67,Ski,Sa only,10:00-12:00|14:00-16:00,30.09 screenshot 20-39-09 selected Ski period; other activity/time assignments not complete,UNMAPPED_NOT_LIVE_NOT_BOOKABLE
saturday_series,2027-01-04,2027-01-09,2027-02-06,S1,Ski Swiss Snow Kids Village,5252|5257|5266|5275|5286|5295,120min:13;240min:13,UNMAPPED,UNMAPPED,CANDIDATE_NOT_LIVE_NOT_BOOKABLE,2026-09-30,b5db33ab54a9c9565edd6541461a3b982afc4a5f78ded6bbd833e99ee3f14d67,Ski,Sa only,10:00-12:00|14:00-16:00,30.09 screenshot 20-39-09 selected Ski period; other activity/time assignments not complete,UNMAPPED_NOT_LIVE_NOT_BOOKABLE
saturday_series,2027-01-04,2027-01-09,2027-02-06,S1,Ski Windel-Wedelkurs,5251|5261|5270|5280|5289,120min:13,UNMAPPED,UNMAPPED,CANDIDATE_NOT_LIVE_NOT_BOOKABLE,2026-09-30,b5db33ab54a9c9565edd6541461a3b982afc4a5f78ded6bbd833e99ee3f14d67,Ski,Sa only,10:00-12:00|14:00-16:00,30.09 screenshot 20-39-09 selected Ski period; other activity/time assignments not complete,UNMAPPED_NOT_LIVE_NOT_BOOKABLE
saturday_series,2027-01-04,2027-01-09,2027-02-06,S1,Snowboard Anfänger,5248|5264|5272|5282|5291,120min:13,UNMAPPED,UNMAPPED,CANDIDATE_NOT_LIVE_NOT_BOOKABLE,2026-09-30,b5db33ab54a9c9565edd6541461a3b982afc4a5f78ded6bbd833e99ee3f14d67,Snowboard,Sa only,10:00-12:00|14:00-16:00,30.09 screenshot 20-39-09 selected Ski period; other activity/time assignments not complete,UNMAPPED_NOT_LIVE_NOT_BOOKABLE
saturday_series,2027-01-04,2027-01-09,2027-02-06,S1,Snowboard Fortgeschritten,5248|5264|5272|5282|5291,120min:13,UNMAPPED,UNMAPPED,CANDIDATE_NOT_LIVE_NOT_BOOKABLE,2026-09-30,b5db33ab54a9c9565edd6541461a3b982afc4a5f78ded6bbd833e99ee3f14d67,Snowboard,Sa only,10:00-12:00|14:00-16:00,30.09 screenshot 20-39-09 selected Ski period; other activity/time assignments not complete,UNMAPPED_NOT_LIVE_NOT_BOOKABLE
saturday_series,2027-02-15,2027-02-20,2027-03-20,S2,Ski Blauer König/Königin,5252|5257|5266|5275|5286|5295,120min:13;240min:13,UNMAPPED,UNMAPPED,CANDIDATE_NOT_LIVE_NOT_BOOKABLE,2026-09-30,b5db33ab54a9c9565edd6541461a3b982afc4a5f78ded6bbd833e99ee3f14d67,Ski,Sa only,10:00-12:00|14:00-16:00,Owner 01.10 21:09 confirms fixed slot options across Ski/Snowboard; exact activity/slot assignment not selected,UNMAPPED_NOT_LIVE_NOT_BOOKABLE
saturday_series,2027-02-15,2027-02-20,2027-03-20,S2,Ski Blauer Prinz/Prinzessin,5252|5257|5266|5275|5286|5295,120min:13;240min:13,UNMAPPED,UNMAPPED,CANDIDATE_NOT_LIVE_NOT_BOOKABLE,2026-09-30,b5db33ab54a9c9565edd6541461a3b982afc4a5f78ded6bbd833e99ee3f14d67,Ski,Sa only,10:00-12:00|14:00-16:00,Owner 01.10 21:09 confirms fixed slot options across Ski/Snowboard; exact activity/slot assignment not selected,UNMAPPED_NOT_LIVE_NOT_BOOKABLE
saturday_series,2027-02-15,2027-02-20,2027-03-20,S2,Ski Blauer Star,5252|5257|5266|5275|5286|5295,120min:13;240min:13,UNMAPPED,UNMAPPED,CANDIDATE_NOT_LIVE_NOT_BOOKABLE,2026-09-30,b5db33ab54a9c9565edd6541461a3b982afc4a5f78ded6bbd833e99ee3f14d67,Ski,Sa only,10:00-12:00|14:00-16:00,Owner 01.10 21:09 confirms fixed slot options across Ski/Snowboard; exact activity/slot assignment not selected,UNMAPPED_NOT_LIVE_NOT_BOOKABLE
saturday_series,2027-02-15,2027-02-20,2027-03-20,S2,Ski Erwachsene Anfänger,5250|5260|5268|5276|5285|5293,120min:13;240min:13,UNMAPPED,UNMAPPED,CANDIDATE_NOT_LIVE_NOT_BOOKABLE,2026-09-30,b5db33ab54a9c9565edd6541461a3b982afc4a5f78ded6bbd833e99ee3f14d67,Ski,Sa only,10:00-12:00|14:00-16:00,Owner 01.10 21:09 confirms fixed slot options across Ski/Snowboard; exact activity/slot assignment not selected,UNMAPPED_NOT_LIVE_NOT_BOOKABLE
saturday_series,2027-02-15,2027-02-20,2027-03-20,S2,Ski Erwachsene Fortgeschritten,5250|5260|5268|5276|5285|5293,120min:13;240min:13,UNMAPPED,UNMAPPED,CANDIDATE_NOT_LIVE_NOT_BOOKABLE,2026-09-30,b5db33ab54a9c9565edd6541461a3b982afc4a5f78ded6bbd833e99ee3f14d67,Ski,Sa only,10:00-12:00|14:00-16:00,Owner 01.10 21:09 confirms fixed slot options across Ski/Snowboard; exact activity/slot assignment not selected,UNMAPPED_NOT_LIVE_NOT_BOOKABLE
saturday_series,2027-02-15,2027-02-20,2027-03-20,S2,Ski Roter König/Königin,5252|5257|5266|5275|5286|5295,120min:13;240min:13,UNMAPPED,UNMAPPED,CANDIDATE_NOT_LIVE_NOT_BOOKABLE,2026-09-30,b5db33ab54a9c9565edd6541461a3b982afc4a5f78ded6bbd833e99ee3f14d67,Ski,Sa only,10:00-12:00|14:00-16:00,Owner 01.10 21:09 confirms fixed slot options across Ski/Snowboard; exact activity/slot assignment not selected,UNMAPPED_NOT_LIVE_NOT_BOOKABLE
saturday_series,2027-02-15,2027-02-20,2027-03-20,S2,Ski Roter Prinz/Prinzessin,5252|5257|5266|5275|5286|5295,120min:13;240min:13,UNMAPPED,UNMAPPED,CANDIDATE_NOT_LIVE_NOT_BOOKABLE,2026-09-30,b5db33ab54a9c9565edd6541461a3b982afc4a5f78ded6bbd833e99ee3f14d67,Ski,Sa only,10:00-12:00|14:00-16:00,Owner 01.10 21:09 confirms fixed slot options across Ski/Snowboard; exact activity/slot assignment not selected,UNMAPPED_NOT_LIVE_NOT_BOOKABLE
saturday_series,2027-02-15,2027-02-20,2027-03-20,S2,Ski Roter Star,5252|5257|5266|5275|5286|5295,120min:13;240min:13,UNMAPPED,UNMAPPED,CANDIDATE_NOT_LIVE_NOT_BOOKABLE,2026-09-30,b5db33ab54a9c9565edd6541461a3b982afc4a5f78ded6bbd833e99ee3f14d67,Ski,Sa only,10:00-12:00|14:00-16:00,Owner 01.10 21:09 confirms fixed slot options across Ski/Snowboard; exact activity/slot assignment not selected,UNMAPPED_NOT_LIVE_NOT_BOOKABLE
saturday_series,2027-02-15,2027-02-20,2027-03-20,S2,Ski Schwarzer König/Königin,5295,240min:13,UNMAPPED,UNMAPPED,CANDIDATE_NOT_LIVE_NOT_BOOKABLE,2026-09-30,b5db33ab54a9c9565edd6541461a3b982afc4a5f78ded6bbd833e99ee3f14d67,Ski,Sa only,10:00-12:00|14:00-16:00,Owner 01.10 21:09 confirms fixed slot options across Ski/Snowboard; exact activity/slot assignment not selected,UNMAPPED_NOT_LIVE_NOT_BOOKABLE
saturday_series,2027-02-15,2027-02-20,2027-03-20,S2,Ski Schwarzer Prinz/Prinzessin,5252|5257|5266|5275|5286|5295,120min:13;240min:13,UNMAPPED,UNMAPPED,CANDIDATE_NOT_LIVE_NOT_BOOKABLE,2026-09-30,b5db33ab54a9c9565edd6541461a3b982afc4a5f78ded6bbd833e99ee3f14d67,Ski,Sa only,10:00-12:00|14:00-16:00,Owner 01.10 21:09 confirms fixed slot options across Ski/Snowboard; exact activity/slot assignment not selected,UNMAPPED_NOT_LIVE_NOT_BOOKABLE
saturday_series,2027-02-15,2027-02-20,2027-03-20,S2,Ski Swiss Snow Academy,5252|5257|5266|5275|5286|5295,120min:13;240min:13,UNMAPPED,UNMAPPED,CANDIDATE_NOT_LIVE_NOT_BOOKABLE,2026-09-30,b5db33ab54a9c9565edd6541461a3b982afc4a5f78ded6bbd833e99ee3f14d67,Ski,Sa only,10:00-12:00|14:00-16:00,Owner 01.10 21:09 confirms fixed slot options across Ski/Snowboard; exact activity/slot assignment not selected,UNMAPPED_NOT_LIVE_NOT_BOOKABLE
saturday_series,2027-02-15,2027-02-20,2027-03-20,S2,Ski Swiss Snow Kids Village,5252|5257|5266|5275|5286|5295,120min:13;240min:13,UNMAPPED,UNMAPPED,CANDIDATE_NOT_LIVE_NOT_BOOKABLE,2026-09-30,b5db33ab54a9c9565edd6541461a3b982afc4a5f78ded6bbd833e99ee3f14d67,Ski,Sa only,10:00-12:00|14:00-16:00,Owner 01.10 21:09 confirms fixed slot options across Ski/Snowboard; exact activity/slot assignment not selected,UNMAPPED_NOT_LIVE_NOT_BOOKABLE
saturday_series,2027-02-15,2027-02-20,2027-03-20,S2,Ski Windel-Wedelkurs,5251|5261|5270|5280|5289,120min:13,UNMAPPED,UNMAPPED,CANDIDATE_NOT_LIVE_NOT_BOOKABLE,2026-09-30,b5db33ab54a9c9565edd6541461a3b982afc4a5f78ded6bbd833e99ee3f14d67,Ski,Sa only,10:00-12:00|14:00-16:00,Owner 01.10 21:09 confirms fixed slot options across Ski/Snowboard; exact activity/slot assignment not selected,UNMAPPED_NOT_LIVE_NOT_BOOKABLE
saturday_series,2027-02-15,2027-02-20,2027-03-20,S2,Snowboard Anfänger,5248|5264|5272|5282|5291,120min:13,UNMAPPED,UNMAPPED,CANDIDATE_NOT_LIVE_NOT_BOOKABLE,2026-09-30,b5db33ab54a9c9565edd6541461a3b982afc4a5f78ded6bbd833e99ee3f14d67,Snowboard,Sa only,10:00-12:00|14:00-16:00,Owner 01.10 21:09 confirms fixed slot options across Ski/Snowboard; exact activity/slot assignment not selected,UNMAPPED_NOT_LIVE_NOT_BOOKABLE
saturday_series,2027-02-15,2027-02-20,2027-03-20,S2,Snowboard Fortgeschritten,5248|5264|5272|5282|5291,120min:13,UNMAPPED,UNMAPPED,CANDIDATE_NOT_LIVE_NOT_BOOKABLE,2026-09-30,b5db33ab54a9c9565edd6541461a3b982afc4a5f78ded6bbd833e99ee3f14d67,Snowboard,Sa only,10:00-12:00|14:00-16:00,Owner 01.10 21:09 confirms fixed slot options across Ski/Snowboard; exact activity/slot assignment not selected,UNMAPPED_NOT_LIVE_NOT_BOOKABLE
